,INST,EPXX,EPYY,EPZZ,EPXY,EPXZ,EPYZ,SIXX,SIYY,SIZZ,SIXY,SIXZ,SIYZ,EPXX_EL,EPYY_EL,EPZZ_EL,EPXY_EL,EPXZ_EL,EPYZ_EL,LAMBDA,GAMMAP,NITER,IP,EVP,TIME,E_STORED,E_DISSIPATED
0,0.0,0.0,0.0,0.0,0.0,0.0,0.0,0.0,0.0,0.0,0.0,0.0,0.0,0.0,0.0,0.0,0.0,0.0,0.0,0.0,0.0,0.0,0.0,0.0,0.0,0.0,0.0
1,40.0,-0.000222222222222222,-0.000222222222222222,-0.000222222222222222,0.0,0.0,0.0,-4000000.0,-4000000.0,-4000000.0,0.0,0.0,0.0,-0.000222222222222222,-0.000222222222222222,-0.000222222222222222,0.0,0.0,0.0,0.0,0.0,2.0,0.0,0.0,40.0,0.0,0.0
2,41.2,-0.000192444444444444,-0.000192444444444444,-0.000341333333333333,0.0,0.0,0.0,-4000000.0,-4000000.0,-5072000.0,0.0,0.0,0.0,-0.000192444444444444,-0.000192444444444444,-0.000341333333333334,0.0,0.0,0.0,0.0,0.0,2.0,0.0,0.0,1.2,0.0,0.0
3,42.4,-0.000162666666666666,-0.000162666666666667,-0.000460444444444444,0.0,0.0,0.0,-4000000.0,-4000000.0,-6144000.0,0.0,0.0,0.0,-0.000162666666666667,-0.000162666666666667,-0.000460444444444444,0.0,0.0,0.0,0.0,0.0,2.0,0.0,0.0,2.4,0.0,0.0
4,43.6,-0.000132888888888889,-0.000132888888888889,-0.000579555555555555,0.0,0.0,0.0,-4000000.0,-4000000.0,-7216000.0,0.0,0.0,0.0,-0.000132888888888889,-0.000132888888888889,-0.000579555555555556,0.0,0.0,0.0,0.0,0.0,2.0,0.0,0.0,3.6,0.0,0.0
5,44.8,-0.000103111111111111,-0.000103111111111111,-0.000698666666666666,0.0,0.0,0.0,-4000000.0,-4000000.0,-8288000.0,0.0,0.0,0.0,-0.000103111111111111,-0.000103111111111111,-0.000698666666666666,0.0,0.0,0.0,0.0,0.0,2.0,0.0,0.0,4.8,0.0,0.0
6,46.0,-7.33333333333332e-05,-7.33333333333332e-05,-0.000817777777777778,0.0,0.0,0.0,-4000000.0,-4000000.0,-9360000.0,0.0,0.0,0.0,-7.33333333333334e-05,-7.33333333333334e-05,-0.000817777777777778,0.0,0.0,0.0,0.0,0.0,2.0,0.0,0.0,6.0,0.0,0.0
7,47.2,-4.35555555555553e-05,-4.35555555555553e-05,-0.000936888888888889,0.0,0.0,0.0,-4000000.0,-4000000.0,-10432000.0,0.0,0.0,0.0,-4.35555555555555e-05,-4.35555555555555e-05,-0.000936888888888889,0.0,0.0,0.0,0.0,0.0,2.0,0.0,0.0,7.2,0.0,0.0
8,48.4,-1.37777777777776e-05,-1.37777777777776e-05,-0.001056,0.0,0.0,0.0,-4000000.0,-4000000.0,-11504000.0,0.0,0.0,0.0,-1.37777777777778e-05,-1.37777777777778e-05,-0.001056,0.0,0.0,0.0,0.0,0.0,2.0,0.0,0.0,8.4,0.0,0.0
9,49.6,1.60000000000003e-05,1.60000000000002e-05,-0.00117511111111111,0.0,0.0,0.0,-4000000.0,-4000000.0,-12576000.0,0.0,0.0,0.0,1.6e-05,1.60000000000001e-05,-0.00117511111111111,0.0,0.0,0.0,0.0,0.0,2.0,0.0,0.0,9.6,0.0,0.0
10,50.8,4.5777777777778e-05,4.57777777777779e-05,-0.00129422222222222,0.0,0.0,0.0,-4000000.0,-4000000.0,-13648000.0,0.0,0.0,0.0,4.57777777777777e-05,4.57777777777777e-05,-0.00129422222222222,0.0,0.0,0.0,0.0,0.0,2.0,0.0,0.0,10.8,0.0,0.0
11,52.0,7.55555555555558e-05,7.55555555555557e-05,-0.00141333333333333,0.0,0.0,0.0,-4000000.0,-4000000.0,-14720000.0,0.0,0.0,0.0,7.55555555555556e-05,7.55555555555556e-05,-0.00141333333333333,0.0,0.0,0.0,0.0,0.0,2.0,0.0,0.0,12.0,0.0,0.0
12,53.2,0.000105333333333334,0.000105333333333334,-0.00153244444444444,0.0,0.0,0.0,-4000000.0,-4000000.0,-15792000.0,0.0,0.0,0.0,0.000105333333333333,0.000105333333333333,-0.00153244444444444,0.0,0.0,0.0,0.0,0.0,2.0,0.0,0.0,13.2,0.0,0.0
13,54.4,0.000135111111111111,0.000135111111111111,-0.00165155555555556,0.0,0.0,0.0,-4000000.0,-4000000.0,-16864000.0,0.0,0.0,0.0,0.000135111111111111,0.000135111111111111,-0.00165155555555556,0.0,0.0,0.0,0.0,0.0,2.0,0.0,0.0,14.4,0.0,0.0
14,55.6,0.000208220429412846,0.000208220429412846,-0.00177066666666667,0.0,0.0,0.0,-4000000.0,-4000000.0,-17332385.6041954,0.0,0.0,0.0,0.000148121822338761,0.000148121822338761,-0.00170359840046615,0.0,0.0,0.0,0.000143600103904008,8.47779155163986e-05,2.0,1.0,5.31289479476573e-05,15.6,0.0,0.0
15,56.8,0.000314953647227408,0.000314953647227408,-0.00188977777777778,0.0,0.0,0.0,-4000000.0,-4000000.0,-17332385.6041954,0.0,0.0,0.0,0.000148121822338761,0.000148121822338761,-0.00170359840046615,0.0,0.0,0.0,0.000398629328612765,0.000235340801466847,2.0,1.0,0.000147484272465669,16.8,0.0,0.0
16,58.0,0.00042168686504197,0.00042168686504197,-0.00200888888888889,0.0,0.0,0.0,-4000000.0,-4000000.0,-17332385.6041954,0.0,0.0,0.0,0.000148121822338761,0.000148121822338761,-0.00170359840046615,0.0,0.0,0.0,0.000653658553321524,0.000385903687417296,2.0,1.0,0.000241839596983682,18.0,0.0,0.0
17,59.2,0.000528420082856532,0.000528420082856532,-0.002128,0.0,0.0,0.0,-4000000.0,-4000000.0,-17332385.6041954,0.0,0.0,0.0,0.000148121822338761,0.000148121822338761,-0.00170359840046615,0.0,0.0,0.0,0.000908687778030283,0.000536466573367745,2.0,1.0,0.000336194921501695,19.2,0.0,0.0
18,60.4,0.000635153300671094,0.000635153300671094,-0.00224711111111111,0.0,0.0,0.0,-4000000.0,-4000000.0,-17332385.6041954,0.0,0.0,0.0,0.000148121822338761,0.000148121822338761,-0.00170359840046615,0.0,0.0,0.0,0.00116371700273904,0.000687029459318193,2.0,1.0,0.000430550246019708,20.4,0.0,0.0
19,61.6,0.000741886518485656,0.000741886518485655,-0.00236622222222222,0.0,0.0,0.0,-4000000.0,-4000000.0,-17332385.6041954,0.0,0.0,0.0,0.000148121822338761,0.000148121822338761,-0.00170359840046615,0.0,0.0,0.0,0.0014187462274478,0.000837592345268642,2.0,1.0,0.00052490557053772,21.6,0.0,0.0
20,62.8,0.000848619736300217,0.000848619736300217,-0.00248533333333333,0.0,0.0,0.0,-4000000.0,-4000000.0,-17332385.6041954,0.0,0.0,0.0,0.000148121822338761,0.000148121822338761,-0.00170359840046615,0.0,0.0,0.0,0.00167377545215656,0.00098815523121909,2.0,1.0,0.000619260895055732,22.8,0.0,0.0
21,64.0,0.000955352954114779,0.000955352954114779,-0.00260444444444444,0.0,0.0,0.0,-4000000.0,-4000000.0,-17332385.6041954,0.0,0.0,0.0,0.000148121822338761,0.000148121822338761,-0.00170359840046615,0.0,0.0,0.0,0.00192880467686532,0.00113871811716954,2.0,1.0,0.000713616219573745,24.0,0.0,0.0
22,65.2,0.00106208617192934,0.00106208617192934,-0.00272355555555556,0.0,0.0,0.0,-4000000.0,-4000000.0,-17332385.6041954,0.0,0.0,0.0,0.000148121822338761,0.000148121822338761,-0.00170359840046615,0.0,0.0,0.0,0.00218383390157407,0.00128928100311999,2.0,1.0,0.000807971544091758,25.2,0.0,0.0
23,66.4,0.0011688193897439,0.0011688193897439,-0.00284266666666667,0.0,0.0,0.0,-4000000.0,-4000000.0,-17332385.6041954,0.0,0.0,0.0,0.000148121822338761,0.000148121822338761,-0.00170359840046615,0.0,0.0,0.0,0.00243886312628283,0.00143984388907044,2.0,1.0,0.000902326868609771,26.4,0.0,0.0
24,67.6,0.00127555260755846,0.00127555260755846,-0.00296177777777778,0.0,0.0,0.0,-4000000.0,-4000000.0,-17332385.6041954,0.0,0.0,0.0,0.000148121822338761,0.000148121822338761,-0.00170359840046615,0.0,0.0,0.0,0.00269389235099159,0.00159040677502088,2.0,1.0,0.000996682193127782,27.6,0.0,0.0
25,68.8,0.00138228582537303,0.00138228582537303,-0.00308088888888889,0.0,0.0,0.0,-4000000.0,-4000000.0,-17332385.6041954,0.0,0.0,0.0,0.000148121822338761,0.000148121822338761,-0.00170359840046615,0.0,0.0,0.0,0.00294892157570035,0.00174096966097133,2.0,1.0,0.00109103751764579,28.8,0.0,0.0
26,70.0,0.00148901904318759,0.00148901904318759,-0.0032,0.0,0.0,0.0,-4000000.0,-4000000.0,-17332385.6041954,0.0,0.0,0.0,0.000148121822338761,0.000148121822338761,-0.00170359840046615,0.0,0.0,0.0,0.00320395080040911,0.00189153254692178,2.0,1.0,0.00118539284216381,30.0,0.0,0.0
27,71.2,0.00159575226100215,0.00159575226100215,-0.00331911111111111,0.0,0.0,0.0,-4000000.0,-4000000.0,-17332385.6041954,0.0,0.0,0.0,0.000148121822338761,0.000148121822338761,-0.00170359840046615,0.0,0.0,0.0,0.00345898002511786,0.00204209543287223,2.0,1.0,0.00127974816668182,31.2,0.0,0.0
28,72.4,0.00170248547881671,0.00170248547881671,-0.00343822222222222,0.0,0.0,0.0,-4000000.0,-4000000.0,-17332385.6041954,0.0,0.0,0.0,0.000148121822338761,0.000148121822338761,-0.00170359840046615,0.0,0.0,0.0,0.00371400924982662,0.00219265831882268,2.0,1.0,0.00137410349119983,32.4,0.0,0.0
29,73.6,0.00180921869663127,0.00180921869663127,-0.00355733333333333,0.0,0.0,0.0,-4000000.0,-4000000.0,-17332385.6041954,0.0,0.0,0.0,0.000148121822338761,0.000148121822338761,-0.00170359840046615,0.0,0.0,0.0,0.00396903847453538,0.00234322120477313,2.0,1.0,0.00146845881571785,33.6,0.0,0.0
30,74.8,0.00191595191444584,0.00191595191444584,-0.00367644444444444,0.0,0.0,0.0,-4000000.0,-4000000.0,-17332385.6041954,0.0,0.0,0.0,0.000148121822338761,0.000148121822338761,-0.00170359840046615,0.0,0.0,0.0,0.00422406769924414,0.00249378409072358,2.0,1.0,0.00156281414023586,34.8,0.0,0.0
31,76.0,0.0020226851322604,0.0020226851322604,-0.00379555555555556,0.0,0.0,0.0,-4000000.0,-4000000.0,-17332385.6041954,0.0,0.0,0.0,0.000148121822338761,0.000148121822338761,-0.00170359840046615,0.0,0.0,0.0,0.0044790969239529,0.00264434697667402,2.0,1.0,0.00165716946475387,36.0,0.0,0.0
32,77.2,0.00212941835007496,0.00212941835007496,-0.00391466666666667,0.0,0.0,0.0,-4000000.0,-4000000.0,-17332385.6041954,0.0,0.0,0.0,0.000148121822338761,0.000148121822338761,-0.00170359840046615,0.0,0.0,0.0,0.00473412614866165,0.00279490986262447,2.0,1.0,0.00175152478927188,37.2,0.0,0.0
33,78.4,0.00223615156788952,0.00223615156788952,-0.00403377777777778,0.0,0.0,0.0,-4000000.0,-4000000.0,-17332385.6041954,0.0,0.0,0.0,0.000148121822338761,0.00014812182233876,-0.00170359840046615,0.0,0.0,0.0,0.00498915537337041,0.00294547274857492,2.0,1.0,0.0018458801137899,38.4,0.0,0.0
34,79.6,0.00234288478570408,0.00234288478570408,-0.00415288888888889,0.0,0.0,0.0,-4000000.0,-4000000.0,-17332385.6041954,0.0,0.0,0.0,0.000148121822338761,0.000148121822338761,-0.00170359840046615,0.0,0.0,0.0,0.00524418459807917,0.00309603563452537,2.0,1.0,0.00194023543830791,39.6,0.0,0.0
35,80.8,0.00244961800351864,0.00244961800351864,-0.004272,0.0,0.0,0.0,-4000000.0,-4000000.0,-17332385.6041954,0.0,0.0,0.0,0.000148121822338761,0.000148121822338761,-0.00170359840046615,0.0,0.0,0.0,0.00549921382278793,0.00324659852047582,2.0,1.0,0.00203459076282592,40.8,0.0,0.0
36,82.0,0.00255635122133321,0.00255635122133321,-0.00439111111111111,0.0,0.0,0.0,-4000000.0,-4000000.0,-17332385.6041954,0.0,0.0,0.0,0.000148121822338761,0.000148121822338761,-0.00170359840046615,0.0,0.0,0.0,0.00575424304749669,0.00339716140642627,2.0,1.0,0.00212894608734393,42.0,0.0,0.0
37,83.2,0.00266308443914777,0.00266308443914777,-0.00451022222222222,0.0,0.0,0.0,-4000000.0,-4000000.0,-17332385.6041954,0.0,0.0,0.0,0.000148121822338761,0.000148121822338761,-0.00170359840046615,0.0,0.0,0.0,0.00600927227220544,0.00354772429237671,2.0,1.0,0.00222330141186194,43.2,0.0,0.0
38,84.4,0.00276981765696233,0.00276981765696233,-0.00462933333333333,0.0,0.0,0.0,-4000000.0,-4000000.0,-17332385.6041954,0.0,0.0,0.0,0.000148121822338761,0.000148121822338761,-0.00170359840046615,0.0,0.0,0.0,0.0062643014969142,0.00369828717832716,2.0,1.0,0.00231765673637996,44.4,0.0,0.0
39,85.6,0.00287655087477689,0.00287655087477689,-0.00474844444444444,0.0,0.0,0.0,-4000000.0,-4000000.0,-17332385.6041954,0.0,0.0,0.0,0.000148121822338761,0.000148121822338761,-0.00170359840046615,0.0,0.0,0.0,0.00651933072162296,0.00384885006427761,2.0,1.0,0.00241201206089797,45.6,0.0,0.0
40,86.8,0.00298328409259145,0.00298328409259145,-0.00486755555555555,0.0,0.0,0.0,-4000000.0,-4000000.0,-17332385.6041954,0.0,0.0,0.0,0.000148121822338761,0.000148121822338761,-0.00170359840046615,0.0,0.0,0.0,0.00677435994633172,0.00399941295022806,2.0,1.0,0.00250636738541598,46.8,0.0,0.0
41,88.0,0.00309001731040601,0.00309001731040601,-0.00498666666666667,0.0,0.0,0.0,-4000000.0,-4000000.0,-17332385.6041954,0.0,0.0,0.0,0.000148121822338761,0.000148121822338761,-0.00170359840046615,0.0,0.0,0.0,0.00702938917104048,0.00414997583617851,2.0,1.0,0.002600722709934,48.0,0.0,0.0
42,89.2,0.00319675052822058,0.00319675052822058,-0.00510577777777778,0.0,0.0,0.0,-4000000.0,-4000000.0,-17332385.6041954,0.0,0.0,0.0,0.000148121822338761,0.000148121822338761,-0.00170359840046615,0.0,0.0,0.0,0.00728441839574923,0.00430053872212896,2.0,1.0,0.00269507803445201,49.2,0.0,0.0
43,90.4,0.00330348374603514,0.00330348374603514,-0.00522488888888889,0.0,0.0,0.0,-4000000.0,-4000000.0,-17332385.6041954,0.0,0.0,0.0,0.000148121822338761,0.000148121822338761,-0.00170359840046615,0.0,0.0,0.0,0.00753944762045799,0.00445110160807941,2.0,1.0,0.00278943335897002,50.4,0.0,0.0
44,91.6,0.0034102169638497,0.0034102169638497,-0.005344,0.0,0.0,0.0,-4000000.0,-4000000.0,-17332385.6041954,0.0,0.0,0.0,0.000148121822338761,0.000148121822338761,-0.00170359840046615,0.0,0.0,0.0,0.00779447684516675,0.00460166449402985,2.0,1.0,0.00288378868348803,51.6,0.0,0.0
45,92.8,0.00351695018166426,0.00351695018166426,-0.00546311111111111,0.0,0.0,0.0,-4000000.0,-4000000.0,-17332385.6041954,0.0,0.0,0.0,0.000148121822338761,0.000148121822338761,-0.00170359840046615,0.0,0.0,0.0,0.00804950606987551,0.0047522273799803,2.0,1.0,0.00297814400800605,52.8,0.0,0.0
46,94.0,0.00362368339947882,0.00362368339947882,-0.00558222222222222,0.0,0.0,0.0,-4000000.0,-4000000.0,-17332385.6041954,0.0,0.0,0.0,0.000148121822338761,0.000148121822338761,-0.00170359840046615,0.0,0.0,0.0,0.00830453529458427,0.00490279026593075,2.0,1.0,0.00307249933252406,54.0,0.0,0.0
47,95.2,0.00373041661729338,0.00373041661729338,-0.00570133333333333,0.0,0.0,0.0,-4000000.0,-4000000.0,-17332385.6041954,0.0,0.0,0.0,0.000148121822338761,0.000148121822338761,-0.00170359840046615,0.0,0.0,0.0,0.00855956451929302,0.0050533531518812,2.0,1.0,0.00316685465704207,55.2,0.0,0.0
48,96.4,0.00383714983510795,0.00383714983510795,-0.00582044444444444,0.0,0.0,0.0,-4000000.0,-4000000.0,-17332385.6041954,0.0,0.0,0.0,0.000148121822338761,0.000148121822338761,-0.00170359840046615,0.0,0.0,0.0,0.00881459374400178,0.00520391603783165,2.0,1.0,0.00326120998156008,56.4,0.0,0.0
49,97.6,0.00394388305292251,0.00394388305292251,-0.00593955555555555,0.0,0.0,0.0,-4000000.0,-4000000.0,-17332385.6041954,0.0,0.0,0.0,0.00014812182233876,0.000148121822338761,-0.00170359840046615,0.0,0.0,0.0,0.00906962296871054,0.0053544789237821,2.0,1.0,0.0033555653060781,57.6,0.0,0.0
50,98.8,0.00405061627073707,0.00405061627073707,-0.00605866666666667,0.0,0.0,0.0,-4000000.0,-4000000.0,-17332385.6041954,0.0,0.0,0.0,0.000148121822338761,0.00014812182233876,-0.00170359840046615,0.0,0.0,0.0,0.0093246521934193,0.00550504180973255,2.0,1.0,0.00344992063059611,58.8,0.0,0.0
51,100.0,0.00415734948855163,0.00415734948855163,-0.00617777777777778,0.0,0.0,0.0,-4000000.0,-4000000.0,-17332385.6041954,0.0,0.0,0.0,0.000148121822338761,0.00014812182233876,-0.00170359840046615,0.0,0.0,0.0,0.00957968141812806,0.005655604695683,2.0,1.0,0.00354427595511412,60.0,0.0,0.0
52,101.2,0.00426408270636619,0.00426408270636619,-0.00629688888888889,0.0,0.0,0.0,-4000000.0,-4000000.0,-17332385.6041954,0.0,0.0,0.0,0.00014812182233876,0.000148121822338761,-0.00170359840046615,0.0,0.0,0.0,0.00983471064283681,0.00580616758163344,2.0,1.0,0.00363863127963213,61.2,0.0,0.0
53,102.4,0.00437081592418076,0.00437081592418076,-0.006416,0.0,0.0,0.0,-4000000.0,-4000000.0,-17332385.6041954,0.0,0.0,0.0,0.00014812182233876,0.000148121822338761,-0.00170359840046615,0.0,0.0,0.0,0.0100897398675456,0.00595673046758389,2.0,1.0,0.00373298660415015,62.4,0.0,0.0
54,103.6,0.00447754914199532,0.00447754914199532,-0.00653511111111111,0.0,0.0,0.0,-4000000.0,-4000000.0,-17332385.6041954,0.0,0.0,0.0,0.000148121822338761,0.00014812182233876,-0.00170359840046615,0.0,0.0,0.0,0.0103447690922543,0.00610729335353434,2.0,1.0,0.00382734192866816,63.6,0.0,0.0
55,104.8,0.00458428235980988,0.00458428235980988,-0.00665422222222222,0.0,0.0,0.0,-4000000.0,-4000000.0,-17332385.6041954,0.0,0.0,0.0,0.000148121822338761,0.00014812182233876,-0.00170359840046615,0.0,0.0,0.0,0.0105997983169631,0.00625785623948479,2.0,1.0,0.00392169725318617,64.8,0.0,0.0
56,106.0,0.00469101557762444,0.00469101557762444,-0.00677333333333333,0.0,0.0,0.0,-4000000.0,-4000000.0,-17332385.6041954,0.0,0.0,0.0,0.000148121822338761,0.00014812182233876,-0.00170359840046615,0.0,0.0,0.0,0.0108548275416719,0.00640841912543524,2.0,1.0,0.00401605257770418,66.0,0.0,0.0
57,107.2,0.004797748795439,0.004797748795439,-0.00689244444444444,0.0,0.0,0.0,-4000000.0,-4000000.0,-17332385.6041954,0.0,0.0,0.0,0.00014812182233876,0.000148121822338761,-0.00170359840046615,0.0,0.0,0.0,0.0111098567663806,0.00655898201138569,2.0,1.0,0.0041104079022222,67.2,0.0,0.0
58,108.4,0.00490448201325356,0.00490448201325357,-0.00701155555555555,0.0,0.0,0.0,-4000000.0,-4000000.0,-17332385.6041954,0.0,0.0,0.0,0.000148121822338761,0.000148121822338761,-0.00170359840046615,0.0,0.0,0.0,0.0113648859910894,0.00670954489733614,2.0,1.0,0.00420476322674021,68.4,0.0,0.0
59,109.6,0.00501121523106813,0.00501121523106813,-0.00713066666666667,0.0,0.0,0.0,-4000000.0,-4000000.0,-17332385.6041954,0.0,0.0,0.0,0.000148121822338761,0.00014812182233876,-0.00170359840046615,0.0,0.0,0.0,0.0116199152157981,0.00686010778328658,2.0,1.0,0.00429911855125822,69.6,0.0,0.0
60,110.8,0.00511794844888269,0.00511794844888269,-0.00724977777777778,0.0,0.0,0.0,-4000000.0,-4000000.0,-17332385.6041954,0.0,0.0,0.0,0.00014812182233876,0.000148121822338761,-0.00170359840046615,0.0,0.0,0.0,0.0118749444405069,0.00701067066923703,2.0,1.0,0.00439347387577623,70.8,0.0,0.0
61,112.0,0.00522468166669725,0.00522468166669725,-0.00736888888888889,0.0,0.0,0.0,-4000000.0,-4000000.0,-17332385.6041954,0.0,0.0,0.0,0.000148121822338761,0.00014812182233876,-0.00170359840046615,0.0,0.0,0.0,0.0121299736652156,0.00716123355518748,2.0,1.0,0.00448782920029425,72.0,0.0,0.0
62,113.2,0.00533141488451181,0.00533141488451181,-0.007488,0.0,0.0,0.0,-4000000.0,-4000000.0,-17332385.6041954,0.0,0.0,0.0,0.000148121822338761,0.000148121822338761,-0.00170359840046615,0.0,0.0,0.0,0.0123850028899244,0.00731179644113793,2.0,1.0,0.00458218452481226,73.2,0.0,0.0
63,114.4,0.00543814810232637,0.00543814810232638,-0.00760711111111111,0.0,0.0,0.0,-4000000.0,-4000000.0,-17332385.6041954,0.0,0.0,0.0,0.00014812182233876,0.000148121822338761,-0.00170359840046615,0.0,0.0,0.0,0.0126400321146332,0.00746235932708838,2.0,1.0,0.00467653984933027,74.4,0.0,0.0
64,115.6,0.00554488132014094,0.00554488132014094,-0.00772622222222222,0.0,0.0,0.0,-4000000.0,-4000000.0,-17332385.6041954,0.0,0.0,0.0,0.000148121822338761,0.00014812182233876,-0.00170359840046615,0.0,0.0,0.0,0.0128950613393419,0.00761292221303883,2.0,1.0,0.00477089517384828,75.6,0.0,0.0
65,116.8,0.0056516145379555,0.0056516145379555,-0.00784533333333333,0.0,0.0,0.0,-4000000.0,-4000000.0,-17332385.6041954,0.0,0.0,0.0,0.000148121822338761,0.000148121822338761,-0.00170359840046615,0.0,0.0,0.0,0.0131500905640507,0.00776348509898928,2.0,1.0,0.0048652504983663,76.8,0.0,0.0
66,118.0,0.00575834775577006,0.00575834775577006,-0.00796444444444444,0.0,0.0,0.0,-4000000.0,-4000000.0,-17332385.6041954,0.0,0.0,0.0,0.000148121822338761,0.00014812182233876,-0.00170359840046615,0.0,0.0,0.0,0.0134051197887594,0.00791404798493972,2.0,1.0,0.00495960582288431,78.0,0.0,0.0
67,119.2,0.00586508097358462,0.00586508097358463,-0.00808355555555556,0.0,0.0,0.0,-4000000.0,-4000000.0,-17332385.6041954,0.0,0.0,0.0,0.000148121822338761,0.000148121822338761,-0.00170359840046615,0.0,0.0,0.0,0.0136601490134682,0.00806461087089018,2.0,1.0,0.00505396114740232,79.2,0.0,0.0
68,120.4,0.00597181419139918,0.00597181419139919,-0.00820266666666667,0.0,0.0,0.0,-4000000.0,-4000000.0,-17332385.6041954,0.0,0.0,0.0,0.000148121822338761,0.000148121822338761,-0.00170359840046615,0.0,0.0,0.0,0.0139151782381769,0.00821517375684062,2.0,1.0,0.00514831647192033,80.4,0.0,0.0
69,121.6,0.00607854740921375,0.00607854740921375,-0.00832177777777778,0.0,0.0,0.0,-4000000.0,-4000000.0,-17332385.6041954,0.0,0.0,0.0,0.000148121822338761,0.000148121822338761,-0.00170359840046615,0.0,0.0,0.0,0.0141702074628857,0.00836573664279107,2.0,1.0,0.00524267179643835,81.6,0.0,0.0
70,122.8,0.00618528062702831,0.00618528062702831,-0.00844088888888889,0.0,0.0,0.0,-4000000.0,-4000000.0,-17332385.6041954,0.0,0.0,0.0,0.000148121822338761,0.00014812182233876,-0.00170359840046615,0.0,0.0,0.0,0.0144252366875945,0.00851629952874152,2.0,1.0,0.00533702712095636,82.8,0.0,0.0
71,124.0,0.00629201384484287,0.00629201384484287,-0.00856,0.0,0.0,0.0,-4000000.0,-4000000.0,-17332385.6041954,0.0,0.0,0.0,0.000148121822338761,0.00014812182233876,-0.00170359840046615,0.0,0.0,0.0,0.0146802659123032,0.00866686241469197,2.0,1.0,0.00543138244547437,84.0,0.0,0.0
72,125.2,0.00639874706265743,0.00639874706265743,-0.00867911111111111,0.0,0.0,0.0,-4000000.0,-4000000.0,-17332385.6041954,0.0,0.0,0.0,0.000148121822338761,0.00014812182233876,-0.00170359840046615,0.0,0.0,0.0,0.014935295137012,0.00881742530064242,2.0,1.0,0.00552573776999239,85.2,0.0,0.0
73,126.4,0.00650548028047199,0.006505480280472,-0.00879822222222222,0.0,0.0,0.0,-4000000.0,-4000000.0,-17332385.6041954,0.0,0.0,0.0,0.000148121822338761,0.00014812182233876,-0.00170359840046615,0.0,0.0,0.0,0.0151903243617207,0.00896798818659287,2.0,1.0,0.0056200930945104,86.4,0.0,0.0
74,127.6,0.00661221349828656,0.00661221349828656,-0.00891733333333333,0.0,0.0,0.0,-4000000.0,-4000000.0,-17332385.6041954,0.0,0.0,0.0,0.000148121822338761,0.000148121822338761,-0.00170359840046615,0.0,0.0,0.0,0.0154453535864295,0.00911855107254331,2.0,1.0,0.00571444841902841,87.6,0.0,0.0
75,128.8,0.00671894671610112,0.00671894671610112,-0.00903644444444445,0.0,0.0,0.0,-4000000.0,-4000000.0,-17332385.6041954,0.0,0.0,0.0,0.000148121822338761,0.000148121822338761,-0.00170359840046615,0.0,0.0,0.0,0.0157003828111383,0.00926911395849376,2.0,1.0,0.00580880374354642,88.8,0.0,0.0
76,130.0,0.00682567993391568,0.00682567993391568,-0.00915555555555556,0.0,0.0,0.0,-4000000.0,-4000000.0,-17332385.6041954,0.0,0.0,0.0,0.00014812182233876,0.000148121822338761,-0.00170359840046615,0.0,0.0,0.0,0.015955412035847,0.00941967684444421,2.0,1.0,0.00590315906806443,90.0,0.0,0.0
77,131.2,0.00693241315173024,0.00693241315173024,-0.00927466666666667,0.0,0.0,0.0,-4000000.0,-4000000.0,-17332385.6041954,0.0,0.0,0.0,0.000148121822338761,0.000148121822338761,-0.00170359840046615,0.0,0.0,0.0,0.0162104412605558,0.00957023973039466,2.0,1.0,0.00599751439258245,91.2,0.0,0.0
78,132.4,0.0070391463695448,0.0070391463695448,-0.00939377777777778,0.0,0.0,0.0,-4000000.0,-4000000.0,-17332385.6041954,0.0,0.0,0.0,0.000148121822338761,0.00014812182233876,-0.00170359840046615,0.0,0.0,0.0,0.0164654704852645,0.00972080261634511,2.0,1.0,0.00609186971710046,92.4,0.0,0.0
79,133.6,0.00714587958735937,0.00714587958735937,-0.00951288888888889,0.0,0.0,0.0,-4000000.0,-4000000.0,-17332385.6041954,0.0,0.0,0.0,0.000148121822338761,0.000148121822338761,-0.00170359840046615,0.0,0.0,0.0,0.0167204997099733,0.00987136550229556,2.0,1.0,0.00618622504161847,93.6,0.0,0.0
80,134.8,0.00725261280517393,0.00725261280517393,-0.009632,0.0,0.0,0.0,-4000000.0,-4000000.0,-17332385.6041954,0.0,0.0,0.0,0.000148121822338761,0.000148121822338761,-0.00170359840046615,0.0,0.0,0.0,0.016975528934682,0.010021928388246,2.0,1.0,0.00628058036613648,94.8,0.0,0.0
81,136.0,0.00735934602298849,0.00735934602298849,-0.00975111111111111,0.0,0.0,0.0,-4000000.0,-4000000.0,-17332385.6041954,0.0,0.0,0.0,0.000148121822338761,0.000148121822338761,-0.00170359840046615,0.0,0.0,0.0,0.0172305581593908,0.0101724912741965,2.0,1.0,0.0063749356906545,96.0,0.0,0.0
82,137.2,0.00746607924080305,0.00746607924080305,-0.00987022222222222,0.0,0.0,0.0,-4000000.0,-4000000.0,-17332385.6041954,0.0,0.0,0.0,0.000148121822338761,0.000148121822338761,-0.00170359840046615,0.0,0.0,0.0,0.0174855873840996,0.0103230541601469,2.0,1.0,0.00646929101517251,97.2,0.0,0.0
83,138.4,0.00757281245861761,0.00757281245861761,-0.00998933333333333,0.0,0.0,0.0,-4000000.0,-4000000.0,-17332385.6041954,0.0,0.0,0.0,0.000148121822338761,0.000148121822338761,-0.00170359840046615,0.0,0.0,0.0,0.0177406166088083,0.0104736170460974,2.0,1.0,0.00656364633969052,98.4,0.0,0.0
84,139.6,0.00767954567643218,0.00767954567643218,-0.0101084444444444,0.0,0.0,0.0,-4000000.0,-4000000.0,-17332385.6041954,0.0,0.0,0.0,0.000148121822338761,0.00014812182233876,-0.00170359840046615,0.0,0.0,0.0,0.0179956458335171,0.0106241799320478,2.0,1.0,0.00665800166420853,99.6,0.0,0.0
85,140.8,0.00778627889424674,0.00778627889424674,-0.0102275555555556,0.0,0.0,0.0,-4000000.0,-4000000.0,-17332385.6041954,0.0,0.0,0.0,0.000148121822338761,0.000148121822338761,-0.00170359840046615,0.0,0.0,0.0,0.0182506750582258,0.0107747428179983,2.0,1.0,0.00675235698872655,100.8,0.0,0.0
86,142.0,0.0078930121120613,0.0078930121120613,-0.0103466666666667,0.0,0.0,0.0,-4000000.0,-4000000.0,-17332385.6041954,0.0,0.0,0.0,0.000148121822338761,0.00014812182233876,-0.00170359840046615,0.0,0.0,0.0,0.0185057042829346,0.0109253057039487,2.0,1.0,0.00684671231324456,102.0,0.0,0.0
87,143.2,0.00799974532987586,0.00799974532987586,-0.0104657777777778,0.0,0.0,0.0,-4000000.0,-4000000.0,-17332385.6041954,0.0,0.0,0.0,0.00014812182233876,0.000148121822338761,-0.00170359840046615,0.0,0.0,0.0,0.0187607335076434,0.0110758685898991,2.0,1.0,0.00694106763776257,103.2,0.0,0.0
88,144.4,0.00810647854769042,0.00810647854769042,-0.0105848888888889,0.0,0.0,0.0,-4000000.0,-4000000.0,-17332385.6041954,0.0,0.0,0.0,0.00014812182233876,0.000148121822338761,-0.00170359840046615,0.0,0.0,0.0,0.0190157627323521,0.0112264314758496,2.0,1.0,0.00703542296228058,104.4,0.0,0.0
89,145.6,0.00821321176550499,0.00821321176550499,-0.010704,0.0,0.0,0.0,-4000000.0,-4000000.0,-17332385.6041954,0.0,0.0,0.0,0.000148121822338761,0.00014812182233876,-0.00170359840046615,0.0,0.0,0.0,0.0192707919570609,0.0113769943618,2.0,1.0,0.0071297782867986,105.6,0.0,0.0
90,146.8,0.00831994498331955,0.00831994498331955,-0.0108231111111111,0.0,0.0,0.0,-4000000.0,-4000000.0,-17332385.6041954,0.0,0.0,0.0,0.00014812182233876,0.000148121822338761,-0.00170359840046615,0.0,0.0,0.0,0.0195258211817696,0.0115275572477505,2.0,1.0,0.00722413361131661,106.8,0.0,0.0
91,148.0,0.00842667820113411,0.00842667820113411,-0.0109422222222222,0.0,0.0,0.0,-4000000.0,-4000000.0,-17332385.6041954,0.0,0.0,0.0,0.000148121822338761,0.00014812182233876,-0.00170359840046615,0.0,0.0,0.0,0.0197808504064784,0.0116781201337009,2.0,1.0,0.00731848893583462,108.0,0.0,0.0
92,149.2,0.00853341141894867,0.00853341141894867,-0.0110613333333333,0.0,0.0,0.0,-4000000.0,-4000000.0,-17332385.6041954,0.0,0.0,0.0,0.000148121822338761,0.00014812182233876,-0.00170359840046615,0.0,0.0,0.0,0.0200358796311871,0.0118286830196514,2.0,1.0,0.00741284426035263,109.2,0.0,0.0
93,150.4,0.00864014463676323,0.00864014463676323,-0.0111804444444444,0.0,0.0,0.0,-4000000.0,-4000000.0,-17332385.6041954,0.0,0.0,0.0,0.00014812182233876,0.000148121822338761,-0.00170359840046615,0.0,0.0,0.0,0.0202909088558959,0.0119792459056018,2.0,1.0,0.00750719958487064,110.4,0.0,0.0
94,151.6,0.00874687785457779,0.0087468778545778,-0.0112995555555556,0.0,0.0,0.0,-4000000.0,-4000000.00000001,-17332385.6041954,0.0,0.0,0.0,0.000148121822338761,0.00014812182233876,-0.00170359840046615,0.0,0.0,0.0,0.0205459380806047,0.0121298087915523,2.0,1.0,0.00760155490938866,111.6,0.0,0.0
95,152.8,0.00885361107239236,0.00885361107239236,-0.0114186666666667,0.0,0.0,0.0,-4000000.0,-4000000.0,-17332385.6041954,0.0,0.0,0.0,0.000148121822338761,0.00014812182233876,-0.00170359840046615,0.0,0.0,0.0,0.0208009673053134,0.0122803716775027,2.0,1.0,0.00769591023390667,112.8,0.0,0.0
96,154.0,0.00896034429020692,0.00896034429020692,-0.0115377777777778,0.0,0.0,0.0,-4000000.0,-4000000.0,-17332385.6041954,0.0,0.0,0.0,0.00014812182233876,0.000148121822338761,-0.00170359840046615,0.0,0.0,0.0,0.0210559965300222,0.0124309345634532,2.0,1.0,0.00779026555842469,114.0,0.0,0.0
97,155.2,0.00906707750802148,0.00906707750802148,-0.0116568888888889,0.0,0.0,0.0,-4000000.0,-4000000.00000001,-17332385.6041954,0.0,0.0,0.0,0.000148121822338761,0.00014812182233876,-0.00170359840046615,0.0,0.0,0.0,0.0213110257547309,0.0125814974494036,2.0,1.0,0.0078846208829427,115.2,0.0,0.0
98,156.4,0.00917381072583604,0.00917381072583604,-0.011776,0.0,0.0,0.0,-4000000.0,-4000000.0,-17332385.6041954,0.0,0.0,0.0,0.000148121822338761,0.00014812182233876,-0.00170359840046615,0.0,0.0,0.0,0.0215660549794397,0.0127320603353541,2.0,1.0,0.00797897620746071,116.4,0.0,0.0
99,157.6,0.0092805439436506,0.00928054394365061,-0.0118951111111111,0.0,0.0,0.0,-4000000.00000001,-4000000.0,-17332385.6041954,0.0,0.0,0.0,0.00014812182233876,0.000148121822338761,-0.00170359840046615,0.0,0.0,0.0,0.0218210842041485,0.0128826232213045,2.0,1.0,0.00807333153197872,117.6,0.0,0.0
100,158.8,0.00938727716146517,0.00938727716146517,-0.0120142222222222,0.0,0.0,0.0,-4000000.0,-4000000.00000001,-17332385.6041954,0.0,0.0,0.0,0.000148121822338761,0.00014812182233876,-0.00170359840046615,0.0,0.0,0.0,0.0220761134288572,0.013033186107255,2.0,1.0,0.00816768685649674,118.8,0.0,0.0
101,160.0,0.00949401037927973,0.00949401037927973,-0.0121333333333333,0.0,0.0,0.0,-4000000.0,-4000000.0,-17332385.6041954,0.0,0.0,0.0,0.000148121822338761,0.00014812182233876,-0.00170359840046615,0.0,0.0,0.0,0.022331142653566,0.0131837489932054,2.0,1.0,0.00826204218101475,120.0,0.0,0.0
102,161.2,0.00960074359709429,0.00960074359709429,-0.0122524444444444,0.0,0.0,0.0,-4000000.0,-4000000.0,-17332385.6041954,0.0,0.0,0.0,0.00014812182233876,0.000148121822338761,-0.00170359840046615,0.0,0.0,0.0,0.0225861718782747,0.0133343118791559,2.0,1.0,0.00835639750553276,121.2,0.0,0.0
103,162.4,0.00970747681490885,0.00970747681490886,-0.0123715555555556,0.0,0.0,0.0,-4000000.0,-4000000.0,-17332385.6041954,0.0,0.0,0.0,0.00014812182233876,0.000148121822338761,-0.00170359840046615,0.0,0.0,0.0,0.0228412011029835,0.0134848747651063,2.0,1.0,0.00845075283005077,122.4,0.0,0.0
104,163.6,0.00981421003272341,0.00981421003272342,-0.0124906666666667,0.0,0.0,0.0,-4000000.0,-4000000.0,-17332385.6041954,0.0,0.0,0.0,0.000148121822338761,0.00014812182233876,-0.00170359840046615,0.0,0.0,0.0,0.0230962303276922,0.0136354376510568,2.0,1.0,0.00854510815456879,123.6,0.0,0.0
105,164.8,0.00992094325053798,0.00992094325053798,-0.0126097777777778,0.0,0.0,0.0,-4000000.00000001,-4000000.0,-17332385.6041954,0.0,0.0,0.0,0.00014812182233876,0.000148121822338761,-0.00170359840046615,0.0,0.0,0.0,0.023351259552401,0.0137860005370072,2.0,1.0,0.0086394634790868,124.8,0.0,0.0
106,166.0,0.0100276764683525,0.0100276764683525,-0.0127288888888889,0.0,0.0,0.0,-4000000.0,-4000000.0,-17332385.6041954,0.0,0.0,0.0,0.00014812182233876,0.000148121822338761,-0.00170359840046615,0.0,0.0,0.0,0.0236062887771098,0.0139365634229577,2.0,1.0,0.00873381880360481,126.0,0.0,0.0
107,167.2,0.0101344096861671,0.0101344096861671,-0.012848,0.0,0.0,0.0,-4000000.0,-4000000.0,-17332385.6041954,0.0,0.0,0.0,0.000148121822338761,0.00014812182233876,-0.00170359840046615,0.0,0.0,0.0,0.0238613180018185,0.0140871263089081,2.0,1.0,0.00882817412812282,127.2,0.0,0.0
108,168.4,0.0102411429039817,0.0102411429039817,-0.0129671111111111,0.0,0.0,0.0,-4000000.0,-4000000.0,-17332385.6041954,0.0,0.0,0.0,0.00014812182233876,0.000148121822338761,-0.00170359840046615,0.0,0.0,0.0,0.0241163472265273,0.0142376891948586,2.0,1.0,0.00892252945264084,128.4,0.0,0.0
109,169.6,0.0103478761217962,0.0103478761217962,-0.0130862222222222,0.0,0.0,0.0,-4000000.0,-4000000.0,-17332385.6041954,0.0,0.0,0.0,0.00014812182233876,0.000148121822338761,-0.00170359840046615,0.0,0.0,0.0,0.024371376451236,0.014388252080809,2.0,1.0,0.00901688477715885,129.6,0.0,0.0
110,170.8,0.0104546093396108,0.0104546093396108,-0.0132053333333333,0.0,0.0,0.0,-4000000.0,-3999999.99999999,-17332385.6041954,0.0,0.0,0.0,0.00014812182233876,0.000148121822338761,-0.00170359840046615,0.0,0.0,0.0,0.0246264056759448,0.0145388149667595,2.0,1.0,0.00911124010167686,130.8,0.0,0.0
111,172.0,0.0105613425574253,0.0105613425574254,-0.0133244444444444,0.0,0.0,0.0,-4000000.0,-4000000.0,-17332385.6041954,0.0,0.0,0.0,0.000148121822338761,0.000148121822338761,-0.00170359840046615,0.0,0.0,0.0,0.0248814349006536,0.0146893778527099,2.0,1.0,0.00920559542619487,132.0,0.0,0.0
112,173.2,0.0106680757752399,0.0106680757752399,-0.0134435555555556,0.0,0.0,0.0,-4000000.0,-4000000.0,-17332385.6041954,0.0,0.0,0.0,0.00014812182233876,0.000148121822338761,-0.00170359840046615,0.0,0.0,0.0,0.0251364641253623,0.0148399407386604,2.0,1.0,0.00929995075071289,133.2,0.0,0.0
113,174.4,0.0107748089930545,0.0107748089930545,-0.0135626666666667,0.0,0.0,0.0,-3999999.99999999,-4000000.0,-17332385.6041954,0.0,0.0,0.0,0.000148121822338761,0.00014812182233876,-0.00170359840046615,0.0,0.0,0.0,0.0253914933500711,0.0149905036246108,2.0,1.0,0.0093943060752309,134.4,0.0,0.0
114,175.6,0.010881542210869,0.010881542210869,-0.0136817777777778,0.0,0.0,0.0,-4000000.0,-4000000.0,-17332385.6041954,0.0,0.0,0.0,0.00014812182233876,0.000148121822338761,-0.00170359840046615,0.0,0.0,0.0,0.0256465225747798,0.0151410665105613,2.0,1.0,0.00948866139974891,135.6,0.0,0.0
115,176.8,0.0109882754286836,0.0109882754286836,-0.0138008888888889,0.0,0.0,0.0,-4000000.0,-4000000.0,-17332385.6041954,0.0,0.0,0.0,0.00014812182233876,0.000148121822338761,-0.00170359840046615,0.0,0.0,0.0,0.0259015517994886,0.0152916293965117,2.0,1.0,0.00958301672426692,136.8,0.0,0.0
116,178.0,0.0110950086464982,0.0110950086464982,-0.01392,0.0,0.0,0.0,-4000000.0,-4000000.0,-17332385.6041954,0.0,0.0,0.0,0.00014812182233876,0.000148121822338761,-0.00170359840046615,0.0,0.0,0.0,0.0261565810241973,0.0154421922824622,2.0,1.0,0.00967737204878494,138.0,0.0,0.0
117,179.2,0.0112017418643127,0.0112017418643127,-0.0140391111111111,0.0,0.0,0.0,-4000000.00000001,-4000000.0,-17332385.6041954,0.0,0.0,0.0,0.00014812182233876,0.000148121822338761,-0.00170359840046615,0.0,0.0,0.0,0.0264116102489061,0.0155927551684126,2.0,1.0,0.00977172737330295,139.2,0.0,0.0
118,180.4,0.0113084750821273,0.0113084750821273,-0.0141582222222222,0.0,0.0,0.0,-4000000.0,-4000000.0,-17332385.6041954,0.0,0.0,0.0,0.000148121822338761,0.000148121822338761,-0.00170359840046615,0.0,0.0,0.0,0.0266666394736149,0.0157433180543631,2.0,1.0,0.00986608269782096,140.4,0.0,0.0
119,181.6,0.0114152082999418,0.0114152082999418,-0.0142773333333333,0.0,0.0,0.0,-4000000.0,-4000000.0,-17332385.6041954,0.0,0.0,0.0,0.000148121822338761,0.000148121822338761,-0.00170359840046615,0.0,0.0,0.0,0.0269216686983236,0.0158938809403135,2.0,1.0,0.00996043802233898,141.6,0.0,0.0
120,182.8,0.0115219415177564,0.0115219415177564,-0.0143964444444444,0.0,0.0,0.0,-4000000.0,-4000000.0,-17332385.6041954,0.0,0.0,0.0,0.000148121822338761,0.000148121822338761,-0.00170359840046615,0.0,0.0,0.0,0.0271766979230324,0.016044443826264,2.0,1.0,0.010054793346857,142.8,0.0,0.0
121,184.0,0.011628674735571,0.011628674735571,-0.0145155555555556,0.0,0.0,0.0,-4000000.0,-4000000.0,-17332385.6041954,0.0,0.0,0.0,0.000148121822338761,0.000148121822338761,-0.00170359840046615,0.0,0.0,0.0,0.0274317271477411,0.0161950067122144,2.0,1.0,0.010149148671375,144.0,0.0,0.0
122,185.2,0.0117354079533855,0.0117354079533855,-0.0146346666666667,0.0,0.0,0.0,-4000000.0,-4000000.0,-17332385.6041954,0.0,0.0,0.0,0.000148121822338761,0.000148121822338761,-0.00170359840046615,0.0,0.0,0.0,0.0276867563724499,0.0163455695981649,2.0,1.0,0.010243503995893,145.2,0.0,0.0
123,186.4,0.0118421411712001,0.0118421411712001,-0.0147537777777778,0.0,0.0,0.0,-4000000.0,-4000000.0,-17332385.6041954,0.0,0.0,0.0,0.00014812182233876,0.000148121822338761,-0.00170359840046615,0.0,0.0,0.0,0.0279417855971586,0.0164961324841153,2.0,1.0,0.010337859320411,146.4,0.0,0.0
124,187.6,0.0119488743890147,0.0119488743890147,-0.0148728888888889,0.0,0.0,0.0,-4000000.0,-4000000.0,-17332385.6041954,0.0,0.0,0.0,0.000148121822338761,0.000148121822338761,-0.00170359840046615,0.0,0.0,0.0,0.0281968148218674,0.0166466953700657,2.0,1.0,0.010432214644929,147.6,0.0,0.0
125,188.8,0.0120556076068292,0.0120556076068292,-0.014992,0.0,0.0,0.0,-4000000.0,-4000000.0,-17332385.6041954,0.0,0.0,0.0,0.000148121822338761,0.000148121822338761,-0.00170359840046615,0.0,0.0,0.0,0.0284518440465762,0.0167972582560162,2.0,1.0,0.0105265699694471,148.8,0.0,0.0
126,190.0,0.0121623408246438,0.0121623408246438,-0.0151111111111111,0.0,0.0,0.0,-4000000.00000001,-4000000.0,-17332385.6041954,0.0,0.0,0.0,0.000148121822338761,0.000148121822338761,-0.00170359840046615,0.0,0.0,0.0,0.0287068732712849,0.0169478211419666,2.0,1.0,0.0106209252939651,150.0,0.0,0.0
127,191.2,0.0122690740424583,0.0122690740424583,-0.0152302222222222,0.0,0.0,0.0,-4000000.0,-4000000.0,-17332385.6041954,0.0,0.0,0.0,0.000148121822338761,0.000148121822338761,-0.00170359840046615,0.0,0.0,0.0,0.0289619024959937,0.0170983840279171,2.0,1.0,0.0107152806184831,151.2,0.0,0.0
128,192.4,0.0123758072602729,0.0123758072602729,-0.0153493333333333,0.0,0.0,0.0,-4000000.0,-4000000.0,-17332385.6041954,0.0,0.0,0.0,0.000148121822338761,0.000148121822338761,-0.00170359840046615,0.0,0.0,0.0,0.0292169317207024,0.0172489469138675,2.0,1.0,0.0108096359430011,152.4,0.0,0.0
129,193.6,0.0124825404780875,0.0124825404780875,-0.0154684444444444,0.0,0.0,0.0,-4000000.00000001,-4000000.0,-17332385.6041954,0.0,0.0,0.0,0.000148121822338761,0.000148121822338761,-0.00170359840046615,0.0,0.0,0.0,0.0294719609454112,0.017399509799818,2.0,1.0,0.0109039912675191,153.6,0.0,0.0
130,194.8,0.012589273695902,0.012589273695902,-0.0155875555555556,0.0,0.0,0.0,-4000000.0,-4000000.0,-17332385.6041954,0.0,0.0,0.0,0.000148121822338761,0.000148121822338761,-0.00170359840046615,0.0,0.0,0.0,0.0297269901701199,0.0175500726857684,2.0,1.0,0.0109983465920371,154.8,0.0,0.0
131,196.0,0.0126960069137166,0.0126960069137166,-0.0157066666666667,0.0,0.0,0.0,-4000000.0,-4000000.0,-17332385.6041954,0.0,0.0,0.0,0.000148121822338761,0.000148121822338761,-0.00170359840046615,0.0,0.0,0.0,0.0299820193948287,0.0177006355717189,2.0,1.0,0.0110927019165551,156.0,0.0,0.0
132,197.2,0.0128027401315311,0.0128027401315311,-0.0158257777777778,0.0,0.0,0.0,-4000000.0,-4000000.0,-17332385.6041954,0.0,0.0,0.0,0.000148121822338761,0.000148121822338761,-0.00170359840046615,0.0,0.0,0.0,0.0302370486195375,0.0178511984576693,2.0,1.0,0.0111870572410731,157.2,0.0,0.0
133,198.4,0.0129094733493457,0.0129094733493457,-0.0159448888888889,0.0,0.0,0.0,-4000000.0,-4000000.0,-17332385.6041954,0.0,0.0,0.0,0.000148121822338761,0.000148121822338761,-0.00170359840046615,0.0,0.0,0.0,0.0304920778442462,0.0180017613436198,2.0,1.0,0.0112814125655912,158.4,0.0,0.0
134,199.6,0.0130162065671603,0.0130162065671603,-0.016064,0.0,0.0,0.0,-4000000.0,-4000000.0,-17332385.6041954,0.0,0.0,0.0,0.000148121822338761,0.000148121822338761,-0.00170359840046615,0.0,0.0,0.0,0.030747107068955,0.0181523242295702,2.0,1.0,0.0113757678901092,159.6,0.0,0.0
135,200.8,0.0131229397849748,0.0131229397849748,-0.0161831111111111,0.0,0.0,0.0,-4000000.0,-4000000.0,-17332385.6041954,0.0,0.0,0.0,0.000148121822338761,0.000148121822338761,-0.00170359840046615,0.0,0.0,0.0,0.0310021362936637,0.0183028871155207,2.0,1.0,0.0114701232146272,160.8,0.0,0.0
136,202.0,0.0132296730027894,0.0132296730027894,-0.0163022222222222,0.0,0.0,0.0,-4000000.0,-4000000.0,-17332385.6041954,0.0,0.0,0.0,0.000148121822338761,0.000148121822338761,-0.00170359840046615,0.0,0.0,0.0,0.0312571655183725,0.0184534500014711,2.0,1.0,0.0115644785391452,162.0,0.0,0.0
137,203.2,0.013336406220604,0.013336406220604,-0.0164213333333333,0.0,0.0,0.0,-4000000.0,-4000000.0,-17332385.6041954,0.0,0.0,0.0,0.000148121822338761,0.000148121822338761,-0.00170359840046615,0.0,0.0,0.0,0.0315121947430812,0.0186040128874216,2.0,1.0,0.0116588338636632,163.2,0.0,0.0
138,204.4,0.0134431394384185,0.0134431394384185,-0.0165404444444444,0.0,0.0,0.0,-4000000.0,-4000000.0,-17332385.6041954,0.0,0.0,0.0,0.000148121822338761,0.000148121822338761,-0.00170359840046615,0.0,0.0,0.0,0.03176722396779,0.018754575773372,2.0,1.0,0.0117531891881812,164.4,0.0,0.0
139,205.6,0.0135498726562331,0.0135498726562331,-0.0166595555555556,0.0,0.0,0.0,-4000000.0,-4000000.0,-17332385.6041954,0.0,0.0,0.0,0.000148121822338761,0.000148121822338761,-0.00170359840046615,0.0,0.0,0.0,0.0320222531924988,0.0189051386593225,2.0,1.0,0.0118475445126992,165.6,0.0,0.0
140,206.8,0.0136566058740476,0.0136566058740476,-0.0167786666666667,0.0,0.0,0.0,-4000000.0,-4000000.0,-17332385.6041954,0.0,0.0,0.0,0.000148121822338761,0.000148121822338761,-0.00170359840046615,0.0,0.0,0.0,0.0322772824172075,0.0190557015452729,2.0,1.0,0.0119418998372172,166.8,0.0,0.0
141,208.0,0.0137633390918622,0.0137633390918622,-0.0168977777777778,0.0,0.0,0.0,-4000000.0,-4000000.0,-17332385.6041954,0.0,0.0,0.0,0.000148121822338761,0.000148121822338761,-0.00170359840046615,0.0,0.0,0.0,0.0325323116419163,0.0192062644312234,2.0,1.0,0.0120362551617353,168.0,0.0,0.0
142,209.2,0.0138700723096768,0.0138700723096768,-0.0170168888888889,0.0,0.0,0.0,-4000000.0,-4000000.0,-17332385.6041954,0.0,0.0,0.0,0.000148121822338761,0.000148121822338761,-0.00170359840046615,0.0,0.0,0.0,0.032787340866625,0.0193568273171738,2.0,1.0,0.0121306104862533,169.2,0.0,0.0
143,210.4,0.0139768055274913,0.0139768055274913,-0.017136,0.0,0.0,0.0,-4000000.0,-4000000.0,-17332385.6041954,0.0,0.0,0.0,0.000148121822338761,0.000148121822338761,-0.00170359840046615,0.0,0.0,0.0,0.0330423700913338,0.0195073902031243,2.0,1.0,0.0122249658107713,170.4,0.0,0.0
144,211.6,0.0140835387453059,0.0140835387453059,-0.0172551111111111,0.0,0.0,0.0,-4000000.0,-4000000.0,-17332385.6041954,0.0,0.0,0.0,0.000148121822338761,0.000148121822338761,-0.00170359840046615,0.0,0.0,0.0,0.0332973993160426,0.0196579530890747,2.0,1.0,0.0123193211352893,171.6,0.0,0.0
145,212.8,0.0141902719631205,0.0141902719631204,-0.0173742222222222,0.0,0.0,0.0,-4000000.0,-4000000.0,-17332385.6041954,0.0,0.0,0.0,0.000148121822338761,0.000148121822338761,-0.00170359840046615,0.0,0.0,0.0,0.0335524285407513,0.0198085159750252,2.0,1.0,0.0124136764598073,172.8,0.0,0.0
146,214.0,0.014297005180935,0.014297005180935,-0.0174933333333333,0.0,0.0,0.0,-4000000.0,-4000000.0,-17332385.6041954,0.0,0.0,0.0,0.000148121822338761,0.000148121822338761,-0.00170359840046615,0.0,0.0,0.0,0.0338074577654601,0.0199590788609756,2.0,1.0,0.0125080317843253,174.0,0.0,0.0
147,215.2,0.0144037383987496,0.0144037383987496,-0.0176124444444444,0.0,0.0,0.0,-4000000.0,-4000000.0,-17332385.6041954,0.0,0.0,0.0,0.000148121822338761,0.000148121822338761,-0.00170359840046615,0.0,0.0,0.0,0.0340624869901688,0.0201096417469261,2.0,1.0,0.0126023871088433,175.2,0.0,0.0
148,216.4,0.0145104716165641,0.0145104716165641,-0.0177315555555556,0.0,0.0,0.0,-4000000.0,-4000000.0,-17332385.6041954,0.0,0.0,0.0,0.000148121822338761,0.000148121822338761,-0.00170359840046615,0.0,0.0,0.0,0.0343175162148776,0.0202602046328765,2.0,1.0,0.0126967424333614,176.4,0.0,0.0
149,217.6,0.0146172048343787,0.0146172048343787,-0.0178506666666667,0.0,0.0,0.0,-4000000.0,-4000000.0,-17332385.6041954,0.0,0.0,0.0,0.000148121822338761,0.000148121822338761,-0.00170359840046615,0.0,0.0,0.0,0.0345725454395863,0.0204107675188269,2.0,1.0,0.0127910977578794,177.6,0.0,0.0
150,218.8,0.0147239380521933,0.0147239380521933,-0.0179697777777778,0.0,0.0,0.0,-4000000.0,-4000000.0,-17332385.6041954,0.0,0.0,0.0,0.000148121822338761,0.000148121822338761,-0.00170359840046615,0.0,0.0,0.0,0.0348275746642951,0.0205613304047774,2.0,1.0,0.0128854530823974,178.8,0.0,0.0
151,220.0,0.0148306712700078,0.0148306712700078,-0.0180888888888889,0.0,0.0,0.0,-4000000.0,-4000000.0,-17332385.6041954,0.0,0.0,0.0,0.000148121822338761,0.000148121822338761,-0.00170359840046615,0.0,0.0,0.0,0.0350826038890039,0.0207118932907278,2.0,1.0,0.0129798084069154,180.0,0.0,0.0
152,221.2,0.0149374044878224,0.0149374044878224,-0.018208,0.0,0.0,0.0,-4000000.0,-4000000.0,-17332385.6041954,0.0,0.0,0.0,0.000148121822338761,0.000148121822338761,-0.00170359840046615,0.0,0.0,0.0,0.0353376331137126,0.0208624561766783,2.0,1.0,0.0130741637314334,181.2,0.0,0.0
153,222.4,0.0150441377056369,0.0150441377056369,-0.0183271111111111,0.0,0.0,0.0,-4000000.0,-4000000.0,-17332385.6041954,0.0,0.0,0.0,0.000148121822338761,0.000148121822338761,-0.00170359840046615,0.0,0.0,0.0,0.0355926623384214,0.0210130190626287,2.0,1.0,0.0131685190559514,182.4,0.0,0.0
154,223.6,0.0151508709234515,0.0151508709234515,-0.0184462222222222,0.0,0.0,0.0,-4000000.0,-4000000.0,-17332385.6041954,0.0,0.0,0.0,0.000148121822338761,0.000148121822338761,-0.00170359840046615,0.0,0.0,0.0,0.0358476915631301,0.0211635819485792,2.0,1.0,0.0132628743804694,183.6,0.0,0.0
155,224.8,0.0152576041412661,0.0152576041412661,-0.0185653333333333,0.0,0.0,0.0,-4000000.0,-4000000.0,-17332385.6041954,0.0,0.0,0.0,0.000148121822338761,0.000148121822338761,-0.00170359840046615,0.0,0.0,0.0,0.0361027207878389,0.0213141448345296,2.0,1.0,0.0133572297049874,184.8,0.0,0.0
156,226.0,0.0153643373590806,0.0153643373590806,-0.0186844444444444,0.0,0.0,0.0,-4000000.0,-4000000.0,-17332385.6041954,0.0,0.0,0.0,0.000148121822338761,0.000148121822338761,-0.00170359840046615,0.0,0.0,0.0,0.0363577500125477,0.0214647077204801,2.0,1.0,0.0134515850295055,186.0,0.0,0.0
157,227.2,0.0154710705768952,0.0154710705768952,-0.0188035555555556,0.0,0.0,0.0,-4000000.0,-4000000.0,-17332385.6041954,0.0,0.0,0.0,0.000148121822338761,0.000148121822338761,-0.00170359840046615,0.0,0.0,0.0,0.0366127792372564,0.0216152706064305,2.0,1.0,0.0135459403540235,187.2,0.0,0.0
158,228.4,0.0155778037947098,0.0155778037947098,-0.0189226666666667,0.0,0.0,0.0,-4000000.0,-4000000.0,-17332385.6041954,0.0,0.0,0.0,0.000148121822338761,0.000148121822338761,-0.00170359840046615,0.0,0.0,0.0,0.0368678084619652,0.021765833492381,2.0,1.0,0.0136402956785415,188.4,0.0,0.0
159,229.6,0.0156845370125243,0.0156845370125243,-0.0190417777777778,0.0,0.0,0.0,-4000000.00000001,-4000000.0,-17332385.6041954,0.0,0.0,0.0,0.00014812182233876,0.000148121822338761,-0.00170359840046615,0.0,0.0,0.0,0.0371228376866739,0.0219163963783314,2.0,1.0,0.0137346510030595,189.6,0.0,0.0
160,230.8,0.0157912702303389,0.0157912702303389,-0.0191608888888889,0.0,0.0,0.0,-4000000.0,-3999999.99999999,-17332385.6041954,0.0,0.0,0.0,0.00014812182233876,0.000148121822338761,-0.00170359840046615,0.0,0.0,0.0,0.0373778669113827,0.0220669592642819,2.0,1.0,0.0138290063275775,190.8,0.0,0.0
161,232.0,0.0158980034481534,0.0158980034481534,-0.01928,0.0,0.0,0.0,-4000000.0,-3999999.99999999,-17332385.6041954,0.0,0.0,0.0,0.00014812182233876,0.000148121822338761,-0.00170359840046615,0.0,0.0,0.0,0.0376328961360914,0.0222175221502323,2.0,1.0,0.0139233616520955,192.0,0.0,0.0
162,233.2,0.016004736665968,0.016004736665968,-0.0193991111111111,0.0,0.0,0.0,-3999999.99999999,-4000000.00000001,-17332385.6041954,0.0,0.0,0.0,0.000148121822338762,0.00014812182233876,-0.00170359840046615,0.0,0.0,0.0,0.0378879253608002,0.0223680850361828,2.0,1.0,0.0140177169766135,193.2,0.0,0.0
163,234.4,0.0161114698837826,0.0161114698837826,-0.0195182222222222,0.0,0.0,0.0,-3999999.99999999,-4000000.00000001,-17332385.6041954,0.0,0.0,0.0,0.000148121822338762,0.00014812182233876,-0.00170359840046615,0.0,0.0,0.0,0.038142954585509,0.0225186479221332,2.0,1.0,0.0141120723011315,194.4,0.0,0.0
164,235.6,0.0162182031015971,0.0162182031015971,-0.0196373333333333,0.0,0.0,0.0,-3999999.99999999,-4000000.0,-17332385.6041954,0.0,0.0,0.0,0.000148121822338762,0.00014812182233876,-0.00170359840046615,0.0,0.0,0.0,0.0383979838102177,0.0226692108080837,2.0,1.0,0.0142064276256496,195.6,0.0,0.0
165,236.8,0.0163249363194117,0.0163249363194117,-0.0197564444444444,0.0,0.0,0.0,-4000000.00000001,-4000000.0,-17332385.6041954,0.0,0.0,0.0,0.00014812182233876,0.000148121822338762,-0.00170359840046615,0.0,0.0,0.0,0.0386530130349265,0.0228197736940341,2.0,1.0,0.0143007829501676,196.8,0.0,0.0
166,238.0,0.0164316695372262,0.0164316695372262,-0.0198755555555556,0.0,0.0,0.0,-4000000.00000001,-3999999.99999999,-17332385.6041954,0.0,0.0,0.0,0.00014812182233876,0.000148121822338762,-0.00170359840046615,0.0,0.0,0.0,0.0389080422596352,0.0229703365799846,2.0,1.0,0.0143951382746856,198.0,0.0,0.0
167,239.2,0.0165384027550408,0.0165384027550408,-0.0199946666666667,0.0,0.0,0.0,-4000000.0,-3999999.99999999,-17332385.6041954,0.0,0.0,0.0,0.00014812182233876,0.000148121822338762,-0.00170359840046615,0.0,0.0,0.0,0.039163071484344,0.023120899465935,2.0,1.0,0.0144894935992036,199.2,0.0,0.0
168,240.4,0.0166451359728554,0.0166451359728554,-0.0201137777777778,0.0,0.0,0.0,-3999999.99999999,-4000000.00000001,-17332385.6041954,0.0,0.0,0.0,0.000148121822338762,0.00014812182233876,-0.00170359840046615,0.0,0.0,0.0,0.0394181007090528,0.0232714623518855,2.0,1.0,0.0145838489237216,200.4,0.0,0.0
169,241.6,0.0167518691906699,0.0167518691906699,-0.0202328888888889,0.0,0.0,0.0,-3999999.99999999,-4000000.00000001,-17332385.6041954,0.0,0.0,0.0,0.000148121822338762,0.00014812182233876,-0.00170359840046615,0.0,0.0,0.0,0.0396731299337615,0.0234220252378359,2.0,1.0,0.0146782042482396,201.6,0.0,0.0
170,242.8,0.0168586024084845,0.0168586024084845,-0.020352,0.0,0.0,0.0,-3999999.99999999,-4000000.0,-17332385.6041954,0.0,0.0,0.0,0.000148121822338762,0.00014812182233876,-0.00170359840046615,0.0,0.0,0.0,0.0399281591584703,0.0235725881237864,2.0,1.0,0.0147725595727576,202.8,0.0,0.0
171,244.0,0.0169653356262991,0.0169653356262991,-0.0204711111111111,0.0,0.0,0.0,-3999999.99999999,-4000000.0,-17332385.6041954,0.0,0.0,0.0,0.000148121822338762,0.00014812182233876,-0.00170359840046615,0.0,0.0,0.0,0.040183188383179,0.0237231510097368,2.0,1.0,0.0148669148972756,204.0,0.0,0.0
172,245.2,0.0170720688441136,0.0170720688441136,-0.0205902222222222,0.0,0.0,0.0,-4000000.00000001,-3999999.99999999,-17332385.6041954,0.0,0.0,0.0,0.00014812182233876,0.000148121822338762,-0.00170359840046615,0.0,0.0,0.0,0.0404382176078878,0.0238737138956873,2.0,1.0,0.0149612702217937,205.2,0.0,0.0
173,246.4,0.0171788020619282,0.0171788020619282,-0.0207093333333333,0.0,0.0,0.0,-4000000.0,-3999999.99999999,-17332385.6041954,0.0,0.0,0.0,0.00014812182233876,0.000148121822338762,-0.00170359840046615,0.0,0.0,0.0,0.0406932468325966,0.0240242767816377,2.0,1.0,0.0150556255463117,206.4,0.0,0.0
174,247.6,0.0172855352797427,0.0172855352797427,-0.0208284444444444,0.0,0.0,0.0,-4000000.0,-4000000.00000001,-17332385.6041954,0.0,0.0,0.0,0.000148121822338762,0.00014812182233876,-0.00170359840046615,0.0,0.0,0.0,0.0409482760573053,0.0241748396675882,2.0,1.0,0.0151499808708297,207.6,0.0,0.0
175,248.8,0.0173922684975573,0.0173922684975573,-0.0209475555555556,0.0,0.0,0.0,-4000000.0,-4000000.00000001,-17332385.6041954,0.0,0.0,0.0,0.000148121822338761,0.00014812182233876,-0.00170359840046615,0.0,0.0,0.0,0.0412033052820141,0.0243254025535386,2.0,1.0,0.0152443361953477,208.8,0.0,0.0
176,250.0,0.0174990017153719,0.0174990017153719,-0.0210666666666667,0.0,0.0,0.0,-3999999.99999999,-4000000.0,-17332385.6041954,0.0,0.0,0.0,0.000148121822338761,0.00014812182233876,-0.00170359840046615,0.0,0.0,0.0,0.0414583345067228,0.0244759654394891,2.0,1.0,0.0153386915198657,210.0,0.0,0.0
177,251.2,0.0176057349331864,0.0176057349331864,-0.0211857777777778,0.0,0.0,0.0,-3999999.99999999,-4000000.0,-17332385.6041954,0.0,0.0,0.0,0.000148121822338761,0.00014812182233876,-0.00170359840046615,0.0,0.0,0.0,0.0417133637314316,0.0246265283254395,2.0,1.0,0.0154330468443837,211.2,0.0,0.0
178,252.4,0.017712468151001,0.017712468151001,-0.0213048888888889,0.0,0.0,0.0,-4000000.00000001,-3999999.99999999,-17332385.6041954,0.0,0.0,0.0,0.000148121822338759,0.000148121822338762,-0.00170359840046615,0.0,0.0,0.0,0.0419683929561404,0.02477709121139,2.0,1.0,0.0155274021689017,212.4,0.0,0.0
179,253.6,0.0178192013688156,0.0178192013688156,-0.021424,0.0,0.0,0.0,-4000000.00000001,-3999999.99999999,-17332385.6041954,0.0,0.0,0.0,0.00014812182233876,0.000148121822338762,-0.00170359840046615,0.0,0.0,0.0,0.0422234221808491,0.0249276540973404,2.0,1.0,0.0156217574934197,213.6,0.0,0.0
180,254.8,0.0179259345866301,0.0179259345866301,-0.0215431111111111,0.0,0.0,0.0,-4000000.0,-3999999.99999999,-17332385.6041954,0.0,0.0,0.0,0.00014812182233876,0.000148121822338762,-0.00170359840046615,0.0,0.0,0.0,0.0424784514055579,0.0250782169832908,2.0,1.0,0.0157161128179378,214.8,0.0,0.0
181,256.0,0.0180326678044447,0.0180326678044447,-0.0216622222222222,0.0,0.0,0.0,-4000000.0,-4000000.00000001,-17332385.6041954,0.0,0.0,0.0,0.000148121822338761,0.00014812182233876,-0.00170359840046615,0.0,0.0,0.0,0.0427334806302666,0.0252287798692413,2.0,1.0,0.0158104681424558,216.0,0.0,0.0
182,257.2,0.0181394010222592,0.0181394010222592,-0.0217813333333333,0.0,0.0,0.0,-3999999.99999999,-4000000.00000001,-17332385.6041954,0.0,0.0,0.0,0.000148121822338762,0.00014812182233876,-0.00170359840046615,0.0,0.0,0.0,0.0429885098549754,0.0253793427551917,2.0,1.0,0.0159048234669738,217.2,0.0,0.0
183,258.4,0.0182461342400738,0.0182461342400738,-0.0219004444444444,0.0,0.0,0.0,-3999999.99999999,-4000000.0,-17332385.6041954,0.0,0.0,0.0,0.000148121822338761,0.00014812182233876,-0.00170359840046615,0.0,0.0,0.0,0.0432435390796841,0.0255299056411422,2.0,1.0,0.0159991787914918,218.4,0.0,0.0
184,259.6,0.0183528674578884,0.0183528674578884,-0.0220195555555556,0.0,0.0,0.0,-4000000.00000001,-3999999.99999999,-17332385.6041954,0.0,0.0,0.0,0.00014812182233876,0.000148121822338762,-0.00170359840046615,0.0,0.0,0.0,0.0434985683043929,0.0256804685270926,2.0,1.0,0.0160935341160098,219.6,0.0,0.0
185,260.8,0.0184596006757029,0.0184596006757029,-0.0221386666666667,0.0,0.0,0.0,-4000000.00000001,-4000000.0,-17332385.6041954,0.0,0.0,0.0,0.00014812182233876,0.000148121822338762,-0.00170359840046615,0.0,0.0,0.0,0.0437535975291016,0.0258310314130431,2.0,1.0,0.0161878894405278,220.8,0.0,0.0
186,262.0,0.0185663338935175,0.0185663338935175,-0.0222577777777778,0.0,0.0,0.0,-4000000.0,-3999999.99999999,-17332385.6041954,0.0,0.0,0.0,0.00014812182233876,0.000148121822338762,-0.00170359840046615,0.0,0.0,0.0,0.0440086267538104,0.0259815942989935,2.0,1.0,0.0162822447650458,222.0,0.0,0.0
187,263.2,0.018673067111332,0.018673067111332,-0.0223768888888889,0.0,0.0,0.0,-4000000.0,-3999999.99999999,-17332385.6041954,0.0,0.0,0.0,0.00014812182233876,0.000148121822338761,-0.00170359840046615,0.0,0.0,0.0,0.0442636559785192,0.026132157184944,2.0,1.0,0.0163766000895638,223.2,0.0,0.0
188,264.4,0.0187798003291466,0.0187798003291466,-0.022496,0.0,0.0,0.0,-3999999.99999999,-4000000.00000001,-17332385.6041954,0.0,0.0,0.0,0.000148121822338762,0.00014812182233876,-0.00170359840046615,0.0,0.0,0.0,0.0445186852032279,0.0262827200708944,2.0,1.0,0.0164709554140819,224.4,0.0,0.0
189,265.6,0.0188865335469612,0.0188865335469612,-0.0226151111111111,0.0,0.0,0.0,-4000000.00000001,-4000000.0,-17332385.6041954,0.0,0.0,0.0,0.00014812182233876,0.000148121822338761,-0.00170359840046615,0.0,0.0,0.0,0.0447737144279367,0.0264332829568449,2.0,1.0,0.0165653107385999,225.6,0.0,0.0
190,266.8,0.0189932667647757,0.0189932667647757,-0.0227342222222222,0.0,0.0,0.0,-3999999.99999999,-4000000.00000001,-17332385.6041954,0.0,0.0,0.0,0.000148121822338762,0.00014812182233876,-0.00170359840046615,0.0,0.0,0.0,0.0450287436526454,0.0265838458427953,2.0,1.0,0.0166596660631179,226.8,0.0,0.0
191,268.0,0.0190999999825903,0.0190999999825903,-0.0228533333333333,0.0,0.0,0.0,-4000000.00000001,-3999999.99999999,-17332385.6041954,0.0,0.0,0.0,0.00014812182233876,0.000148121822338762,-0.00170359840046615,0.0,0.0,0.0,0.0452837728773542,0.0267344087287458,2.0,1.0,0.0167540213876359,228.0,0.0,0.0
192,269.2,0.0192067332004049,0.0192067332004049,-0.0229724444444444,0.0,0.0,0.0,-4000000.00000001,-3999999.99999999,-17332385.6041954,0.0,0.0,0.0,0.00014812182233876,0.000148121822338761,-0.00170359840046615,0.0,0.0,0.0,0.045538802102063,0.0268849716146962,2.0,1.0,0.0168483767121539,229.2,0.0,0.0
193,270.4,0.0193134664182194,0.0193134664182194,-0.0230915555555556,0.0,0.0,0.0,-4000000.0,-3999999.99999999,-17332385.6041954,0.0,0.0,0.0,0.00014812182233876,0.000148121822338762,-0.00170359840046615,0.0,0.0,0.0,0.0457938313267717,0.0270355345006467,2.0,1.0,0.0169427320366719,230.4,0.0,0.0
194,271.6,0.019420199636034,0.019420199636034,-0.0232106666666667,0.0,0.0,0.0,-3999999.99999999,-4000000.00000001,-17332385.6041954,0.0,0.0,0.0,0.000148121822338762,0.00014812182233876,-0.00170359840046615,0.0,0.0,0.0,0.0460488605514805,0.0271860973865971,2.0,1.0,0.0170370873611899,231.6,0.0,0.0
195,272.8,0.0195269328538485,0.0195269328538485,-0.0233297777777778,0.0,0.0,0.0,-3999999.99999999,-4000000.00000001,-17332385.6041954,0.0,0.0,0.0,0.000148121822338762,0.00014812182233876,-0.00170359840046615,0.0,0.0,0.0,0.0463038897761892,0.0273366602725476,2.0,1.0,0.0171314426857079,232.8,0.0,0.0
196,274.0,0.0196336660716631,0.0196336660716631,-0.0234488888888889,0.0,0.0,0.0,-4000000.00000001,-4000000.0,-17332385.6041954,0.0,0.0,0.0,0.00014812182233876,0.000148121822338761,-0.00170359840046615,0.0,0.0,0.0,0.046558919000898,0.027487223158498,2.0,1.0,0.017225798010226,234.0,0.0,0.0
197,275.2,0.0197403992894777,0.0197403992894777,-0.023568,0.0,0.0,0.0,-4000000.00000001,-3999999.99999999,-17332385.6041954,0.0,0.0,0.0,0.00014812182233876,0.000148121822338761,-0.00170359840046615,0.0,0.0,0.0,0.0468139482256067,0.0276377860444485,2.0,1.0,0.017320153334744,235.2,0.0,0.0
198,276.4,0.0198471325072922,0.0198471325072922,-0.0236871111111111,0.0,0.0,0.0,-4000000.00000001,-4000000.0,-17332385.6041954,0.0,0.0,0.0,0.00014812182233876,0.000148121822338761,-0.00170359840046615,0.0,0.0,0.0,0.0470689774503155,0.0277883489303989,2.0,1.0,0.017414508659262,236.4,0.0,0.0
199,277.6,0.0199538657251068,0.0199538657251068,-0.0238062222222222,0.0,0.0,0.0,-3999999.99999999,-4000000.00000001,-17332385.6041954,0.0,0.0,0.0,0.000148121822338762,0.00014812182233876,-0.00170359840046615,0.0,0.0,0.0,0.0473240066750243,0.0279389118163494,2.0,1.0,0.01750886398378,237.6,0.0,0.0
200,278.8,0.0200605989429214,0.0200605989429213,-0.0239253333333333,0.0,0.0,0.0,-3999999.99999999,-4000000.00000001,-17332385.6041954,0.0,0.0,0.0,0.000148121822338762,0.00014812182233876,-0.00170359840046615,0.0,0.0,0.0,0.047579035899733,0.0280894747022998,2.0,1.0,0.017603219308298,238.8,0.0,0.0
201,280.0,0.0201673321607359,0.0201673321607359,-0.0240444444444444,0.0,0.0,0.0,-3999999.99999999,-4000000.0,-17332385.6041954,0.0,0.0,0.0,0.000148121822338762,0.00014812182233876,-0.00170359840046615,0.0,0.0,0.0,0.0478340651244418,0.0282400375882503,2.0,1.0,0.017697574632816,240.0,0.0,0.0
202,281.2,0.0202740653785505,0.0202740653785505,-0.0241635555555556,0.0,0.0,0.0,-3999999.99999999,-4000000.0,-17332385.6041954,0.0,0.0,0.0,0.000148121822338762,0.00014812182233876,-0.00170359840046615,0.0,0.0,0.0,0.0480890943491505,0.0283906004742007,2.0,1.0,0.017791929957334,241.2,0.0,0.0
203,282.4,0.020380798596365,0.020380798596365,-0.0242826666666667,0.0,0.0,0.0,-4000000.00000001,-3999999.99999999,-17332385.6041954,0.0,0.0,0.0,0.00014812182233876,0.000148121822338762,-0.00170359840046615,0.0,0.0,0.0,0.0483441235738593,0.0285411633601512,2.0,1.0,0.017886285281852,242.4,0.0,0.0
204,283.6,0.0204875318141796,0.0204875318141796,-0.0244017777777778,0.0,0.0,0.0,-4000000.0,-3999999.99999999,-17332385.6041954,0.0,0.0,0.0,0.00014812182233876,0.000148121822338762,-0.00170359840046615,0.0,0.0,0.0,0.0485991527985681,0.0286917262461016,2.0,1.0,0.0179806406063701,243.6,0.0,0.0
205,284.8,0.0205942650319942,0.0205942650319942,-0.0245208888888889,0.0,0.0,0.0,-4000000.0,-3999999.99999999,-17332385.6041954,0.0,0.0,0.0,0.00014812182233876,0.000148121822338762,-0.00170359840046615,0.0,0.0,0.0,0.0488541820232768,0.0288422891320521,2.0,1.0,0.0180749959308881,244.8,0.0,0.0
206,286.0,0.0207009982498087,0.0207009982498087,-0.02464,0.0,0.0,0.0,-4000000.0,-4000000.00000001,-17332385.6041954,0.0,0.0,0.0,0.000148121822338762,0.00014812182233876,-0.00170359840046615,0.0,0.0,0.0,0.0491092112479856,0.0289928520180025,2.0,1.0,0.0181693512554061,246.0,0.0,0.0
207,287.2,0.0208077314676233,0.0208077314676233,-0.0247591111111111,0.0,0.0,0.0,-3999999.99999999,-4000000.00000001,-17332385.6041954,0.0,0.0,0.0,0.000148121822338762,0.00014812182233876,-0.00170359840046615,0.0,0.0,0.0,0.0493642404726943,0.029143414903953,2.0,1.0,0.0182637065799241,247.2,0.0,0.0
208,288.4,0.0209144646854378,0.0209144646854378,-0.0248782222222222,0.0,0.0,0.0,-3999999.99999999,-4000000.00000001,-17332385.6041954,0.0,0.0,0.0,0.000148121822338761,0.00014812182233876,-0.00170359840046615,0.0,0.0,0.0,0.0496192696974031,0.0292939777899034,2.0,1.0,0.0183580619044421,248.4,0.0,0.0
209,289.6,0.0210211979032524,0.0210211979032524,-0.0249973333333333,0.0,0.0,0.0,-4000000.00000001,-3999999.99999999,-17332385.6041954,0.0,0.0,0.0,0.00014812182233876,0.000148121822338762,-0.00170359840046615,0.0,0.0,0.0,0.0498742989221119,0.0294445406758539,2.0,1.0,0.0184524172289601,249.6,0.0,0.0
210,290.8,0.021127931121067,0.021127931121067,-0.0251164444444444,0.0,0.0,0.0,-4000000.00000001,-4000000.0,-17332385.6041954,0.0,0.0,0.0,0.00014812182233876,0.000148121822338761,-0.00170359840046615,0.0,0.0,0.0,0.0501293281468206,0.0295951035618043,2.0,1.0,0.0185467725534781,250.8,0.0,0.0
211,292.0,0.0212346643388815,0.0212346643388815,-0.0252355555555556,0.0,0.0,0.0,-4000000.0,-3999999.99999999,-17332385.6041954,0.0,0.0,0.0,0.00014812182233876,0.000148121822338761,-0.00170359840046615,0.0,0.0,0.0,0.0503843573715294,0.0297456664477548,2.0,1.0,0.0186411278779961,252.0,0.0,0.0
212,293.2,0.0213413975566961,0.0213413975566961,-0.0253546666666667,0.0,0.0,0.0,-4000000.0,-4000000.00000001,-17332385.6041954,0.0,0.0,0.0,0.000148121822338762,0.00014812182233876,-0.00170359840046615,0.0,0.0,0.0,0.0506393865962381,0.0298962293337052,2.0,1.0,0.0187354832025142,253.2,0.0,0.0
213,294.4,0.0214481307745107,0.0214481307745107,-0.0254737777777778,0.0,0.0,0.0,-3999999.99999999,-4000000.00000001,-17332385.6041954,0.0,0.0,0.0,0.000148121822338762,0.00014812182233876,-0.00170359840046615,0.0,0.0,0.0,0.0508944158209469,0.0300467922196556,2.0,1.0,0.0188298385270322,254.4,0.0,0.0
214,295.6,0.0215548639923252,0.0215548639923252,-0.0255928888888889,0.0,0.0,0.0,-3999999.99999999,-4000000.0,-17332385.6041954,0.0,0.0,0.0,0.000148121822338761,0.00014812182233876,-0.00170359840046615,0.0,0.0,0.0,0.0511494450456557,0.0301973551056061,2.0,1.0,0.0189241938515502,255.6,0.0,0.0
215,296.8,0.0216615972101398,0.0216615972101398,-0.025712,0.0,0.0,0.0,-4000000.00000001,-4000000.0,-17332385.6041954,0.0,0.0,0.0,0.00014812182233876,0.000148121822338762,-0.00170359840046615,0.0,0.0,0.0,0.0514044742703644,0.0303479179915566,2.0,1.0,0.0190185491760682,256.8,0.0,0.0
216,298.0,0.0217683304279543,0.0217683304279543,-0.0258311111111111,0.0,0.0,0.0,-4000000.00000001,-3999999.99999999,-17332385.6041954,0.0,0.0,0.0,0.00014812182233876,0.000148121822338762,-0.00170359840046615,0.0,0.0,0.0,0.0516595034950732,0.030498480877507,2.0,1.0,0.0191129045005862,258.0,0.0,0.0
217,299.2,0.0218750636457689,0.0218750636457689,-0.0259502222222222,0.0,0.0,0.0,-4000000.0,-3999999.99999999,-17332385.6041954,0.0,0.0,0.0,0.00014812182233876,0.000148121822338762,-0.00170359840046615,0.0,0.0,0.0,0.0519145327197819,0.0306490437634574,2.0,1.0,0.0192072598251042,259.2,0.0,0.0
218,300.4,0.0219817968635835,0.0219817968635835,-0.0260693333333333,0.0,0.0,0.0,-4000000.0,-3999999.99999999,-17332385.6041954,0.0,0.0,0.0,0.00014812182233876,0.000148121822338761,-0.00170359840046615,0.0,0.0,0.0,0.0521695619444907,0.0307996066494079,2.0,1.0,0.0193016151496222,260.4,0.0,0.0
219,301.6,0.022088530081398,0.022088530081398,-0.0261884444444444,0.0,0.0,0.0,-3999999.99999999,-4000000.00000001,-17332385.6041954,0.0,0.0,0.0,0.000148121822338762,0.00014812182233876,-0.00170359840046615,0.0,0.0,0.0,0.0524245911691994,0.0309501695353583,2.0,1.0,0.0193959704741402,261.6,0.0,0.0
220,302.8,0.0221952632992126,0.0221952632992126,-0.0263075555555556,0.0,0.0,0.0,-3999999.99999999,-4000000.0,-17332385.6041954,0.0,0.0,0.0,0.000148121822338762,0.00014812182233876,-0.00170359840046615,0.0,0.0,0.0,0.0526796203939082,0.0311007324213088,2.0,1.0,0.0194903257986583,262.8,0.0,0.0
221,304.0,0.0223019965170272,0.0223019965170272,-0.0264266666666667,0.0,0.0,0.0,-4000000.00000001,-4000000.0,-17332385.6041954,0.0,0.0,0.0,0.00014812182233876,0.000148121822338761,-0.00170359840046615,0.0,0.0,0.0,0.0529346496186169,0.0312512953072592,2.0,1.0,0.0195846811231763,264.0,0.0,0.0
222,305.2,0.0224087297348417,0.0224087297348417,-0.0265457777777778,0.0,0.0,0.0,-4000000.00000001,-4000000.0,-17332385.6041954,0.0,0.0,0.0,0.00014812182233876,0.000148121822338761,-0.00170359840046615,0.0,0.0,0.0,0.0531896788433257,0.0314018581932097,2.0,1.0,0.0196790364476943,265.2,0.0,0.0
223,306.4,0.0225154629526563,0.0225154629526563,-0.0266648888888889,0.0,0.0,0.0,-4000000.00000001,-4000000.0,-17332385.6041954,0.0,0.0,0.0,0.00014812182233876,0.000148121822338761,-0.00170359840046615,0.0,0.0,0.0,0.0534447080680345,0.0315524210791601,2.0,1.0,0.0197733917722123,266.4,0.0,0.0
224,307.6,0.0226221961704708,0.0226221961704708,-0.026784,0.0,0.0,0.0,-4000000.0,-3999999.99999999,-17332385.6041954,0.0,0.0,0.0,0.00014812182233876,0.000148121822338761,-0.00170359840046615,0.0,0.0,0.0,0.0536997372927432,0.0317029839651106,2.0,1.0,0.0198677470967303,267.6,0.0,0.0
225,308.8,0.0227289293882854,0.0227289293882854,-0.0269031111111111,0.0,0.0,0.0,-3999999.99999999,-4000000.00000001,-17332385.6041954,0.0,0.0,0.0,0.000148121822338762,0.000148121822338759,-0.00170359840046615,0.0,0.0,0.0,0.053954766517452,0.031853546851061,2.0,1.0,0.0199621024212483,268.8,0.0,0.0
226,310.0,0.0228356626061,0.0228356626061,-0.0270222222222222,0.0,0.0,0.0,-3999999.99999999,-4000000.00000001,-17332385.6041954,0.0,0.0,0.0,0.000148121822338762,0.00014812182233876,-0.00170359840046615,0.0,0.0,0.0,0.0542097957421607,0.0320041097370115,2.0,1.0,0.0200564577457663,270.0,0.0,0.0
227,311.2,0.0229423958239145,0.0229423958239145,-0.0271413333333333,0.0,0.0,0.0,-4000000.00000001,-4000000.0,-17332385.6041954,0.0,0.0,0.0,0.00014812182233876,0.000148121822338761,-0.00170359840046615,0.0,0.0,0.0,0.0544648249668695,0.0321546726229619,2.0,1.0,0.0201508130702843,271.2,0.0,0.0
228,312.4,0.0230491290417291,0.0230491290417291,-0.0272604444444444,0.0,0.0,0.0,-4000000.00000001,-4000000.0,-17332385.6041954,0.0,0.0,0.0,0.00014812182233876,0.000148121822338761,-0.00170359840046615,0.0,0.0,0.0,0.0547198541915782,0.0323052355089124,2.0,1.0,0.0202451683948024,272.4,0.0,0.0
229,313.6,0.0231558622595437,0.0231558622595436,-0.0273795555555556,0.0,0.0,0.0,-4000000.0,-4000000.0,-17332385.6041954,0.0,0.0,0.0,0.00014812182233876,0.000148121822338761,-0.00170359840046615,0.0,0.0,0.0,0.054974883416287,0.0324557983948628,2.0,1.0,0.0203395237193204,273.6,0.0,0.0
230,314.8,0.0232625954773582,0.0232625954773582,-0.0274986666666667,0.0,0.0,0.0,-4000000.0,-3999999.99999999,-17332385.6041954,0.0,0.0,0.0,0.00014812182233876,0.000148121822338761,-0.00170359840046615,0.0,0.0,0.0,0.0552299126409958,0.0326063612808133,2.0,1.0,0.0204338790438384,274.8,0.0,0.0
231,316.0,0.0233693286951728,0.0233693286951728,-0.0276177777777778,0.0,0.0,0.0,-3999999.99999999,-4000000.00000001,-17332385.6041954,0.0,0.0,0.0,0.000148121822338762,0.00014812182233876,-0.00170359840046615,0.0,0.0,0.0,0.0554849418657045,0.0327569241667637,2.0,1.0,0.0205282343683564,276.0,0.0,0.0
232,317.2,0.0234760619129873,0.0234760619129873,-0.0277368888888889,0.0,0.0,0.0,-3999999.99999999,-4000000.00000001,-17332385.6041954,0.0,0.0,0.0,0.000148121822338762,0.00014812182233876,-0.00170359840046615,0.0,0.0,0.0,0.0557399710904133,0.0329074870527142,2.0,1.0,0.0206225896928744,277.2,0.0,0.0
233,318.4,0.0235827951308019,0.0235827951308019,-0.027856,0.0,0.0,0.0,-3999999.99999999,-4000000.0,-17332385.6041954,0.0,0.0,0.0,0.000148121822338762,0.00014812182233876,-0.00170359840046615,0.0,0.0,0.0,0.055995000315122,0.0330580499386646,2.0,1.0,0.0207169450173924,278.4,0.0,0.0
234,319.6,0.0236895283486165,0.0236895283486165,-0.0279751111111111,0.0,0.0,0.0,-3999999.99999999,-4000000.0,-17332385.6041954,0.0,0.0,0.0,0.000148121822338762,0.00014812182233876,-0.00170359840046615,0.0,0.0,0.0,0.0562500295398308,0.0332086128246151,2.0,1.0,0.0208113003419104,279.6,0.0,0.0
235,320.8,0.023796261566431,0.023796261566431,-0.0280942222222222,0.0,0.0,0.0,-4000000.00000001,-3999999.99999999,-17332385.6041954,0.0,0.0,0.0,0.00014812182233876,0.000148121822338762,-0.00170359840046615,0.0,0.0,0.0,0.0565050587645396,0.0333591757105655,2.0,1.0,0.0209056556664284,280.8,0.0,0.0
236,322.0,0.0239029947842456,0.0239029947842456,-0.0282133333333333,0.0,0.0,0.0,-4000000.0,-3999999.99999999,-17332385.6041954,0.0,0.0,0.0,0.00014812182233876,0.000148121822338762,-0.00170359840046615,0.0,0.0,0.0,0.0567600879892483,0.033509738596516,2.0,1.0,0.0210000109909465,282.0,0.0,0.0
237,323.2,0.0240097280020601,0.0240097280020601,-0.0283324444444444,0.0,0.0,0.0,-4000000.0,-3999999.99999999,-17332385.6041954,0.0,0.0,0.0,0.00014812182233876,0.000148121822338762,-0.00170359840046615,0.0,0.0,0.0,0.0570151172139571,0.0336603014824664,2.0,1.0,0.0210943663154645,283.2,0.0,0.0
238,324.4,0.0241164612198747,0.0241164612198747,-0.0284515555555556,0.0,0.0,0.0,-3999999.99999999,-4000000.00000001,-17332385.6041954,0.0,0.0,0.0,0.000148121822338762,0.00014812182233876,-0.00170359840046615,0.0,0.0,0.0,0.0572701464386658,0.0338108643684169,2.0,1.0,0.0211887216399825,284.4,0.0,0.0
239,325.6,0.0242231944376893,0.0242231944376893,-0.0285706666666667,0.0,0.0,0.0,-3999999.99999999,-4000000.00000001,-17332385.6041954,0.0,0.0,0.0,0.000148121822338762,0.00014812182233876,-0.00170359840046615,0.0,0.0,0.0,0.0575251756633746,0.0339614272543673,2.0,1.0,0.0212830769645005,285.6,0.0,0.0
240,326.8,0.0243299276555038,0.0243299276555038,-0.0286897777777778,0.0,0.0,0.0,-4000000.00000001,-4000000.0,-17332385.6041954,0.0,0.0,0.0,0.00014812182233876,0.000148121822338762,-0.00170359840046615,0.0,0.0,0.0,0.0577802048880834,0.0341119901403178,2.0,1.0,0.0213774322890185,286.8,0.0,0.0
241,328.0,0.0244366608733184,0.0244366608733184,-0.0288088888888889,0.0,0.0,0.0,-4000000.00000001,-4000000.0,-17332385.6041954,0.0,0.0,0.0,0.00014812182233876,0.000148121822338761,-0.00170359840046615,0.0,0.0,0.0,0.0580352341127921,0.0342625530262682,2.0,1.0,0.0214717876135365,288.0,0.0,0.0
242,329.2,0.024543394091133,0.024543394091133,-0.028928,0.0,0.0,0.0,-4000000.00000001,-4000000.0,-17332385.6041954,0.0,0.0,0.0,0.00014812182233876,0.000148121822338761,-0.00170359840046615,0.0,0.0,0.0,0.0582902633375009,0.0344131159122187,2.0,1.0,0.0215661429380545,289.2,0.0,0.0
243,330.4,0.0246501273089475,0.0246501273089475,-0.0290471111111111,0.0,0.0,0.0,-4000000.0,-3999999.99999999,-17332385.6041954,0.0,0.0,0.0,0.00014812182233876,0.000148121822338761,-0.00170359840046615,0.0,0.0,0.0,0.0585452925622096,0.0345636787981691,2.0,1.0,0.0216604982625725,290.4,0.0,0.0
244,331.6,0.0247568605267621,0.0247568605267621,-0.0291662222222222,0.0,0.0,0.0,-4000000.0,-3999999.99999999,-17332385.6041954,0.0,0.0,0.0,0.00014812182233876,0.000148121822338761,-0.00170359840046615,0.0,0.0,0.0,0.0588003217869184,0.0347142416841196,2.0,1.0,0.0217548535870906,291.6,0.0,0.0
245,332.8,0.0248635937445766,0.0248635937445766,-0.0292853333333333,0.0,0.0,0.0,-3999999.99999999,-4000000.00000001,-17332385.6041954,0.0,0.0,0.0,0.000148121822338762,0.000148121822338759,-0.00170359840046615,0.0,0.0,0.0,0.0590553510116271,0.03486480457007,2.0,1.0,0.0218492089116086,292.8,0.0,0.0
246,334.0,0.0249703269623912,0.0249703269623912,-0.0294044444444444,0.0,0.0,0.0,-4000000.00000001,-4000000.0,-17332385.6041954,0.0,0.0,0.0,0.00014812182233876,0.000148121822338761,-0.00170359840046615,0.0,0.0,0.0,0.0593103802363359,0.0350153674560205,2.0,1.0,0.0219435642361266,294.0,0.0,0.0
247,335.2,0.0250770601802058,0.0250770601802058,-0.0295235555555556,0.0,0.0,0.0,-4000000.00000001,-4000000.0,-17332385.6041954,0.0,0.0,0.0,0.00014812182233876,0.000148121822338761,-0.00170359840046615,0.0,0.0,0.0,0.0595654094610447,0.0351659303419709,2.0,1.0,0.0220379195606446,295.2,0.0,0.0
248,336.4,0.0251837933980203,0.0251837933980203,-0.0296426666666667,0.0,0.0,0.0,-4000000.00000001,-4000000.0,-17332385.6041954,0.0,0.0,0.0,0.00014812182233876,0.000148121822338761,-0.00170359840046615,0.0,0.0,0.0,0.0598204386857534,0.0353164932279214,2.0,1.0,0.0221322748851626,296.4,0.0,0.0
249,337.6,0.0252905266158349,0.0252905266158349,-0.0297617777777778,0.0,0.0,0.0,-4000000.0,-4000000.0,-17332385.6041954,0.0,0.0,0.0,0.00014812182233876,0.000148121822338761,-0.00170359840046615,0.0,0.0,0.0,0.0600754679104622,0.0354670561138718,2.0,1.0,0.0222266302096806,297.6,0.0,0.0
250,338.8,0.0253972598336495,0.0253972598336494,-0.0298808888888889,0.0,0.0,0.0,-4000000.0,-3999999.99999999,-17332385.6041954,0.0,0.0,0.0,0.00014812182233876,0.000148121822338761,-0.00170359840046615,0.0,0.0,0.0,0.060330497135171,0.0356176189998223,2.0,1.0,0.0223209855341986,298.8,0.0,0.0
251,340.0,0.025503993051464,0.025503993051464,-0.03,0.0,0.0,0.0,-4000000.0,-3999999.99999999,-17332385.6041954,0.0,0.0,0.0,0.000148121822338761,0.000148121822338761,-0.00170359840046615,0.0,0.0,0.0,0.0605855263598797,0.0357681818857727,2.0,1.0,0.0224153408587166,300.0,0.0,0.0
