,INST,EPXX,EPYY,EPZZ,EPXY,EPXZ,EPYZ,SIXX,SIYY,SIZZ,SIXY,SIXZ,SIYZ,EPXX_EL,EPYY_EL,EPZZ_EL,EPXY_EL,EPXZ_EL,EPYZ_EL,LAMBDA,NITER,IP,EVP,GAMMAP,TIME,E_STORED,E_DISSIPATED
0,0.0,0.0,0.0,0.0,0.0,0.0,0.0,0.0,0.0,0.0,0.0,0.0,0.0,0.0,0.0,0.0,0.0,0.0,0.0,0.0,0.0,0.0,0.0,0.0,0.0,0.0,0.0
1,40.0,-0.000222222222222222,-0.000222222222222222,-0.000222222222222222,0.0,0.0,0.0,-4000000.0,-4000000.0,-4000000.0,0.0,0.0,0.0,-0.000222222222222222,-0.000222222222222222,-0.000222222222222222,0.0,0.0,0.0,0.0,2.0,0.0,0.0,0.0,40.0,0.0,0.0
2,41.2,-0.000192444444444444,-0.000192444444444444,-0.000341333333333333,0.0,0.0,0.0,-4000000.0,-4000000.0,-5072000.0,0.0,0.0,0.0,-0.000192444444444444,-0.000192444444444444,-0.000341333333333334,0.0,0.0,0.0,0.0,2.0,0.0,0.0,0.0,1.2,0.0,0.0
3,42.4,-0.000162666666666666,-0.000162666666666667,-0.000460444444444444,0.0,0.0,0.0,-4000000.0,-4000000.0,-6144000.0,0.0,0.0,0.0,-0.000162666666666667,-0.000162666666666667,-0.000460444444444444,0.0,0.0,0.0,0.0,2.0,0.0,0.0,0.0,2.4,0.0,0.0
4,43.6,-0.000132888888888889,-0.000132888888888889,-0.000579555555555555,0.0,0.0,0.0,-4000000.0,-4000000.0,-7216000.0,0.0,0.0,0.0,-0.000132888888888889,-0.000132888888888889,-0.000579555555555556,0.0,0.0,0.0,0.0,2.0,0.0,0.0,0.0,3.6,0.0,0.0
5,44.8,-0.000103111111111111,-0.000103111111111111,-0.000698666666666666,0.0,0.0,0.0,-4000000.0,-4000000.0,-8288000.0,0.0,0.0,0.0,-0.000103111111111111,-0.000103111111111111,-0.000698666666666666,0.0,0.0,0.0,0.0,2.0,0.0,0.0,0.0,4.8,0.0,0.0
6,46.0,-7.33333333333332e-05,-7.33333333333332e-05,-0.000817777777777778,0.0,0.0,0.0,-4000000.0,-4000000.0,-9360000.0,0.0,0.0,0.0,-7.33333333333334e-05,-7.33333333333334e-05,-0.000817777777777778,0.0,0.0,0.0,0.0,2.0,0.0,0.0,0.0,6.0,0.0,0.0
7,47.2,-4.35555555555553e-05,-4.35555555555553e-05,-0.000936888888888889,0.0,0.0,0.0,-4000000.0,-4000000.0,-10432000.0,0.0,0.0,0.0,-4.35555555555555e-05,-4.35555555555555e-05,-0.000936888888888889,0.0,0.0,0.0,0.0,2.0,0.0,0.0,0.0,7.2,0.0,0.0
8,48.4,-1.37777777777776e-05,-1.37777777777776e-05,-0.001056,0.0,0.0,0.0,-4000000.0,-4000000.0,-11504000.0,0.0,0.0,0.0,-1.37777777777778e-05,-1.37777777777778e-05,-0.001056,0.0,0.0,0.0,0.0,2.0,0.0,0.0,0.0,8.4,0.0,0.0
9,49.6,1.60000000000003e-05,1.60000000000002e-05,-0.00117511111111111,0.0,0.0,0.0,-4000000.0,-4000000.0,-12576000.0,0.0,0.0,0.0,1.6e-05,1.60000000000001e-05,-0.00117511111111111,0.0,0.0,0.0,0.0,2.0,0.0,0.0,0.0,9.6,0.0,0.0
10,50.8,4.5777777777778e-05,4.57777777777779e-05,-0.00129422222222222,0.0,0.0,0.0,-4000000.0,-4000000.0,-13648000.0,0.0,0.0,0.0,4.57777777777777e-05,4.57777777777777e-05,-0.00129422222222222,0.0,0.0,0.0,0.0,2.0,0.0,0.0,0.0,10.8,0.0,0.0
11,52.0,7.55555555555558e-05,7.55555555555557e-05,-0.00141333333333333,0.0,0.0,0.0,-4000000.0,-4000000.0,-14720000.0,0.0,0.0,0.0,7.55555555555556e-05,7.55555555555556e-05,-0.00141333333333333,0.0,0.0,0.0,0.0,2.0,0.0,0.0,0.0,12.0,0.0,0.0
12,53.2,0.000105333333333334,0.000105333333333334,-0.00153244444444444,0.0,0.0,0.0,-4000000.0,-4000000.0,-15792000.0,0.0,0.0,0.0,0.000105333333333333,0.000105333333333333,-0.00153244444444444,0.0,0.0,0.0,0.0,2.0,0.0,0.0,0.0,13.2,0.0,0.0
13,54.4,0.000135111111111111,0.000135111111111111,-0.00165155555555556,0.0,0.0,0.0,-4000000.0,-4000000.0,-16864000.0,0.0,0.0,0.0,0.000135111111111111,0.000135111111111111,-0.00165155555555556,0.0,0.0,0.0,0.0,2.0,0.0,0.0,0.0,14.4,0.0,0.0
14,55.6,0.000164888888888889,0.000164888888888889,-0.00177066666666667,0.0,0.0,0.0,-4000000.0,-4000000.0,-17936000.0,0.0,0.0,0.0,0.000164888888888889,0.000164888888888889,-0.00177066666666667,0.0,0.0,0.0,0.0,2.0,0.0,0.0,0.0,15.6,0.0,0.0
15,56.8,0.000194666666666667,0.000194666666666667,-0.00188977777777778,0.0,0.0,0.0,-4000000.0,-4000000.0,-19008000.0,0.0,0.0,0.0,0.000194666666666667,0.000194666666666667,-0.00188977777777778,0.0,0.0,0.0,0.0,2.0,0.0,0.0,0.0,16.8,0.0,0.0
16,58.0,0.000224444444444445,0.000224444444444445,-0.00200888888888889,0.0,0.0,0.0,-4000000.0,-4000000.0,-20080000.0,0.0,0.0,0.0,0.000224444444444444,0.000224444444444444,-0.00200888888888889,0.0,0.0,0.0,0.0,2.0,0.0,0.0,0.0,18.0,0.0,0.0
17,59.2,0.000254222222222223,0.000254222222222223,-0.002128,0.0,0.0,0.0,-4000000.0,-4000000.0,-21152000.0,0.0,0.0,0.0,0.000254222222222222,0.000254222222222222,-0.002128,0.0,0.0,0.0,0.0,2.0,0.0,0.0,0.0,19.2,0.0,0.0
18,60.4,0.000284,0.000284,-0.00224711111111111,0.0,0.0,0.0,-4000000.0,-4000000.0,-22224000.0,0.0,0.0,0.0,0.000284,0.000284,-0.00224711111111111,0.0,0.0,0.0,0.0,2.0,0.0,0.0,0.0,20.4,0.0,0.0
19,61.6,0.000322005051093579,0.000322005051093579,-0.00236622222222222,0.0,0.0,0.0,-4000000.0,-4000000.0,-23211075.4450604,0.0,0.0,0.0,0.000311418762362788,0.000311418762362788,-0.00235678616056226,0.0,0.0,0.0,2.21045414452775e-05,2.0,1.0,1.17365158016214e-05,1.33482335938326e-05,21.6,0.0,0.0
20,62.8,0.000455635442533068,0.000455635442533068,-0.00248533333333333,0.0,0.0,0.0,-4000000.0,-4000000.0,-23211075.4450604,0.0,0.0,0.0,0.000311418762362788,0.000311418762362788,-0.00235678616056226,0.0,0.0,0.0,0.000301129476532456,2.0,1.0,0.000159886187569488,0.000181842568627566,22.8,0.0,0.0
21,64.0,0.000589265833972558,0.000589265833972558,-0.00260444444444444,0.0,0.0,0.0,-4000000.0,-4000000.0,-23211075.4450604,0.0,0.0,0.0,0.000311418762362788,0.000311418762362788,-0.00235678616056226,0.0,0.0,0.0,0.000580154411619637,2.0,1.0,0.000308035859337356,0.0003503369036613,24.0,0.0,0.0
22,65.2,0.000722896225412047,0.000722896225412047,-0.00272355555555556,0.0,0.0,0.0,-4000000.0,-4000000.0,-23211075.4450604,0.0,0.0,0.0,0.000311418762362788,0.000311418762362788,-0.00235678616056226,0.0,0.0,0.0,0.000859179346706817,2.0,1.0,0.000456185531105223,0.000518831238695034,25.2,0.0,0.0
23,66.4,0.000856526616851537,0.000856526616851537,-0.00284266666666667,0.0,0.0,0.0,-4000000.0,-4000000.0,-23211075.4450604,0.0,0.0,0.0,0.000311418762362788,0.000311418762362788,-0.00235678616056226,0.0,0.0,0.0,0.001138204281794,2.0,1.0,0.000604335202873091,0.000687325573728768,26.4,0.0,0.0
24,67.6,0.000990157008291025,0.000990157008291025,-0.00296177777777778,0.0,0.0,0.0,-4000000.0,-4000000.0,-23211075.4450604,0.0,0.0,0.0,0.000311418762362788,0.000311418762362788,-0.00235678616056226,0.0,0.0,0.0,0.00141722921688117,2.0,1.0,0.000752484874640956,0.0008558199087625,27.6,0.0,0.0
25,68.8,0.00112378739973051,0.00112378739973051,-0.00308088888888889,0.0,0.0,0.0,-4000000.0,-4000000.0,-23211075.4450604,0.0,0.0,0.0,0.000311418762362788,0.000311418762362788,-0.00235678616056226,0.0,0.0,0.0,0.00169625415196835,2.0,1.0,0.000900634546408824,0.00102431424379623,28.8,0.0,0.0
26,70.0,0.00125741779117,0.00125741779117,-0.0032,0.0,0.0,0.0,-4000000.0,-4000000.0,-23211075.4450604,0.0,0.0,0.0,0.000311418762362788,0.000311418762362788,-0.00235678616056226,0.0,0.0,0.0,0.00197527908705553,2.0,1.0,0.00104878421817669,0.00119280857882997,30.0,0.0,0.0
27,71.2,0.00139104818260949,0.00139104818260949,-0.00331911111111111,0.0,0.0,0.0,-4000000.0,-4000000.0,-23211075.4450604,0.0,0.0,0.0,0.000311418762362788,0.000311418762362788,-0.00235678616056226,0.0,0.0,0.0,0.00225430402214271,2.0,1.0,0.00119693388994456,0.0013613029138637,31.2,0.0,0.0
28,72.4,0.00152467857404898,0.00152467857404898,-0.00343822222222222,0.0,0.0,0.0,-4000000.0,-4000000.0,-23211075.4450604,0.0,0.0,0.0,0.000311418762362788,0.000311418762362788,-0.00235678616056226,0.0,0.0,0.0,0.00253332895722989,2.0,1.0,0.00134508356171243,0.00152979724889744,32.4,0.0,0.0
29,73.6,0.00165830896548847,0.00165830896548847,-0.00355733333333333,0.0,0.0,0.0,-4000000.0,-4000000.0,-23211075.4450604,0.0,0.0,0.0,0.000311418762362788,0.000311418762362788,-0.00235678616056226,0.0,0.0,0.0,0.00281235389231707,2.0,1.0,0.00149323323348029,0.00169829158393117,33.6,0.0,0.0
30,74.8,0.00179193935692796,0.00179193935692796,-0.00367644444444444,0.0,0.0,0.0,-4000000.0,-4000000.0,-23211075.4450604,0.0,0.0,0.0,0.000311418762362788,0.000311418762362788,-0.00235678616056226,0.0,0.0,0.0,0.00309137882740425,2.0,1.0,0.00164138290524816,0.0018667859189649,34.8,0.0,0.0
31,76.0,0.00192556974836745,0.00192556974836745,-0.00379555555555556,0.0,0.0,0.0,-4000000.0,-4000000.0,-23211075.4450604,0.0,0.0,0.0,0.000311418762362788,0.000311418762362788,-0.00235678616056226,0.0,0.0,0.0,0.00337040376249143,2.0,1.0,0.00178953257701603,0.00203528025399864,36.0,0.0,0.0
32,77.2,0.00205920013980694,0.00205920013980694,-0.00391466666666667,0.0,0.0,0.0,-4000000.0,-4000000.0,-23211075.4450604,0.0,0.0,0.0,0.000311418762362788,0.000311418762362788,-0.00235678616056226,0.0,0.0,0.0,0.00364942869757861,2.0,1.0,0.00193768224878389,0.00220377458903237,37.2,0.0,0.0
33,78.4,0.00219283053124643,0.00219283053124643,-0.00403377777777778,0.0,0.0,0.0,-4000000.0,-4000000.0,-23211075.4450604,0.0,0.0,0.0,0.000311418762362788,0.000311418762362788,-0.00235678616056226,0.0,0.0,0.0,0.00392845363266579,2.0,1.0,0.00208583192055176,0.0023722689240661,38.4,0.0,0.0
34,79.6,0.00232646092268592,0.00232646092268592,-0.00415288888888889,0.0,0.0,0.0,-4000000.0,-4000000.0,-23211075.4450604,0.0,0.0,0.0,0.000311418762362788,0.000311418762362788,-0.00235678616056226,0.0,0.0,0.0,0.00420747856775297,2.0,1.0,0.00223398159231963,0.00254076325909984,39.6,0.0,0.0
35,80.8,0.00246009131412541,0.00246009131412541,-0.004272,0.0,0.0,0.0,-4000000.0,-4000000.0,-23211075.4450604,0.0,0.0,0.0,0.000311418762362788,0.000311418762362788,-0.00235678616056226,0.0,0.0,0.0,0.00448650350284015,2.0,1.0,0.00238213126408749,0.00270925759413357,40.8,0.0,0.0
36,82.0,0.0025937217055649,0.0025937217055649,-0.00439111111111111,0.0,0.0,0.0,-4000000.0,-4000000.0,-23211075.4450604,0.0,0.0,0.0,0.000311418762362788,0.000311418762362788,-0.00235678616056226,0.0,0.0,0.0,0.00476552843792732,2.0,1.0,0.00253028093585536,0.0028777519291673,42.0,0.0,0.0
37,83.2,0.00272735209700438,0.00272735209700438,-0.00451022222222222,0.0,0.0,0.0,-4000000.0,-4000000.0,-23211075.4450604,0.0,0.0,0.0,0.000311418762362788,0.000311418762362788,-0.00235678616056226,0.0,0.0,0.0,0.0050445533730145,2.0,1.0,0.00267843060762323,0.00304624626420104,43.2,0.0,0.0
38,84.4,0.00286098248844387,0.00286098248844388,-0.00462933333333333,0.0,0.0,0.0,-4000000.0,-4000000.0,-23211075.4450604,0.0,0.0,0.0,0.000311418762362788,0.000311418762362788,-0.00235678616056226,0.0,0.0,0.0,0.00532357830810168,2.0,1.0,0.0028265802793911,0.00321474059923477,44.4,0.0,0.0
39,85.6,0.00299461287988336,0.00299461287988336,-0.00474844444444444,0.0,0.0,0.0,-4000000.0,-4000000.0,-23211075.4450604,0.0,0.0,0.0,0.000311418762362788,0.000311418762362788,-0.00235678616056226,0.0,0.0,0.0,0.00560260324318886,2.0,1.0,0.00297472995115896,0.0033832349342685,45.6,0.0,0.0
40,86.8,0.00312824327132285,0.00312824327132285,-0.00486755555555555,0.0,0.0,0.0,-4000000.0,-4000000.0,-23211075.4450604,0.0,0.0,0.0,0.000311418762362788,0.000311418762362788,-0.00235678616056226,0.0,0.0,0.0,0.00588162817827604,2.0,1.0,0.00312287962292683,0.00355172926930224,46.8,0.0,0.0
41,88.0,0.00326187366276234,0.00326187366276234,-0.00498666666666667,0.0,0.0,0.0,-4000000.0,-4000000.0,-23211075.4450604,0.0,0.0,0.0,0.000311418762362788,0.000311418762362788,-0.00235678616056226,0.0,0.0,0.0,0.00616065311336322,2.0,1.0,0.00327102929469469,0.00372022360433597,48.0,0.0,0.0
42,89.2,0.00339550405420183,0.00339550405420183,-0.00510577777777778,0.0,0.0,0.0,-4000000.0,-4000000.0,-23211075.4450604,0.0,0.0,0.0,0.000311418762362788,0.000311418762362788,-0.00235678616056226,0.0,0.0,0.0,0.0064396780484504,2.0,1.0,0.00341917896646256,0.0038887179393697,49.2,0.0,0.0
43,90.4,0.00352913444564132,0.00352913444564132,-0.00522488888888889,0.0,0.0,0.0,-4000000.0,-4000000.0,-23211075.4450604,0.0,0.0,0.0,0.000311418762362788,0.000311418762362788,-0.00235678616056226,0.0,0.0,0.0,0.00671870298353758,2.0,1.0,0.00356732863823043,0.00405721227440344,50.4,0.0,0.0
44,91.6,0.00366276483708081,0.00366276483708081,-0.005344,0.0,0.0,0.0,-4000000.0,-4000000.0,-23211075.4450604,0.0,0.0,0.0,0.000311418762362788,0.000311418762362788,-0.00235678616056226,0.0,0.0,0.0,0.00699772791862475,2.0,1.0,0.0037154783099983,0.00422570660943717,51.6,0.0,0.0
45,92.8,0.0037963952285203,0.0037963952285203,-0.00546311111111111,0.0,0.0,0.0,-4000000.0,-4000000.0,-23211075.4450604,0.0,0.0,0.0,0.000311418762362788,0.000311418762362788,-0.00235678616056226,0.0,0.0,0.0,0.00727675285371193,2.0,1.0,0.00386362798176616,0.0043942009444709,52.8,0.0,0.0
46,94.0,0.00393002561995979,0.00393002561995979,-0.00558222222222222,0.0,0.0,0.0,-4000000.0,-4000000.0,-23211075.4450604,0.0,0.0,0.0,0.000311418762362788,0.000311418762362788,-0.00235678616056226,0.0,0.0,0.0,0.00755577778879911,2.0,1.0,0.00401177765353403,0.00456269527950464,54.0,0.0,0.0
47,95.2,0.00406365601139928,0.00406365601139928,-0.00570133333333333,0.0,0.0,0.0,-4000000.0,-4000000.0,-23211075.4450604,0.0,0.0,0.0,0.000311418762362788,0.000311418762362788,-0.00235678616056226,0.0,0.0,0.0,0.00783480272388629,2.0,1.0,0.0041599273253019,0.00473118961453837,55.2,0.0,0.0
48,96.4,0.00419728640283877,0.00419728640283877,-0.00582044444444444,0.0,0.0,0.0,-4000000.0,-4000000.0,-23211075.4450604,0.0,0.0,0.0,0.000311418762362788,0.000311418762362788,-0.00235678616056226,0.0,0.0,0.0,0.00811382765897348,2.0,1.0,0.00430807699706977,0.00489968394957211,56.4,0.0,0.0
49,97.6,0.00433091679427825,0.00433091679427826,-0.00593955555555555,0.0,0.0,0.0,-4000000.0,-4000000.0,-23211075.4450604,0.0,0.0,0.0,0.000311418762362788,0.000311418762362788,-0.00235678616056226,0.0,0.0,0.0,0.00839285259406065,2.0,1.0,0.00445622666883763,0.00506817828460584,57.6,0.0,0.0
50,98.8,0.00446454718571774,0.00446454718571775,-0.00605866666666667,0.0,0.0,0.0,-4000000.0,-4000000.0,-23211075.4450604,0.0,0.0,0.0,0.000311418762362788,0.000311418762362788,-0.00235678616056226,0.0,0.0,0.0,0.00867187752914783,2.0,1.0,0.0046043763406055,0.00523667261963957,58.8,0.0,0.0
51,100.0,0.00459817757715723,0.00459817757715724,-0.00617777777777778,0.0,0.0,0.0,-4000000.0,-4000000.0,-23211075.4450604,0.0,0.0,0.0,0.000311418762362788,0.000311418762362788,-0.00235678616056226,0.0,0.0,0.0,0.00895090246423501,2.0,1.0,0.00475252601237337,0.00540516695467331,60.0,0.0,0.0
52,101.2,0.00473180796859672,0.00473180796859672,-0.00629688888888889,0.0,0.0,0.0,-4000000.0,-4000000.0,-23211075.4450604,0.0,0.0,0.0,0.000311418762362788,0.000311418762362788,-0.00235678616056226,0.0,0.0,0.0,0.00922992739932219,2.0,1.0,0.00490067568414123,0.00557366128970704,61.2,0.0,0.0
53,102.4,0.00486543836003621,0.00486543836003621,-0.006416,0.0,0.0,0.0,-4000000.0,-4000000.0,-23211075.4450604,0.0,0.0,0.0,0.000311418762362788,0.000311418762362788,-0.00235678616056226,0.0,0.0,0.0,0.00950895233440937,2.0,1.0,0.0050488253559091,0.00574215562474077,62.4,0.0,0.0
54,103.6,0.0049990687514757,0.0049990687514757,-0.00653511111111111,0.0,0.0,0.0,-4000000.0,-4000000.0,-23211075.4450604,0.0,0.0,0.0,0.000311418762362788,0.000311418762362788,-0.00235678616056226,0.0,0.0,0.0,0.00978797726949655,2.0,1.0,0.00519697502767697,0.00591064995977451,63.6,0.0,0.0
55,104.8,0.00513269914291519,0.00513269914291519,-0.00665422222222222,0.0,0.0,0.0,-4000000.0,-4000000.0,-23211075.4450604,0.0,0.0,0.0,0.000311418762362788,0.000311418762362788,-0.00235678616056226,0.0,0.0,0.0,0.0100670022045837,2.0,1.0,0.00534512469944483,0.00607914429480824,64.8,0.0,0.0
56,106.0,0.00526632953435468,0.00526632953435468,-0.00677333333333333,0.0,0.0,0.0,-4000000.0,-4000000.0,-23211075.4450604,0.0,0.0,0.0,0.000311418762362788,0.000311418762362788,-0.00235678616056226,0.0,0.0,0.0,0.0103460271396709,2.0,1.0,0.0054932743712127,0.00624763862984197,66.0,0.0,0.0
57,107.2,0.00539995992579417,0.00539995992579417,-0.00689244444444444,0.0,0.0,0.0,-4000000.0,-4000000.0,-23211075.4450604,0.0,0.0,0.0,0.000311418762362788,0.000311418762362788,-0.00235678616056226,0.0,0.0,0.0,0.0106250520747581,2.0,1.0,0.00564142404298057,0.00641613296487571,67.2,0.0,0.0
58,108.4,0.00553359031723366,0.00553359031723366,-0.00701155555555555,0.0,0.0,0.0,-4000000.0,-4000000.0,-23211075.4450604,0.0,0.0,0.0,0.000311418762362788,0.000311418762362788,-0.00235678616056226,0.0,0.0,0.0,0.0109040770098453,2.0,1.0,0.00578957371474843,0.00658462729990944,68.4,0.0,0.0
59,109.6,0.00566722070867315,0.00566722070867315,-0.00713066666666667,0.0,0.0,0.0,-4000000.0,-4000000.0,-23211075.4450604,0.0,0.0,0.0,0.000311418762362788,0.000311418762362788,-0.00235678616056226,0.0,0.0,0.0,0.0111831019449324,2.0,1.0,0.0059377233865163,0.00675312163494317,69.6,0.0,0.0
60,110.8,0.00580085110011264,0.00580085110011264,-0.00724977777777778,0.0,0.0,0.0,-4000000.0,-4000000.0,-23211075.4450604,0.0,0.0,0.0,0.000311418762362788,0.000311418762362788,-0.00235678616056226,0.0,0.0,0.0,0.0114621268800196,2.0,1.0,0.00608587305828417,0.0069216159699769,70.8,0.0,0.0
61,112.0,0.00593448149155213,0.00593448149155213,-0.00736888888888889,0.0,0.0,0.0,-4000000.0,-4000000.0,-23211075.4450604,0.0,0.0,0.0,0.000311418762362788,0.000311418762362788,-0.00235678616056226,0.0,0.0,0.0,0.0117411518151068,2.0,1.0,0.00623402273005203,0.00709011030501064,72.0,0.0,0.0
62,113.2,0.00606811188299162,0.00606811188299162,-0.007488,0.0,0.0,0.0,-4000000.0,-4000000.0,-23211075.4450604,0.0,0.0,0.0,0.000311418762362788,0.000311418762362788,-0.00235678616056226,0.0,0.0,0.0,0.012020176750194,2.0,1.0,0.0063821724018199,0.00725860464004437,73.2,0.0,0.0
63,114.4,0.00620174227443111,0.00620174227443111,-0.00760711111111111,0.0,0.0,0.0,-4000000.0,-4000000.0,-23211075.4450604,0.0,0.0,0.0,0.000311418762362788,0.000311418762362788,-0.00235678616056226,0.0,0.0,0.0,0.0122992016852812,2.0,1.0,0.00653032207358777,0.0074270989750781,74.4,0.0,0.0
64,115.6,0.00633537266587059,0.0063353726658706,-0.00772622222222222,0.0,0.0,0.0,-4000000.0,-4000000.0,-23211075.4450604,0.0,0.0,0.0,0.000311418762362788,0.000311418762362788,-0.00235678616056226,0.0,0.0,0.0,0.0125782266203683,2.0,1.0,0.00667847174535563,0.00759559331011184,75.6,0.0,0.0
65,116.8,0.00646900305731008,0.00646900305731009,-0.00784533333333333,0.0,0.0,0.0,-4000000.0,-4000000.0,-23211075.4450604,0.0,0.0,0.0,0.000311418762362788,0.000311418762362788,-0.00235678616056226,0.0,0.0,0.0,0.0128572515554555,2.0,1.0,0.0068266214171235,0.00776408764514557,76.8,0.0,0.0
66,118.0,0.00660263344874957,0.00660263344874958,-0.00796444444444444,0.0,0.0,0.0,-4000000.0,-4000000.0,-23211075.4450604,0.0,0.0,0.0,0.000311418762362788,0.000311418762362788,-0.00235678616056226,0.0,0.0,0.0,0.0131362764905427,2.0,1.0,0.00697477108889137,0.00793258198017931,78.0,0.0,0.0
67,119.2,0.00673626384018907,0.00673626384018907,-0.00808355555555556,0.0,0.0,0.0,-4000000.0,-4000000.0,-23211075.4450604,0.0,0.0,0.0,0.000311418762362788,0.000311418762362788,-0.00235678616056226,0.0,0.0,0.0,0.0134153014256299,2.0,1.0,0.00712292076065924,0.00810107631521304,79.2,0.0,0.0
68,120.4,0.00686989423162855,0.00686989423162855,-0.00820266666666667,0.0,0.0,0.0,-4000000.0,-4000000.0,-23211075.4450604,0.0,0.0,0.0,0.000311418762362788,0.000311418762362788,-0.00235678616056226,0.0,0.0,0.0,0.0136943263607171,2.0,1.0,0.0072710704324271,0.00826957065024677,80.4,0.0,0.0
69,121.6,0.00700352462306804,0.00700352462306804,-0.00832177777777778,0.0,0.0,0.0,-4000000.0,-4000000.0,-23211075.4450604,0.0,0.0,0.0,0.000311418762362788,0.000311418762362788,-0.00235678616056226,0.0,0.0,0.0,0.0139733512958042,2.0,1.0,0.00741922010419497,0.00843806498528051,81.6,0.0,0.0
70,122.8,0.00713715501450753,0.00713715501450753,-0.00844088888888889,0.0,0.0,0.0,-4000000.0,-4000000.0,-23211075.4450604,0.0,0.0,0.0,0.000311418762362788,0.000311418762362788,-0.00235678616056226,0.0,0.0,0.0,0.0142523762308914,2.0,1.0,0.00756736977596284,0.00860655932031424,82.8,0.0,0.0
71,124.0,0.00727078540594702,0.00727078540594702,-0.00856,0.0,0.0,0.0,-4000000.0,-4000000.0,-23211075.4450604,0.0,0.0,0.0,0.000311418762362788,0.000311418762362788,-0.00235678616056226,0.0,0.0,0.0,0.0145314011659786,2.0,1.0,0.0077155194477307,0.00877505365534797,84.0,0.0,0.0
72,125.2,0.00740441579738651,0.00740441579738651,-0.00867911111111111,0.0,0.0,0.0,-4000000.0,-4000000.0,-23211075.4450604,0.0,0.0,0.0,0.000311418762362788,0.000311418762362788,-0.00235678616056226,0.0,0.0,0.0,0.0148104261010658,2.0,1.0,0.00786366911949857,0.00894354799038171,85.2,0.0,0.0
73,126.4,0.007538046188826,0.007538046188826,-0.00879822222222222,0.0,0.0,0.0,-4000000.0,-4000000.0,-23211075.4450604,0.0,0.0,0.0,0.000311418762362788,0.000311418762362788,-0.00235678616056226,0.0,0.0,0.0,0.0150894510361529,2.0,1.0,0.00801181879126644,0.00911204232541544,86.4,0.0,0.0
74,127.6,0.00767167658026548,0.00767167658026549,-0.00891733333333333,0.0,0.0,0.0,-4000000.0,-4000000.0,-23211075.4450604,0.0,0.0,0.0,0.000311418762362788,0.000311418762362788,-0.00235678616056226,0.0,0.0,0.0,0.0153684759712401,2.0,1.0,0.0081599684630343,0.00928053666044917,87.6,0.0,0.0
75,128.8,0.00780530697170498,0.00780530697170498,-0.00903644444444445,0.0,0.0,0.0,-4000000.0,-4000000.0,-23211075.4450604,0.0,0.0,0.0,0.000311418762362788,0.000311418762362788,-0.00235678616056226,0.0,0.0,0.0,0.0156475009063273,2.0,1.0,0.00830811813480217,0.00944903099548291,88.8,0.0,0.0
76,130.0,0.00793893736314446,0.00793893736314446,-0.00915555555555556,0.0,0.0,0.0,-4000000.0,-4000000.0,-23211075.4450604,0.0,0.0,0.0,0.000311418762362788,0.000311418762362788,-0.00235678616056226,0.0,0.0,0.0,0.0159265258414145,2.0,1.0,0.00845626780657003,0.00961752533051663,90.0,0.0,0.0
77,131.2,0.00807256775458395,0.00807256775458395,-0.00927466666666667,0.0,0.0,0.0,-4000000.0,-4000000.0,-23211075.4450604,0.0,0.0,0.0,0.000311418762362788,0.000311418762362788,-0.00235678616056226,0.0,0.0,0.0,0.0162055507765017,2.0,1.0,0.0086044174783379,0.00978601966555037,91.2,0.0,0.0
78,132.4,0.00820619814602344,0.00820619814602344,-0.00939377777777778,0.0,0.0,0.0,-4000000.0,-4000000.0,-23211075.4450604,0.0,0.0,0.0,0.000311418762362788,0.000311418762362788,-0.00235678616056226,0.0,0.0,0.0,0.0164845757115888,2.0,1.0,0.00875256715010577,0.0099545140005841,92.4,0.0,0.0
79,133.6,0.00833982853746293,0.00833982853746293,-0.00951288888888889,0.0,0.0,0.0,-4000000.0,-4000000.0,-23211075.4450604,0.0,0.0,0.0,0.000311418762362788,0.000311418762362788,-0.00235678616056226,0.0,0.0,0.0,0.016763600646676,2.0,1.0,0.00890071682187363,0.0101230083356178,93.6,0.0,0.0
80,134.8,0.00847345892890242,0.00847345892890242,-0.009632,0.0,0.0,0.0,-4000000.0,-4000000.0,-23211075.4450604,0.0,0.0,0.0,0.000311418762362788,0.000311418762362788,-0.00235678616056226,0.0,0.0,0.0,0.0170426255817632,2.0,1.0,0.0090488664936415,0.0102915026706516,94.8,0.0,0.0
81,136.0,0.00860708932034191,0.00860708932034191,-0.00975111111111111,0.0,0.0,0.0,-4000000.00000001,-4000000.00000001,-23211075.4450604,0.0,0.0,0.0,0.000311418762362788,0.000311418762362788,-0.00235678616056226,0.0,0.0,0.0,0.0173216505168504,2.0,1.0,0.00919701616540937,0.0104599970056853,96.0,0.0,0.0
82,137.2,0.0087407197117814,0.0087407197117814,-0.00987022222222222,0.0,0.0,0.0,-4000000.0,-4000000.0,-23211075.4450604,0.0,0.0,0.0,0.000311418762362788,0.000311418762362788,-0.00235678616056226,0.0,0.0,0.0,0.0176006754519376,2.0,1.0,0.00934516583717724,0.010628491340719,97.2,0.0,0.0
83,138.4,0.00887435010322089,0.00887435010322089,-0.00998933333333333,0.0,0.0,0.0,-4000000.0,-4000000.0,-23211075.4450604,0.0,0.0,0.0,0.000311418762362788,0.000311418762362788,-0.00235678616056226,0.0,0.0,0.0,0.0178797003870247,2.0,1.0,0.0094933155089451,0.0107969856757528,98.4,0.0,0.0
84,139.6,0.00900798049466038,0.00900798049466038,-0.0101084444444444,0.0,0.0,0.0,-4000000.0,-4000000.0,-23211075.4450604,0.0,0.0,0.0,0.000311418762362788,0.000311418762362788,-0.00235678616056226,0.0,0.0,0.0,0.0181587253221119,2.0,1.0,0.00964146518071297,0.0109654800107865,99.6,0.0,0.0
85,140.8,0.00914161088609987,0.00914161088609987,-0.0102275555555556,0.0,0.0,0.0,-4000000.00000001,-4000000.00000001,-23211075.4450604,0.0,0.0,0.0,0.000311418762362788,0.000311418762362788,-0.00235678616056226,0.0,0.0,0.0,0.0184377502571991,2.0,1.0,0.00978961485248084,0.0111339743458202,100.8,0.0,0.0
86,142.0,0.00927524127753936,0.00927524127753936,-0.0103466666666667,0.0,0.0,0.0,-4000000.0,-4000000.0,-23211075.4450604,0.0,0.0,0.0,0.000311418762362788,0.000311418762362788,-0.00235678616056226,0.0,0.0,0.0,0.0187167751922863,2.0,1.0,0.00993776452424871,0.011302468680854,102.0,0.0,0.0
87,143.2,0.00940887166897885,0.00940887166897885,-0.0104657777777778,0.0,0.0,0.0,-4000000.0,-4000000.0,-23211075.4450604,0.0,0.0,0.0,0.000311418762362788,0.000311418762362788,-0.00235678616056226,0.0,0.0,0.0,0.0189958001273735,2.0,1.0,0.0100859141960166,0.0114709630158877,103.2,0.0,0.0
88,144.4,0.00954250206041833,0.00954250206041833,-0.0105848888888889,0.0,0.0,0.0,-4000000.0,-4000000.0,-23211075.4450604,0.0,0.0,0.0,0.000311418762362788,0.000311418762362788,-0.00235678616056226,0.0,0.0,0.0,0.0192748250624606,2.0,1.0,0.0102340638677844,0.0116394573509214,104.4,0.0,0.0
89,145.6,0.00967613245185782,0.00967613245185782,-0.010704,0.0,0.0,0.0,-4000000.0,-4000000.0,-23211075.4450604,0.0,0.0,0.0,0.000311418762362788,0.000311418762362788,-0.00235678616056226,0.0,0.0,0.0,0.0195538499975478,2.0,1.0,0.0103822135395523,0.0118079516859552,105.6,0.0,0.0
90,146.8,0.00980976284329731,0.00980976284329732,-0.0108231111111111,0.0,0.0,0.0,-4000000.0,-4000000.0,-23211075.4450604,0.0,0.0,0.0,0.000311418762362788,0.000311418762362788,-0.00235678616056226,0.0,0.0,0.0,0.019832874932635,2.0,1.0,0.0105303632113202,0.0119764460209889,106.8,0.0,0.0
91,148.0,0.0099433932347368,0.0099433932347368,-0.0109422222222222,0.0,0.0,0.0,-4000000.0,-4000000.0,-23211075.4450604,0.0,0.0,0.0,0.000311418762362788,0.000311418762362788,-0.00235678616056226,0.0,0.0,0.0,0.0201118998677222,2.0,1.0,0.010678512883088,0.0121449403560226,108.0,0.0,0.0
92,149.2,0.0100770236261763,0.0100770236261763,-0.0110613333333333,0.0,0.0,0.0,-4000000.0,-4000000.0,-23211075.4450604,0.0,0.0,0.0,0.000311418762362788,0.000311418762362788,-0.00235678616056226,0.0,0.0,0.0,0.0203909248028094,2.0,1.0,0.0108266625548559,0.0123134346910564,109.2,0.0,0.0
93,150.4,0.0102106540176158,0.0102106540176158,-0.0111804444444444,0.0,0.0,0.0,-4000000.0,-4000000.0,-23211075.4450604,0.0,0.0,0.0,0.000311418762362788,0.000311418762362788,-0.00235678616056226,0.0,0.0,0.0,0.0206699497378965,2.0,1.0,0.0109748122266238,0.0124819290260901,110.4,0.0,0.0
94,151.6,0.0103442844090553,0.0103442844090553,-0.0112995555555556,0.0,0.0,0.0,-4000000.0,-4000000.0,-23211075.4450604,0.0,0.0,0.0,0.000311418762362788,0.000311418762362788,-0.00235678616056226,0.0,0.0,0.0,0.0209489746729837,2.0,1.0,0.0111229618983916,0.0126504233611238,111.6,0.0,0.0
95,152.8,0.0104779148004948,0.0104779148004948,-0.0114186666666667,0.0,0.0,0.0,-4000000.0,-4000000.0,-23211075.4450604,0.0,0.0,0.0,0.000311418762362788,0.000311418762362788,-0.00235678616056226,0.0,0.0,0.0,0.0212279996080709,2.0,1.0,0.0112711115701595,0.0128189176961576,112.8,0.0,0.0
96,154.0,0.0106115451919342,0.0106115451919342,-0.0115377777777778,0.0,0.0,0.0,-4000000.0,-4000000.0,-23211075.4450604,0.0,0.0,0.0,0.000311418762362788,0.000311418762362788,-0.00235678616056226,0.0,0.0,0.0,0.0215070245431581,2.0,1.0,0.0114192612419274,0.0129874120311913,114.0,0.0,0.0
97,155.2,0.0107451755833737,0.0107451755833737,-0.0116568888888889,0.0,0.0,0.0,-4000000.0,-4000000.0,-23211075.4450604,0.0,0.0,0.0,0.000311418762362788,0.000311418762362788,-0.00235678616056226,0.0,0.0,0.0,0.0217860494782453,2.0,1.0,0.0115674109136952,0.013155906366225,115.2,0.0,0.0
98,156.4,0.0108788059748132,0.0108788059748132,-0.011776,0.0,0.0,0.0,-4000000.0,-4000000.0,-23211075.4450604,0.0,0.0,0.0,0.000311418762362788,0.000311418762362788,-0.00235678616056226,0.0,0.0,0.0,0.0220650744133324,2.0,1.0,0.0117155605854631,0.0133244007012588,116.4,0.0,0.0
99,157.6,0.0110124363662527,0.0110124363662527,-0.0118951111111111,0.0,0.0,0.0,-4000000.0,-4000000.0,-23211075.4450604,0.0,0.0,0.0,0.000311418762362788,0.000311418762362788,-0.00235678616056226,0.0,0.0,0.0,0.0223440993484196,2.0,1.0,0.011863710257231,0.0134928950362925,117.6,0.0,0.0
100,158.8,0.0111460667576922,0.0111460667576922,-0.0120142222222222,0.0,0.0,0.0,-4000000.0,-4000000.0,-23211075.4450604,0.0,0.0,0.0,0.000311418762362788,0.000311418762362788,-0.00235678616056226,0.0,0.0,0.0,0.0226231242835068,2.0,1.0,0.0120118599289988,0.0136613893713262,118.8,0.0,0.0
101,160.0,0.0112796971491317,0.0112796971491317,-0.0121333333333333,0.0,0.0,0.0,-4000000.0,-4000000.0,-23211075.4450604,0.0,0.0,0.0,0.000311418762362788,0.000311418762362788,-0.00235678616056226,0.0,0.0,0.0,0.022902149218594,2.0,1.0,0.0121600096007667,0.01382988370636,120.0,0.0,0.0
102,161.2,0.0114133275405712,0.0114133275405712,-0.0122524444444444,0.0,0.0,0.0,-4000000.0,-4000000.0,-23211075.4450604,0.0,0.0,0.0,0.000311418762362788,0.000311418762362788,-0.00235678616056226,0.0,0.0,0.0,0.0231811741536812,2.0,1.0,0.0123081592725346,0.0139983780413937,121.2,0.0,0.0
103,162.4,0.0115469579320107,0.0115469579320107,-0.0123715555555556,0.0,0.0,0.0,-4000000.0,-4000000.0,-23211075.4450604,0.0,0.0,0.0,0.000311418762362788,0.000311418762362788,-0.00235678616056226,0.0,0.0,0.0,0.0234601990887683,2.0,1.0,0.0124563089443024,0.0141668723764274,122.4,0.0,0.0
104,163.6,0.0116805883234502,0.0116805883234502,-0.0124906666666667,0.0,0.0,0.0,-4000000.0,-4000000.0,-23211075.4450604,0.0,0.0,0.0,0.000311418762362788,0.000311418762362788,-0.00235678616056226,0.0,0.0,0.0,0.0237392240238555,2.0,1.0,0.0126044586160703,0.0143353667114612,123.6,0.0,0.0
105,164.8,0.0118142187148896,0.0118142187148897,-0.0126097777777778,0.0,0.0,0.0,-4000000.0,-4000000.0,-23211075.4450604,0.0,0.0,0.0,0.000311418762362788,0.000311418762362788,-0.00235678616056226,0.0,0.0,0.0,0.0240182489589427,2.0,1.0,0.0127526082878382,0.0145038610464949,124.8,0.0,0.0
106,166.0,0.0119478491063291,0.0119478491063291,-0.0127288888888889,0.0,0.0,0.0,-4000000.0,-4000000.0,-23211075.4450604,0.0,0.0,0.0,0.000311418762362788,0.000311418762362788,-0.00235678616056226,0.0,0.0,0.0,0.0242972738940299,2.0,1.0,0.012900757959606,0.0146723553815286,126.0,0.0,0.0
107,167.2,0.0120814794977686,0.0120814794977686,-0.012848,0.0,0.0,0.0,-4000000.00000001,-4000000.00000001,-23211075.4450604,0.0,0.0,0.0,0.000311418762362788,0.000311418762362788,-0.00235678616056226,0.0,0.0,0.0,0.0245762988291171,2.0,1.0,0.0130489076313739,0.0148408497165624,127.2,0.0,0.0
108,168.4,0.0122151098892081,0.0122151098892081,-0.0129671111111111,0.0,0.0,0.0,-4000000.0,-4000000.0,-23211075.4450604,0.0,0.0,0.0,0.000311418762362788,0.000311418762362788,-0.00235678616056226,0.0,0.0,0.0,0.0248553237642042,2.0,1.0,0.0131970573031418,0.0150093440515961,128.4,0.0,0.0
109,169.6,0.0123487402806476,0.0123487402806476,-0.0130862222222222,0.0,0.0,0.0,-4000000.0,-4000000.0,-23211075.4450604,0.0,0.0,0.0,0.000311418762362788,0.000311418762362788,-0.00235678616056226,0.0,0.0,0.0,0.0251343486992914,2.0,1.0,0.0133452069749096,0.0151778383866298,129.6,0.0,0.0
110,170.8,0.0124823706720871,0.0124823706720871,-0.0132053333333333,0.0,0.0,0.0,-4000000.0,-4000000.0,-23211075.4450604,0.0,0.0,0.0,0.000311418762362788,0.000311418762362788,-0.00235678616056226,0.0,0.0,0.0,0.0254133736343786,2.0,1.0,0.0134933566466775,0.0153463327216636,130.8,0.0,0.0
111,172.0,0.0126160010635266,0.0126160010635266,-0.0133244444444444,0.0,0.0,0.0,-4000000.0,-4000000.0,-23211075.4450604,0.0,0.0,0.0,0.000311418762362788,0.000311418762362788,-0.00235678616056226,0.0,0.0,0.0,0.0256923985694658,2.0,1.0,0.0136415063184454,0.0155148270566973,132.0,0.0,0.0
112,173.2,0.0127496314549661,0.0127496314549661,-0.0134435555555556,0.0,0.0,0.0,-4000000.0,-4000000.0,-23211075.4450604,0.0,0.0,0.0,0.000311418762362788,0.000311418762362788,-0.00235678616056226,0.0,0.0,0.0,0.025971423504553,2.0,1.0,0.0137896559902132,0.015683321391731,133.2,0.0,0.0
113,174.4,0.0128832618464056,0.0128832618464056,-0.0135626666666667,0.0,0.0,0.0,-4000000.0,-4000000.0,-23211075.4450604,0.0,0.0,0.0,0.000311418762362788,0.000311418762362788,-0.00235678616056226,0.0,0.0,0.0,0.0262504484396401,2.0,1.0,0.0139378056619811,0.0158518157267648,134.4,0.0,0.0
114,175.6,0.0130168922378451,0.0130168922378451,-0.0136817777777778,0.0,0.0,0.0,-4000000.0,-4000000.0,-23211075.4450604,0.0,0.0,0.0,0.000311418762362788,0.000311418762362788,-0.00235678616056226,0.0,0.0,0.0,0.0265294733747273,2.0,1.0,0.014085955333749,0.0160203100617985,135.6,0.0,0.0
115,176.8,0.0131505226292845,0.0131505226292845,-0.0138008888888889,0.0,0.0,0.0,-4000000.0,-4000000.0,-23211075.4450604,0.0,0.0,0.0,0.000311418762362788,0.000311418762362788,-0.00235678616056226,0.0,0.0,0.0,0.0268084983098145,2.0,1.0,0.0142341050055168,0.0161888043968322,136.8,0.0,0.0
116,178.0,0.013284153020724,0.013284153020724,-0.01392,0.0,0.0,0.0,-4000000.0,-4000000.0,-23211075.4450604,0.0,0.0,0.0,0.000311418762362788,0.000311418762362788,-0.00235678616056226,0.0,0.0,0.0,0.0270875232449017,2.0,1.0,0.0143822546772847,0.016357298731866,138.0,0.0,0.0
117,179.2,0.0134177834121635,0.0134177834121635,-0.0140391111111111,0.0,0.0,0.0,-4000000.0,-4000000.0,-23211075.4450604,0.0,0.0,0.0,0.000311418762362788,0.000311418762362788,-0.00235678616056226,0.0,0.0,0.0,0.0273665481799889,2.0,1.0,0.0145304043490526,0.0165257930668997,139.2,0.0,0.0
118,180.4,0.013551413803603,0.013551413803603,-0.0141582222222222,0.0,0.0,0.0,-4000000.0,-4000000.0,-23211075.4450604,0.0,0.0,0.0,0.000311418762362788,0.000311418762362788,-0.00235678616056226,0.0,0.0,0.0,0.027645573115076,2.0,1.0,0.0146785540208204,0.0166942874019334,140.4,0.0,0.0
119,181.6,0.0136850441950425,0.0136850441950425,-0.0142773333333333,0.0,0.0,0.0,-4000000.0,-4000000.0,-23211075.4450604,0.0,0.0,0.0,0.000311418762362788,0.000311418762362788,-0.00235678616056226,0.0,0.0,0.0,0.0279245980501632,2.0,1.0,0.0148267036925883,0.0168627817369672,141.6,0.0,0.0
120,182.8,0.013818674586482,0.013818674586482,-0.0143964444444444,0.0,0.0,0.0,-4000000.0,-4000000.0,-23211075.4450604,0.0,0.0,0.0,0.000311418762362788,0.000311418762362788,-0.00235678616056226,0.0,0.0,0.0,0.0282036229852504,2.0,1.0,0.0149748533643562,0.0170312760720009,142.8,0.0,0.0
121,184.0,0.0139523049779215,0.0139523049779215,-0.0145155555555556,0.0,0.0,0.0,-4000000.0,-4000000.0,-23211075.4450604,0.0,0.0,0.0,0.000311418762362788,0.000311418762362788,-0.00235678616056226,0.0,0.0,0.0,0.0284826479203376,2.0,1.0,0.015123003036124,0.0171997704070346,144.0,0.0,0.0
122,185.2,0.014085935369361,0.014085935369361,-0.0146346666666667,0.0,0.0,0.0,-4000000.0,-4000000.0,-23211075.4450604,0.0,0.0,0.0,0.000311418762362788,0.000311418762362788,-0.00235678616056226,0.0,0.0,0.0,0.0287616728554248,2.0,1.0,0.0152711527078919,0.0173682647420684,145.2,0.0,0.0
123,186.4,0.0142195657608005,0.0142195657608005,-0.0147537777777778,0.0,0.0,0.0,-4000000.0,-4000000.0,-23211075.4450604,0.0,0.0,0.0,0.000311418762362788,0.000311418762362788,-0.00235678616056226,0.0,0.0,0.0,0.0290406977905119,2.0,1.0,0.0154193023796598,0.0175367590771021,146.4,0.0,0.0
124,187.6,0.0143531961522399,0.0143531961522399,-0.0148728888888889,0.0,0.0,0.0,-4000000.0,-4000000.0,-23211075.4450604,0.0,0.0,0.0,0.000311418762362788,0.000311418762362788,-0.00235678616056226,0.0,0.0,0.0,0.0293197227255991,2.0,1.0,0.0155674520514276,0.0177052534121359,147.6,0.0,0.0
125,188.8,0.0144868265436794,0.0144868265436794,-0.014992,0.0,0.0,0.0,-4000000.0,-4000000.0,-23211075.4450604,0.0,0.0,0.0,0.000311418762362788,0.000311418762362788,-0.00235678616056226,0.0,0.0,0.0,0.0295987476606863,2.0,1.0,0.0157156017231955,0.0178737477471696,148.8,0.0,0.0
126,190.0,0.0146204569351189,0.0146204569351189,-0.0151111111111111,0.0,0.0,0.0,-4000000.0,-4000000.0,-23211075.4450604,0.0,0.0,0.0,0.000311418762362788,0.000311418762362788,-0.00235678616056226,0.0,0.0,0.0,0.0298777725957735,2.0,1.0,0.0158637513949634,0.0180422420822033,150.0,0.0,0.0
127,191.2,0.0147540873265584,0.0147540873265584,-0.0152302222222222,0.0,0.0,0.0,-4000000.0,-4000000.0,-23211075.4450604,0.0,0.0,0.0,0.000311418762362788,0.000311418762362788,-0.00235678616056226,0.0,0.0,0.0,0.0301567975308607,2.0,1.0,0.0160119010667312,0.0182107364172371,151.2,0.0,0.0
128,192.4,0.0148877177179979,0.0148877177179979,-0.0153493333333333,0.0,0.0,0.0,-4000000.0,-4000000.0,-23211075.4450604,0.0,0.0,0.0,0.000311418762362788,0.000311418762362788,-0.00235678616056226,0.0,0.0,0.0,0.0304358224659478,2.0,1.0,0.0161600507384991,0.0183792307522708,152.4,0.0,0.0
129,193.6,0.0150213481094374,0.0150213481094374,-0.0154684444444444,0.0,0.0,0.0,-4000000.0,-4000000.0,-23211075.4450604,0.0,0.0,0.0,0.000311418762362788,0.000311418762362788,-0.00235678616056226,0.0,0.0,0.0,0.030714847401035,2.0,1.0,0.016308200410267,0.0185477250873045,153.6,0.0,0.0
130,194.8,0.0151549785008769,0.0151549785008769,-0.0155875555555556,0.0,0.0,0.0,-4000000.0,-4000000.0,-23211075.4450604,0.0,0.0,0.0,0.000311418762362788,0.000311418762362788,-0.00235678616056226,0.0,0.0,0.0,0.0309938723361222,2.0,1.0,0.0164563500820348,0.0187162194223383,154.8,0.0,0.0
131,196.0,0.0152886088923164,0.0152886088923164,-0.0157066666666667,0.0,0.0,0.0,-4000000.0,-4000000.0,-23211075.4450604,0.0,0.0,0.0,0.000311418762362788,0.000311418762362788,-0.00235678616056226,0.0,0.0,0.0,0.0312728972712094,2.0,1.0,0.0166044997538027,0.018884713757372,156.0,0.0,0.0
132,197.2,0.0154222392837559,0.0154222392837559,-0.0158257777777778,0.0,0.0,0.0,-4000000.0,-4000000.0,-23211075.4450604,0.0,0.0,0.0,0.000311418762362788,0.000311418762362788,-0.00235678616056226,0.0,0.0,0.0,0.0315519222062965,2.0,1.0,0.0167526494255706,0.0190532080924057,157.2,0.0,0.0
133,198.4,0.0155558696751953,0.0155558696751953,-0.0159448888888889,0.0,0.0,0.0,-4000000.0,-4000000.0,-23211075.4450604,0.0,0.0,0.0,0.000311418762362788,0.000311418762362788,-0.00235678616056226,0.0,0.0,0.0,0.0318309471413837,2.0,1.0,0.0169007990973385,0.0192217024274395,158.4,0.0,0.0
134,199.6,0.0156895000666348,0.0156895000666348,-0.016064,0.0,0.0,0.0,-4000000.00000001,-4000000.0,-23211075.4450604,0.0,0.0,0.0,0.000311418762362787,0.000311418762362789,-0.00235678616056226,0.0,0.0,0.0,0.0321099720764709,2.0,1.0,0.0170489487691063,0.0193901967624732,159.6,0.0,0.0
135,200.8,0.0158231304580743,0.0158231304580743,-0.0161831111111111,0.0,0.0,0.0,-4000000.0,-4000000.00000001,-23211075.4450604,0.0,0.0,0.0,0.000311418762362789,0.000311418762362787,-0.00235678616056226,0.0,0.0,0.0,0.0323889970115581,2.0,1.0,0.0171970984408742,0.0195586910975069,160.8,0.0,0.0
136,202.0,0.0159567608495138,0.0159567608495138,-0.0163022222222222,0.0,0.0,0.0,-3999999.99999999,-4000000.00000001,-23211075.4450604,0.0,0.0,0.0,0.000311418762362789,0.000311418762362787,-0.00235678616056226,0.0,0.0,0.0,0.0326680219466453,2.0,1.0,0.0173452481126421,0.0197271854325407,162.0,0.0,0.0
137,203.2,0.0160903912409533,0.0160903912409533,-0.0164213333333333,0.0,0.0,0.0,-4000000.00000001,-3999999.99999999,-23211075.4450604,0.0,0.0,0.0,0.000311418762362787,0.000311418762362789,-0.00235678616056226,0.0,0.0,0.0,0.0329470468817324,2.0,1.0,0.0174933977844099,0.0198956797675744,163.2,0.0,0.0
138,204.4,0.0162240216323928,0.0162240216323928,-0.0165404444444444,0.0,0.0,0.0,-3999999.99999999,-4000000.00000001,-23211075.4450604,0.0,0.0,0.0,0.000311418762362789,0.000311418762362787,-0.00235678616056226,0.0,0.0,0.0,0.0332260718168196,2.0,1.0,0.0176415474561778,0.0200641741026081,164.4,0.0,0.0
139,205.6,0.0163576520238323,0.0163576520238323,-0.0166595555555556,0.0,0.0,0.0,-4000000.00000001,-3999999.99999999,-23211075.4450604,0.0,0.0,0.0,0.000311418762362787,0.000311418762362789,-0.00235678616056226,0.0,0.0,0.0,0.0335050967519068,2.0,1.0,0.0177896971279457,0.0202326684376419,165.6,0.0,0.0
140,206.8,0.0164912824152718,0.0164912824152718,-0.0167786666666667,0.0,0.0,0.0,-3999999.99999999,-4000000.0,-23211075.4450604,0.0,0.0,0.0,0.000311418762362789,0.000311418762362787,-0.00235678616056226,0.0,0.0,0.0,0.033784121686994,2.0,1.0,0.0179378467997135,0.0204011627726756,166.8,0.0,0.0
141,208.0,0.0166249128067113,0.0166249128067113,-0.0168977777777778,0.0,0.0,0.0,-4000000.0,-3999999.99999999,-23211075.4450604,0.0,0.0,0.0,0.000311418762362787,0.000311418762362789,-0.00235678616056226,0.0,0.0,0.0,0.0340631466220811,2.0,1.0,0.0180859964714814,0.0205696571077093,168.0,0.0,0.0
142,209.2,0.0167585431981507,0.0167585431981507,-0.0170168888888889,0.0,0.0,0.0,-4000000.00000001,-4000000.0,-23211075.4450604,0.0,0.0,0.0,0.000311418762362787,0.000311418762362789,-0.00235678616056226,0.0,0.0,0.0,0.0343421715571683,2.0,1.0,0.0182341461432492,0.0207381514427431,169.2,0.0,0.0
143,210.4,0.0168921735895902,0.0168921735895902,-0.017136,0.0,0.0,0.0,-4000000.0,-3999999.99999999,-23211075.4450604,0.0,0.0,0.0,0.000311418762362787,0.000311418762362789,-0.00235678616056226,0.0,0.0,0.0,0.0346211964922555,2.0,1.0,0.0183822958150171,0.0209066457777768,170.4,0.0,0.0
144,211.6,0.0170258039810297,0.0170258039810297,-0.0172551111111111,0.0,0.0,0.0,-3999999.99999999,-4000000.00000001,-23211075.4450604,0.0,0.0,0.0,0.000311418762362789,0.000311418762362787,-0.00235678616056226,0.0,0.0,0.0,0.0349002214273427,2.0,1.0,0.018530445486785,0.0210751401128105,171.6,0.0,0.0
145,212.8,0.0171594343724692,0.0171594343724692,-0.0173742222222222,0.0,0.0,0.0,-4000000.0,-3999999.99999999,-23211075.4450604,0.0,0.0,0.0,0.000311418762362787,0.000311418762362789,-0.00235678616056226,0.0,0.0,0.0,0.0351792463624299,2.0,1.0,0.0186785951585529,0.0212436344478443,172.8,0.0,0.0
146,214.0,0.0172930647639087,0.0172930647639087,-0.0174933333333333,0.0,0.0,0.0,-3999999.99999999,-4000000.00000001,-23211075.4450604,0.0,0.0,0.0,0.000311418762362789,0.000311418762362787,-0.00235678616056226,0.0,0.0,0.0,0.035458271297517,2.0,1.0,0.0188267448303207,0.021412128782878,174.0,0.0,0.0
147,215.2,0.0174266951553482,0.0174266951553482,-0.0176124444444444,0.0,0.0,0.0,-4000000.0,-3999999.99999999,-23211075.4450604,0.0,0.0,0.0,0.000311418762362787,0.000311418762362789,-0.00235678616056226,0.0,0.0,0.0,0.0357372962326042,2.0,1.0,0.0189748945020886,0.0215806231179117,175.2,0.0,0.0
148,216.4,0.0175603255467877,0.0175603255467877,-0.0177315555555556,0.0,0.0,0.0,-3999999.99999999,-4000000.00000001,-23211075.4450604,0.0,0.0,0.0,0.000311418762362789,0.000311418762362787,-0.00235678616056226,0.0,0.0,0.0,0.0360163211676914,2.0,1.0,0.0191230441738565,0.0217491174529455,176.4,0.0,0.0
149,217.6,0.0176939559382272,0.0176939559382272,-0.0178506666666667,0.0,0.0,0.0,-4000000.0,-3999999.99999999,-23211075.4450604,0.0,0.0,0.0,0.000311418762362787,0.000311418762362789,-0.00235678616056226,0.0,0.0,0.0,0.0362953461027786,2.0,1.0,0.0192711938456243,0.0219176117879792,177.6,0.0,0.0
150,218.8,0.0178275863296667,0.0178275863296667,-0.0179697777777778,0.0,0.0,0.0,-3999999.99999999,-4000000.00000001,-23211075.4450604,0.0,0.0,0.0,0.000311418762362789,0.000311418762362787,-0.00235678616056226,0.0,0.0,0.0,0.0365743710378657,2.0,1.0,0.0194193435173922,0.0220861061230129,178.8,0.0,0.0
151,220.0,0.0179612167211061,0.0179612167211061,-0.0180888888888889,0.0,0.0,0.0,-4000000.0,-3999999.99999999,-23211075.4450604,0.0,0.0,0.0,0.000311418762362787,0.000311418762362789,-0.00235678616056226,0.0,0.0,0.0,0.0368533959729529,2.0,1.0,0.0195674931891601,0.0222546004580467,180.0,0.0,0.0
152,221.2,0.0180948471125456,0.0180948471125456,-0.018208,0.0,0.0,0.0,-3999999.99999999,-4000000.00000001,-23211075.4450604,0.0,0.0,0.0,0.000311418762362789,0.000311418762362787,-0.00235678616056226,0.0,0.0,0.0,0.0371324209080401,2.0,1.0,0.0197156428609279,0.0224230947930804,181.2,0.0,0.0
153,222.4,0.0182284775039851,0.0182284775039851,-0.0183271111111111,0.0,0.0,0.0,-4000000.0,-3999999.99999999,-23211075.4450604,0.0,0.0,0.0,0.000311418762362787,0.000311418762362789,-0.00235678616056226,0.0,0.0,0.0,0.0374114458431273,2.0,1.0,0.0198637925326958,0.0225915891281141,182.4,0.0,0.0
154,223.6,0.0183621078954246,0.0183621078954246,-0.0184462222222222,0.0,0.0,0.0,-3999999.99999999,-4000000.00000001,-23211075.4450604,0.0,0.0,0.0,0.000311418762362789,0.000311418762362787,-0.00235678616056226,0.0,0.0,0.0,0.0376904707782144,2.0,1.0,0.0200119422044637,0.0227600834631479,183.6,0.0,0.0
155,224.8,0.0184957382868641,0.0184957382868641,-0.0185653333333333,0.0,0.0,0.0,-4000000.0,-3999999.99999999,-23211075.4450604,0.0,0.0,0.0,0.000311418762362787,0.000311418762362789,-0.00235678616056226,0.0,0.0,0.0,0.0379694957133016,2.0,1.0,0.0201600918762315,0.0229285777981816,184.8,0.0,0.0
156,226.0,0.0186293686783036,0.0186293686783036,-0.0186844444444444,0.0,0.0,0.0,-3999999.99999999,-4000000.00000001,-23211075.4450604,0.0,0.0,0.0,0.000311418762362789,0.000311418762362787,-0.00235678616056226,0.0,0.0,0.0,0.0382485206483888,2.0,1.0,0.0203082415479994,0.0230970721332153,186.0,0.0,0.0
157,227.2,0.0187629990697431,0.0187629990697431,-0.0188035555555556,0.0,0.0,0.0,-4000000.0,-3999999.99999999,-23211075.4450604,0.0,0.0,0.0,0.000311418762362787,0.000311418762362789,-0.00235678616056226,0.0,0.0,0.0,0.038527545583476,2.0,1.0,0.0204563912197673,0.0232655664682491,187.2,0.0,0.0
158,228.4,0.0188966294611826,0.0188966294611826,-0.0189226666666667,0.0,0.0,0.0,-4000000.0,-4000000.00000001,-23211075.4450604,0.0,0.0,0.0,0.000311418762362789,0.000311418762362787,-0.00235678616056226,0.0,0.0,0.0,0.0388065705185632,2.0,1.0,0.0206045408915351,0.0234340608032828,188.4,0.0,0.0
159,229.6,0.0190302598526221,0.0190302598526221,-0.0190417777777778,0.0,0.0,0.0,-4000000.00000001,-3999999.99999999,-23211075.4450604,0.0,0.0,0.0,0.000311418762362787,0.000311418762362789,-0.00235678616056226,0.0,0.0,0.0,0.0390855954536503,2.0,1.0,0.020752690563303,0.0236025551383165,189.6,0.0,0.0
160,230.8,0.0191638902440615,0.0191638902440615,-0.0191608888888889,0.0,0.0,0.0,-3999999.99999999,-4000000.00000001,-23211075.4450604,0.0,0.0,0.0,0.000311418762362789,0.000311418762362787,-0.00235678616056226,0.0,0.0,0.0,0.0393646203887375,2.0,1.0,0.0209008402350709,0.0237710494733503,190.8,0.0,0.0
161,232.0,0.019297520635501,0.019297520635501,-0.01928,0.0,0.0,0.0,-4000000.00000001,-3999999.99999999,-23211075.4450604,0.0,0.0,0.0,0.000311418762362787,0.000311418762362789,-0.00235678616056226,0.0,0.0,0.0,0.0396436453238247,2.0,1.0,0.0210489899068387,0.023939543808384,192.0,0.0,0.0
162,233.2,0.0194311510269405,0.0194311510269405,-0.0193991111111111,0.0,0.0,0.0,-4000000.0,-4000000.00000001,-23211075.4450604,0.0,0.0,0.0,0.000311418762362789,0.000311418762362787,-0.00235678616056226,0.0,0.0,0.0,0.0399226702589119,2.0,1.0,0.0211971395786066,0.0241080381434177,193.2,0.0,0.0
163,234.4,0.01956478141838,0.01956478141838,-0.0195182222222222,0.0,0.0,0.0,-4000000.00000001,-3999999.99999999,-23211075.4450604,0.0,0.0,0.0,0.000311418762362787,0.000311418762362789,-0.00235678616056226,0.0,0.0,0.0,0.040201695193999,2.0,1.0,0.0213452892503745,0.0242765324784515,194.4,0.0,0.0
164,235.6,0.0196984118098195,0.0196984118098195,-0.0196373333333333,0.0,0.0,0.0,-3999999.99999999,-4000000.00000001,-23211075.4450604,0.0,0.0,0.0,0.000311418762362789,0.000311418762362787,-0.00235678616056226,0.0,0.0,0.0,0.0404807201290862,2.0,1.0,0.0214934389221423,0.0244450268134852,195.6,0.0,0.0
165,236.8,0.019832042201259,0.019832042201259,-0.0197564444444444,0.0,0.0,0.0,-4000000.0,-3999999.99999999,-23211075.4450604,0.0,0.0,0.0,0.000311418762362787,0.000311418762362789,-0.00235678616056226,0.0,0.0,0.0,0.0407597450641734,2.0,1.0,0.0216415885939102,0.0246135211485189,196.8,0.0,0.0
166,238.0,0.0199656725926985,0.0199656725926985,-0.0198755555555556,0.0,0.0,0.0,-4000000.0,-4000000.00000001,-23211075.4450604,0.0,0.0,0.0,0.000311418762362789,0.000311418762362787,-0.00235678616056226,0.0,0.0,0.0,0.0410387699992606,2.0,1.0,0.0217897382656781,0.0247820154835527,198.0,0.0,0.0
167,239.2,0.020099302984138,0.020099302984138,-0.0199946666666667,0.0,0.0,0.0,-4000000.00000001,-3999999.99999999,-23211075.4450604,0.0,0.0,0.0,0.000311418762362787,0.000311418762362789,-0.00235678616056226,0.0,0.0,0.0,0.0413177949343477,2.0,1.0,0.0219378879374459,0.0249505098185864,199.2,0.0,0.0
168,240.4,0.0202329333755775,0.0202329333755775,-0.0201137777777778,0.0,0.0,0.0,-4000000.0,-4000000.00000001,-23211075.4450604,0.0,0.0,0.0,0.000311418762362789,0.000311418762362787,-0.00235678616056226,0.0,0.0,0.0,0.0415968198694349,2.0,1.0,0.0220860376092138,0.0251190041536201,200.4,0.0,0.0
169,241.6,0.0203665637670169,0.0203665637670169,-0.0202328888888889,0.0,0.0,0.0,-4000000.00000001,-3999999.99999999,-23211075.4450604,0.0,0.0,0.0,0.000311418762362787,0.000311418762362789,-0.00235678616056226,0.0,0.0,0.0,0.0418758448045221,2.0,1.0,0.0222341872809817,0.0252874984886539,201.6,0.0,0.0
170,242.8,0.0205001941584564,0.0205001941584564,-0.020352,0.0,0.0,0.0,-3999999.99999999,-4000000.00000001,-23211075.4450604,0.0,0.0,0.0,0.000311418762362789,0.000311418762362787,-0.00235678616056226,0.0,0.0,0.0,0.0421548697396093,2.0,1.0,0.0223823369527495,0.0254559928236876,202.8,0.0,0.0
171,244.0,0.0206338245498959,0.0206338245498959,-0.0204711111111111,0.0,0.0,0.0,-4000000.00000001,-3999999.99999999,-23211075.4450604,0.0,0.0,0.0,0.000311418762362787,0.000311418762362789,-0.00235678616056226,0.0,0.0,0.0,0.0424338946746965,2.0,1.0,0.0225304866245174,0.0256244871587213,204.0,0.0,0.0
172,245.2,0.0207674549413354,0.0207674549413354,-0.0205902222222222,0.0,0.0,0.0,-3999999.99999999,-4000000.00000001,-23211075.4450604,0.0,0.0,0.0,0.000311418762362789,0.000311418762362787,-0.00235678616056226,0.0,0.0,0.0,0.0427129196097836,2.0,1.0,0.0226786362962853,0.0257929814937551,205.2,0.0,0.0
173,246.4,0.0209010853327749,0.0209010853327749,-0.0207093333333333,0.0,0.0,0.0,-4000000.00000001,-3999999.99999999,-23211075.4450604,0.0,0.0,0.0,0.000311418762362787,0.000311418762362789,-0.00235678616056226,0.0,0.0,0.0,0.0429919445448708,2.0,1.0,0.0228267859680531,0.0259614758287888,206.4,0.0,0.0
174,247.6,0.0210347157242144,0.0210347157242144,-0.0208284444444444,0.0,0.0,0.0,-3999999.99999999,-4000000.00000001,-23211075.4450604,0.0,0.0,0.0,0.000311418762362789,0.000311418762362787,-0.00235678616056226,0.0,0.0,0.0,0.043270969479958,2.0,1.0,0.022974935639821,0.0261299701638225,207.6,0.0,0.0
175,248.8,0.0211683461156539,0.0211683461156539,-0.0209475555555556,0.0,0.0,0.0,-4000000.00000001,-3999999.99999999,-23211075.4450604,0.0,0.0,0.0,0.000311418762362787,0.000311418762362789,-0.00235678616056226,0.0,0.0,0.0,0.0435499944150452,2.0,1.0,0.0231230853115889,0.0262984644988563,208.8,0.0,0.0
176,250.0,0.0213019765070934,0.0213019765070934,-0.0210666666666667,0.0,0.0,0.0,-4000000.0,-4000000.00000001,-23211075.4450604,0.0,0.0,0.0,0.000311418762362789,0.000311418762362787,-0.00235678616056226,0.0,0.0,0.0,0.0438290193501323,2.0,1.0,0.0232712349833567,0.02646695883389,210.0,0.0,0.0
177,251.2,0.0214356068985329,0.0214356068985329,-0.0211857777777778,0.0,0.0,0.0,-4000000.00000001,-3999999.99999999,-23211075.4450604,0.0,0.0,0.0,0.000311418762362787,0.000311418762362789,-0.00235678616056226,0.0,0.0,0.0,0.0441080442852195,2.0,1.0,0.0234193846551246,0.0266354531689237,211.2,0.0,0.0
178,252.4,0.0215692372899724,0.0215692372899724,-0.0213048888888889,0.0,0.0,0.0,-3999999.99999999,-4000000.00000001,-23211075.4450604,0.0,0.0,0.0,0.000311418762362789,0.000311418762362787,-0.00235678616056226,0.0,0.0,0.0,0.0443870692203067,2.0,1.0,0.0235675343268925,0.0268039475039575,212.4,0.0,0.0
179,253.6,0.0217028676814118,0.0217028676814118,-0.021424,0.0,0.0,0.0,-4000000.00000001,-4000000.0,-23211075.4450604,0.0,0.0,0.0,0.000311418762362787,0.000311418762362789,-0.00235678616056226,0.0,0.0,0.0,0.0446660941553939,2.0,1.0,0.0237156839986603,0.0269724418389912,213.6,0.0,0.0
180,254.8,0.0218364980728513,0.0218364980728513,-0.0215431111111111,0.0,0.0,0.0,-3999999.99999999,-4000000.00000001,-23211075.4450604,0.0,0.0,0.0,0.000311418762362789,0.000311418762362787,-0.00235678616056226,0.0,0.0,0.0,0.044945119090481,2.0,1.0,0.0238638336704282,0.0271409361740249,214.8,0.0,0.0
181,256.0,0.0219701284642908,0.0219701284642908,-0.0216622222222222,0.0,0.0,0.0,-4000000.00000001,-3999999.99999999,-23211075.4450604,0.0,0.0,0.0,0.000311418762362787,0.000311418762362789,-0.00235678616056226,0.0,0.0,0.0,0.0452241440255682,2.0,1.0,0.0240119833421961,0.0273094305090587,216.0,0.0,0.0
182,257.2,0.0221037588557303,0.0221037588557303,-0.0217813333333333,0.0,0.0,0.0,-3999999.99999999,-4000000.00000001,-23211075.4450604,0.0,0.0,0.0,0.000311418762362789,0.000311418762362787,-0.00235678616056226,0.0,0.0,0.0,0.0455031689606554,2.0,1.0,0.0241601330139639,0.0274779248440924,217.2,0.0,0.0
183,258.4,0.0222373892471698,0.0222373892471698,-0.0219004444444444,0.0,0.0,0.0,-4000000.00000001,-3999999.99999999,-23211075.4450604,0.0,0.0,0.0,0.000311418762362787,0.000311418762362789,-0.00235678616056226,0.0,0.0,0.0,0.0457821938957426,2.0,1.0,0.0243082826857318,0.0276464191791261,218.4,0.0,0.0
184,259.6,0.0223710196386093,0.0223710196386093,-0.0220195555555556,0.0,0.0,0.0,-4000000.0,-4000000.00000001,-23211075.4450604,0.0,0.0,0.0,0.000311418762362789,0.000311418762362787,-0.00235678616056226,0.0,0.0,0.0,0.0460612188308298,2.0,1.0,0.0244564323574997,0.0278149135141599,219.6,0.0,0.0
185,260.8,0.0225046500300488,0.0225046500300488,-0.0221386666666667,0.0,0.0,0.0,-4000000.00000001,-3999999.99999999,-23211075.4450604,0.0,0.0,0.0,0.000311418762362787,0.000311418762362789,-0.00235678616056226,0.0,0.0,0.0,0.0463402437659169,2.0,1.0,0.0246045820292675,0.0279834078491936,220.8,0.0,0.0
186,262.0,0.0226382804214883,0.0226382804214883,-0.0222577777777778,0.0,0.0,0.0,-3999999.99999999,-4000000.00000001,-23211075.4450604,0.0,0.0,0.0,0.000311418762362789,0.000311418762362787,-0.00235678616056226,0.0,0.0,0.0,0.0466192687010041,2.0,1.0,0.0247527317010354,0.0281519021842273,222.0,0.0,0.0
187,263.2,0.0227719108129277,0.0227719108129278,-0.0223768888888889,0.0,0.0,0.0,-4000000.00000001,-4000000.0,-23211075.4450604,0.0,0.0,0.0,0.000311418762362787,0.000311418762362789,-0.00235678616056226,0.0,0.0,0.0,0.0468982936360913,2.0,1.0,0.0249008813728033,0.0283203965192611,223.2,0.0,0.0
188,264.4,0.0229055412043672,0.0229055412043672,-0.022496,0.0,0.0,0.0,-3999999.99999999,-4000000.00000001,-23211075.4450604,0.0,0.0,0.0,0.000311418762362789,0.000311418762362787,-0.00235678616056226,0.0,0.0,0.0,0.0471773185711785,2.0,1.0,0.0250490310445711,0.0284888908542948,224.4,0.0,0.0
189,265.6,0.0230391715958067,0.0230391715958067,-0.0226151111111111,0.0,0.0,0.0,-4000000.00000001,-4000000.0,-23211075.4450604,0.0,0.0,0.0,0.000311418762362787,0.000311418762362789,-0.00235678616056226,0.0,0.0,0.0,0.0474563435062656,2.0,1.0,0.025197180716339,0.0286573851893285,225.6,0.0,0.0
190,266.8,0.0231728019872462,0.0231728019872462,-0.0227342222222222,0.0,0.0,0.0,-3999999.99999999,-4000000.00000001,-23211075.4450604,0.0,0.0,0.0,0.000311418762362789,0.000311418762362787,-0.00235678616056226,0.0,0.0,0.0,0.0477353684413528,2.0,1.0,0.0253453303881069,0.0288258795243623,226.8,0.0,0.0
191,268.0,0.0233064323786857,0.0233064323786857,-0.0228533333333333,0.0,0.0,0.0,-4000000.00000001,-3999999.99999999,-23211075.4450604,0.0,0.0,0.0,0.000311418762362787,0.000311418762362789,-0.00235678616056226,0.0,0.0,0.0,0.04801439337644,2.0,1.0,0.0254934800598747,0.028994373859396,228.0,0.0,0.0
192,269.2,0.0234400627701252,0.0234400627701252,-0.0229724444444444,0.0,0.0,0.0,-3999999.99999999,-4000000.00000001,-23211075.4450604,0.0,0.0,0.0,0.000311418762362789,0.000311418762362787,-0.00235678616056226,0.0,0.0,0.0,0.0482934183115272,2.0,1.0,0.0256416297316426,0.0291628681944297,229.2,0.0,0.0
193,270.4,0.0235736931615647,0.0235736931615647,-0.0230915555555556,0.0,0.0,0.0,-4000000.00000001,-3999999.99999999,-23211075.4450604,0.0,0.0,0.0,0.000311418762362787,0.000311418762362789,-0.00235678616056226,0.0,0.0,0.0,0.0485724432466143,2.0,1.0,0.0257897794034105,0.0293313625294635,230.4,0.0,0.0
194,271.6,0.0237073235530042,0.0237073235530042,-0.0232106666666667,0.0,0.0,0.0,-3999999.99999999,-4000000.00000001,-23211075.4450604,0.0,0.0,0.0,0.000311418762362789,0.000311418762362787,-0.00235678616056226,0.0,0.0,0.0,0.0488514681817015,2.0,1.0,0.0259379290751783,0.0294998568644972,231.6,0.0,0.0
195,272.8,0.0238409539444437,0.0238409539444437,-0.0233297777777778,0.0,0.0,0.0,-4000000.0,-3999999.99999999,-23211075.4450604,0.0,0.0,0.0,0.000311418762362787,0.000311418762362789,-0.00235678616056226,0.0,0.0,0.0,0.0491304931167887,2.0,1.0,0.0260860787469462,0.0296683511995309,232.8,0.0,0.0
196,274.0,0.0239745843358832,0.0239745843358832,-0.0234488888888889,0.0,0.0,0.0,-3999999.99999999,-4000000.00000001,-23211075.4450604,0.0,0.0,0.0,0.000311418762362789,0.000311418762362787,-0.00235678616056226,0.0,0.0,0.0,0.0494095180518759,2.0,1.0,0.0262342284187141,0.0298368455345647,234.0,0.0,0.0
197,275.2,0.0241082147273226,0.0241082147273226,-0.023568,0.0,0.0,0.0,-4000000.00000001,-4000000.0,-23211075.4450604,0.0,0.0,0.0,0.000311418762362787,0.000311418762362789,-0.00235678616056226,0.0,0.0,0.0,0.049688542986963,2.0,1.0,0.0263823780904819,0.0300053398695984,235.2,0.0,0.0
198,276.4,0.0242418451187621,0.0242418451187621,-0.0236871111111111,0.0,0.0,0.0,-3999999.99999999,-4000000.00000001,-23211075.4450604,0.0,0.0,0.0,0.000311418762362789,0.000311418762362787,-0.00235678616056226,0.0,0.0,0.0,0.0499675679220502,2.0,1.0,0.0265305277622498,0.0301738342046321,236.4,0.0,0.0
199,277.6,0.0243754755102016,0.0243754755102016,-0.0238062222222222,0.0,0.0,0.0,-4000000.00000001,-4000000.0,-23211075.4450604,0.0,0.0,0.0,0.000311418762362787,0.000311418762362789,-0.00235678616056226,0.0,0.0,0.0,0.0502465928571374,2.0,1.0,0.0266786774340177,0.0303423285396659,237.6,0.0,0.0
200,278.8,0.0245091059016411,0.0245091059016411,-0.0239253333333333,0.0,0.0,0.0,-4000000.0,-4000000.00000001,-23211075.4450604,0.0,0.0,0.0,0.000311418762362789,0.000311418762362787,-0.00235678616056226,0.0,0.0,0.0,0.0505256177922246,2.0,1.0,0.0268268271057855,0.0305108228746996,238.8,0.0,0.0
201,280.0,0.0246427362930806,0.0246427362930806,-0.0240444444444444,0.0,0.0,0.0,-4000000.00000001,-4000000.0,-23211075.4450604,0.0,0.0,0.0,0.000311418762362787,0.000311418762362789,-0.00235678616056226,0.0,0.0,0.0,0.0508046427273118,2.0,1.0,0.0269749767775534,0.0306793172097333,240.0,0.0,0.0
202,281.2,0.0247763666845201,0.0247763666845201,-0.0241635555555556,0.0,0.0,0.0,-3999999.99999999,-4000000.00000001,-23211075.4450604,0.0,0.0,0.0,0.000311418762362789,0.000311418762362787,-0.00235678616056226,0.0,0.0,0.0,0.0510836676623989,2.0,1.0,0.0271231264493213,0.0308478115447671,241.2,0.0,0.0
203,282.4,0.0249099970759596,0.0249099970759596,-0.0242826666666667,0.0,0.0,0.0,-4000000.00000001,-3999999.99999999,-23211075.4450604,0.0,0.0,0.0,0.000311418762362787,0.000311418762362789,-0.00235678616056226,0.0,0.0,0.0,0.0513626925974861,2.0,1.0,0.0272712761210891,0.0310163058798008,242.4,0.0,0.0
204,283.6,0.0250436274673991,0.0250436274673991,-0.0244017777777778,0.0,0.0,0.0,-4000000.0,-4000000.00000001,-23211075.4450604,0.0,0.0,0.0,0.000311418762362789,0.000311418762362787,-0.00235678616056226,0.0,0.0,0.0,0.0516417175325733,2.0,1.0,0.027419425792857,0.0311848002148345,243.6,0.0,0.0
205,284.8,0.0251772578588386,0.0251772578588386,-0.0245208888888889,0.0,0.0,0.0,-4000000.00000001,-3999999.99999999,-23211075.4450604,0.0,0.0,0.0,0.000311418762362787,0.000311418762362789,-0.00235678616056226,0.0,0.0,0.0,0.0519207424676605,2.0,1.0,0.0275675754646249,0.0313532945498683,244.8,0.0,0.0
206,286.0,0.025310888250278,0.025310888250278,-0.02464,0.0,0.0,0.0,-4000000.0,-4000000.00000001,-23211075.4450604,0.0,0.0,0.0,0.000311418762362789,0.000311418762362787,-0.00235678616056226,0.0,0.0,0.0,0.0521997674027476,2.0,1.0,0.0277157251363927,0.031521788884902,246.0,0.0,0.0
207,287.2,0.0254445186417175,0.0254445186417175,-0.0247591111111111,0.0,0.0,0.0,-3999999.99999999,-4000000.0,-23211075.4450604,0.0,0.0,0.0,0.000311418762362789,0.000311418762362787,-0.00235678616056226,0.0,0.0,0.0,0.0524787923378348,2.0,1.0,0.0278638748081606,0.0316902832199357,247.2,0.0,0.0
208,288.4,0.025578149033157,0.025578149033157,-0.0248782222222222,0.0,0.0,0.0,-4000000.0,-4000000.00000001,-23211075.4450604,0.0,0.0,0.0,0.000311418762362789,0.000311418762362787,-0.00235678616056226,0.0,0.0,0.0,0.052757817272922,2.0,1.0,0.0280120244799285,0.0318587775549695,248.4,0.0,0.0
209,289.6,0.0257117794245965,0.0257117794245965,-0.0249973333333333,0.0,0.0,0.0,-3999999.99999999,-4000000.0,-23211075.4450604,0.0,0.0,0.0,0.000311418762362789,0.000311418762362788,-0.00235678616056226,0.0,0.0,0.0,0.0530368422080092,2.0,1.0,0.0281601741516963,0.0320272718900032,249.6,0.0,0.0
210,290.8,0.025845409816036,0.025845409816036,-0.0251164444444444,0.0,0.0,0.0,-4000000.0,-4000000.00000001,-23211075.4450604,0.0,0.0,0.0,0.000311418762362789,0.000311418762362787,-0.00235678616056226,0.0,0.0,0.0,0.0533158671430964,2.0,1.0,0.0283083238234642,0.0321957662250369,250.8,0.0,0.0
211,292.0,0.0259790402074755,0.0259790402074755,-0.0252355555555556,0.0,0.0,0.0,-3999999.99999999,-4000000.0,-23211075.4450604,0.0,0.0,0.0,0.000311418762362789,0.000311418762362788,-0.00235678616056226,0.0,0.0,0.0,0.0535948920781835,2.0,1.0,0.0284564734952321,0.0323642605600707,252.0,0.0,0.0
212,293.2,0.026112670598915,0.026112670598915,-0.0253546666666667,0.0,0.0,0.0,-4000000.0,-4000000.00000001,-23211075.4450604,0.0,0.0,0.0,0.000311418762362788,0.000311418762362787,-0.00235678616056226,0.0,0.0,0.0,0.0538739170132707,2.0,1.0,0.0286046231669999,0.0325327548951044,253.2,0.0,0.0
213,294.4,0.0262463009903545,0.0262463009903545,-0.0254737777777778,0.0,0.0,0.0,-3999999.99999999,-4000000.0,-23211075.4450604,0.0,0.0,0.0,0.000311418762362789,0.000311418762362788,-0.00235678616056226,0.0,0.0,0.0,0.0541529419483579,2.0,1.0,0.0287527728387678,0.0327012492301381,254.4,0.0,0.0
214,295.6,0.026379931381794,0.026379931381794,-0.0255928888888889,0.0,0.0,0.0,-4000000.0,-4000000.00000001,-23211075.4450604,0.0,0.0,0.0,0.000311418762362788,0.000311418762362788,-0.00235678616056226,0.0,0.0,0.0,0.0544319668834451,2.0,1.0,0.0289009225105357,0.0328697435651719,255.6,0.0,0.0
215,296.8,0.0265135617732335,0.0265135617732335,-0.025712,0.0,0.0,0.0,-3999999.99999999,-4000000.0,-23211075.4450604,0.0,0.0,0.0,0.000311418762362788,0.000311418762362788,-0.00235678616056226,0.0,0.0,0.0,0.0547109918185323,2.0,1.0,0.0290490721823035,0.0330382379002056,256.8,0.0,0.0
216,298.0,0.0266471921646729,0.0266471921646729,-0.0258311111111111,0.0,0.0,0.0,-4000000.0,-4000000.00000001,-23211075.4450604,0.0,0.0,0.0,0.000311418762362788,0.000311418762362787,-0.00235678616056226,0.0,0.0,0.0,0.0549900167536194,2.0,1.0,0.0291972218540714,0.0332067322352393,258.0,0.0,0.0
217,299.2,0.0267808225561124,0.0267808225561124,-0.0259502222222222,0.0,0.0,0.0,-3999999.99999999,-4000000.0,-23211075.4450604,0.0,0.0,0.0,0.000311418762362788,0.000311418762362788,-0.00235678616056226,0.0,0.0,0.0,0.0552690416887066,2.0,1.0,0.0293453715258393,0.0333752265702731,259.2,0.0,0.0
218,300.4,0.0269144529475519,0.0269144529475519,-0.0260693333333333,0.0,0.0,0.0,-4000000.0,-4000000.0,-23211075.4450604,0.0,0.0,0.0,0.000311418762362788,0.000311418762362788,-0.00235678616056226,0.0,0.0,0.0,0.0555480666237938,2.0,1.0,0.0294935211976071,0.0335437209053068,260.4,0.0,0.0
219,301.6,0.0270480833389914,0.0270480833389914,-0.0261884444444444,0.0,0.0,0.0,-3999999.99999999,-4000000.0,-23211075.4450604,0.0,0.0,0.0,0.000311418762362788,0.000311418762362788,-0.00235678616056226,0.0,0.0,0.0,0.055827091558881,2.0,1.0,0.029641670869375,0.0337122152403405,261.6,0.0,0.0
220,302.8,0.0271817137304309,0.0271817137304309,-0.0263075555555556,0.0,0.0,0.0,-4000000.0,-4000000.00000001,-23211075.4450604,0.0,0.0,0.0,0.000311418762362788,0.000311418762362788,-0.00235678616056226,0.0,0.0,0.0,0.0561061164939682,2.0,1.0,0.0297898205411429,0.0338807095753743,262.8,0.0,0.0
221,304.0,0.0273153441218704,0.0273153441218704,-0.0264266666666667,0.0,0.0,0.0,-4000000.0,-4000000.0,-23211075.4450604,0.0,0.0,0.0,0.000311418762362788,0.000311418762362788,-0.00235678616056226,0.0,0.0,0.0,0.0563851414290553,2.0,1.0,0.0299379702129107,0.034049203910408,264.0,0.0,0.0
222,305.2,0.0274489745133099,0.0274489745133099,-0.0265457777777778,0.0,0.0,0.0,-4000000.0,-4000000.00000001,-23211075.4450604,0.0,0.0,0.0,0.000311418762362788,0.000311418762362788,-0.00235678616056226,0.0,0.0,0.0,0.0566641663641425,2.0,1.0,0.0300861198846786,0.0342176982454417,265.2,0.0,0.0
223,306.4,0.0275826049047494,0.0275826049047494,-0.0266648888888889,0.0,0.0,0.0,-3999999.99999999,-4000000.0,-23211075.4450604,0.0,0.0,0.0,0.000311418762362788,0.000311418762362788,-0.00235678616056226,0.0,0.0,0.0,0.0569431912992297,2.0,1.0,0.0302342695564465,0.0343861925804755,266.4,0.0,0.0
224,307.6,0.0277162352961888,0.0277162352961889,-0.026784,0.0,0.0,0.0,-4000000.0,-4000000.0,-23211075.4450604,0.0,0.0,0.0,0.000311418762362788,0.000311418762362788,-0.00235678616056226,0.0,0.0,0.0,0.0572222162343169,2.0,1.0,0.0303824192282143,0.0345546869155092,267.6,0.0,0.0
225,308.8,0.0278498656876283,0.0278498656876283,-0.0269031111111111,0.0,0.0,0.0,-3999999.99999999,-4000000.0,-23211075.4450604,0.0,0.0,0.0,0.000311418762362788,0.000311418762362788,-0.00235678616056226,0.0,0.0,0.0,0.0575012411694041,2.0,1.0,0.0305305688999822,0.0347231812505429,268.8,0.0,0.0
226,310.0,0.0279834960790678,0.0279834960790678,-0.0270222222222222,0.0,0.0,0.0,-4000000.00000001,-4000000.00000001,-23211075.4450604,0.0,0.0,0.0,0.000311418762362788,0.000311418762362788,-0.00235678616056226,0.0,0.0,0.0,0.0577802661044912,2.0,1.0,0.0306787185717501,0.0348916755855767,270.0,0.0,0.0
227,311.2,0.0281171264705073,0.0281171264705073,-0.0271413333333333,0.0,0.0,0.0,-4000000.0,-4000000.0,-23211075.4450604,0.0,0.0,0.0,0.000311418762362788,0.000311418762362788,-0.00235678616056226,0.0,0.0,0.0,0.0580592910395784,2.0,1.0,0.0308268682435179,0.0350601699206104,271.2,0.0,0.0
228,312.4,0.0282507568619468,0.0282507568619468,-0.0272604444444444,0.0,0.0,0.0,-4000000.00000001,-4000000.00000001,-23211075.4450604,0.0,0.0,0.0,0.000311418762362788,0.000311418762362788,-0.00235678616056226,0.0,0.0,0.0,0.0583383159746656,2.0,1.0,0.0309750179152858,0.0352286642556441,272.4,0.0,0.0
229,313.6,0.0283843872533863,0.0283843872533863,-0.0273795555555556,0.0,0.0,0.0,-4000000.0,-4000000.0,-23211075.4450604,0.0,0.0,0.0,0.000311418762362788,0.000311418762362788,-0.00235678616056226,0.0,0.0,0.0,0.0586173409097528,2.0,1.0,0.0311231675870537,0.0353971585906779,273.6,0.0,0.0
230,314.8,0.0285180176448258,0.0285180176448258,-0.0274986666666667,0.0,0.0,0.0,-4000000.0,-4000000.0,-23211075.4450604,0.0,0.0,0.0,0.000311418762362788,0.000311418762362788,-0.00235678616056226,0.0,0.0,0.0,0.05889636584484,2.0,1.0,0.0312713172588215,0.0355656529257116,274.8,0.0,0.0
231,316.0,0.0286516480362653,0.0286516480362653,-0.0276177777777778,0.0,0.0,0.0,-4000000.0,-4000000.0,-23211075.4450604,0.0,0.0,0.0,0.000311418762362788,0.000311418762362788,-0.00235678616056226,0.0,0.0,0.0,0.0591753907799271,2.0,1.0,0.0314194669305894,0.0357341472607453,276.0,0.0,0.0
232,317.2,0.0287852784277048,0.0287852784277048,-0.0277368888888889,0.0,0.0,0.0,-4000000.0,-4000000.0,-23211075.4450604,0.0,0.0,0.0,0.000311418762362788,0.000311418762362788,-0.00235678616056226,0.0,0.0,0.0,0.0594544157150143,2.0,1.0,0.0315676166023573,0.0359026415957791,277.2,0.0,0.0
233,318.4,0.0289189088191442,0.0289189088191443,-0.027856,0.0,0.0,0.0,-4000000.0,-4000000.0,-23211075.4450604,0.0,0.0,0.0,0.000311418762362788,0.000311418762362788,-0.00235678616056226,0.0,0.0,0.0,0.0597334406501015,2.0,1.0,0.0317157662741251,0.0360711359308128,278.4,0.0,0.0
234,319.6,0.0290525392105837,0.0290525392105837,-0.0279751111111111,0.0,0.0,0.0,-4000000.0,-4000000.0,-23211075.4450604,0.0,0.0,0.0,0.000311418762362788,0.000311418762362788,-0.00235678616056226,0.0,0.0,0.0,0.0600124655851887,2.0,1.0,0.031863915945893,0.0362396302658465,279.6,0.0,0.0
235,320.8,0.0291861696020232,0.0291861696020232,-0.0280942222222222,0.0,0.0,0.0,-4000000.0,-4000000.0,-23211075.4450604,0.0,0.0,0.0,0.000311418762362788,0.000311418762362788,-0.00235678616056226,0.0,0.0,0.0,0.0602914905202759,2.0,1.0,0.0320120656176609,0.0364081246008803,280.8,0.0,0.0
236,322.0,0.0293197999934627,0.0293197999934627,-0.0282133333333333,0.0,0.0,0.0,-4000000.00000001,-4000000.00000001,-23211075.4450604,0.0,0.0,0.0,0.000311418762362788,0.000311418762362788,-0.00235678616056226,0.0,0.0,0.0,0.060570515455363,2.0,1.0,0.0321602152894287,0.036576618935914,282.0,0.0,0.0
237,323.2,0.0294534303849022,0.0294534303849022,-0.0283324444444444,0.0,0.0,0.0,-4000000.0,-4000000.0,-23211075.4450604,0.0,0.0,0.0,0.000311418762362788,0.000311418762362788,-0.00235678616056226,0.0,0.0,0.0,0.0608495403904502,2.0,1.0,0.0323083649611966,0.0367451132709477,283.2,0.0,0.0
238,324.4,0.0295870607763417,0.0295870607763417,-0.0284515555555556,0.0,0.0,0.0,-4000000.00000001,-4000000.00000001,-23211075.4450604,0.0,0.0,0.0,0.000311418762362788,0.000311418762362788,-0.00235678616056226,0.0,0.0,0.0,0.0611285653255374,2.0,1.0,0.0324565146329645,0.0369136076059815,284.4,0.0,0.0
239,325.6,0.0297206911677812,0.0297206911677812,-0.0285706666666667,0.0,0.0,0.0,-4000000.0,-4000000.0,-23211075.4450604,0.0,0.0,0.0,0.000311418762362788,0.000311418762362788,-0.00235678616056226,0.0,0.0,0.0,0.0614075902606246,2.0,1.0,0.0326046643047323,0.0370821019410152,285.6,0.0,0.0
240,326.8,0.0298543215592207,0.0298543215592207,-0.0286897777777778,0.0,0.0,0.0,-3999999.99999999,-3999999.99999999,-23211075.4450604,0.0,0.0,0.0,0.000311418762362788,0.000311418762362788,-0.00235678616056226,0.0,0.0,0.0,0.0616866151957118,2.0,1.0,0.0327528139765002,0.0372505962760489,286.8,0.0,0.0
241,328.0,0.0299879519506602,0.0299879519506602,-0.0288088888888889,0.0,0.0,0.0,-4000000.0,-4000000.0,-23211075.4450604,0.0,0.0,0.0,0.000311418762362788,0.000311418762362788,-0.00235678616056226,0.0,0.0,0.0,0.0619656401307989,2.0,1.0,0.0329009636482681,0.0374190906110827,288.0,0.0,0.0
242,329.2,0.0301215823420997,0.0301215823420997,-0.028928,0.0,0.0,0.0,-4000000.00000001,-4000000.00000001,-23211075.4450604,0.0,0.0,0.0,0.000311418762362788,0.000311418762362788,-0.00235678616056226,0.0,0.0,0.0,0.0622446650658861,2.0,1.0,0.0330491133200359,0.0375875849461164,289.2,0.0,0.0
243,330.4,0.0302552127335391,0.0302552127335392,-0.0290471111111111,0.0,0.0,0.0,-4000000.0,-4000000.0,-23211075.4450604,0.0,0.0,0.0,0.000311418762362788,0.000311418762362788,-0.00235678616056226,0.0,0.0,0.0,0.0625236900009733,2.0,1.0,0.0331972629918038,0.0377560792811501,290.4,0.0,0.0
244,331.6,0.0303888431249786,0.0303888431249786,-0.0291662222222222,0.0,0.0,0.0,-4000000.0,-4000000.0,-23211075.4450604,0.0,0.0,0.0,0.000311418762362788,0.000311418762362788,-0.00235678616056226,0.0,0.0,0.0,0.0628027149360604,2.0,1.0,0.0333454126635717,0.0379245736161839,291.6,0.0,0.0
245,332.8,0.0305224735164181,0.0305224735164181,-0.0292853333333333,0.0,0.0,0.0,-4000000.0,-4000000.0,-23211075.4450604,0.0,0.0,0.0,0.000311418762362788,0.000311418762362788,-0.00235678616056226,0.0,0.0,0.0,0.0630817398711476,2.0,1.0,0.0334935623353395,0.0380930679512176,292.8,0.0,0.0
246,334.0,0.0306561039078576,0.0306561039078576,-0.0294044444444444,0.0,0.0,0.0,-4000000.00000001,-4000000.00000001,-23211075.4450604,0.0,0.0,0.0,0.000311418762362788,0.000311418762362788,-0.00235678616056226,0.0,0.0,0.0,0.0633607648062348,2.0,1.0,0.0336417120071074,0.0382615622862513,294.0,0.0,0.0
247,335.2,0.0307897342992971,0.0307897342992971,-0.0295235555555556,0.0,0.0,0.0,-4000000.0,-4000000.0,-23211075.4450604,0.0,0.0,0.0,0.000311418762362788,0.000311418762362788,-0.00235678616056226,0.0,0.0,0.0,0.063639789741322,2.0,1.0,0.0337898616788753,0.0384300566212851,295.2,0.0,0.0
248,336.4,0.0309233646907366,0.0309233646907366,-0.0296426666666667,0.0,0.0,0.0,-4000000.00000001,-4000000.00000001,-23211075.4450604,0.0,0.0,0.0,0.000311418762362788,0.000311418762362788,-0.00235678616056226,0.0,0.0,0.0,0.0639188146764092,2.0,1.0,0.0339380113506431,0.0385985509563188,296.4,0.0,0.0
249,337.6,0.0310569950821761,0.0310569950821761,-0.0297617777777778,0.0,0.0,0.0,-4000000.0,-4000000.0,-23211075.4450604,0.0,0.0,0.0,0.000311418762362788,0.000311418762362788,-0.00235678616056226,0.0,0.0,0.0,0.0641978396114963,2.0,1.0,0.034086161022411,0.0387670452913525,297.6,0.0,0.0
250,338.8,0.0311906254736156,0.0311906254736156,-0.0298808888888889,0.0,0.0,0.0,-3999999.99999999,-3999999.99999999,-23211075.4450604,0.0,0.0,0.0,0.000311418762362788,0.000311418762362788,-0.00235678616056226,0.0,0.0,0.0,0.0644768645465835,2.0,1.0,0.0342343106941789,0.0389355396263863,298.8,0.0,0.0
251,340.0,0.0313242558650551,0.0313242558650551,-0.03,0.0,0.0,0.0,-4000000.0,-4000000.0,-23211075.4450604,0.0,0.0,0.0,0.000311418762362788,0.000311418762362788,-0.00235678616056226,0.0,0.0,0.0,0.0647558894816707,2.0,1.0,0.0343824603659467,0.03910403396142,300.0,0.0,0.0
