,INST,EPXX,EPYY,EPZZ,EPXY,EPXZ,EPYZ,SIXX,SIYY,SIZZ,SIXY,SIXZ,SIYZ,EPXX_EL,EPYY_EL,EPZZ_EL,EPXY_EL,EPXZ_EL,EPYZ_EL,LAMBDA,NITER,IP,EVP,GAMMAP,TIME,C3T,E_STORED,E_DISSIPATED
0,0.0,0.0,0.0,0.0,0.0,0.0,0.0,0.0,0.0,0.0,0.0,0.0,0.0,0.0,0.0,0.0,0.0,0.0,0.0,0.0,0.0,0.0,0.0,0.0,0.0,0.0,0.0,0.0
1,40.0,-0.00143937185812112,-0.00143937185812112,-0.00143937185812112,0.0,0.0,0.0,-4000000.0,-4000000.0,-4000000.0,0.0,0.0,0.0,-0.00143937185812112,-0.00143937185812112,-0.00143937185812112,0.0,0.0,0.0,0.0,2.0,0.0,0.0,0.0,40.0,30.0000000016824,0.0,0.0
2,41.2,-0.00141081122997924,-0.00141081122997924,-0.00155361437068864,0.0,0.0,0.0,-4000000.0,-4000000.0,-4158739.4,0.0,0.0,0.0,-0.00141081122997924,-0.00141081122997924,-0.00155361437068863,0.0,0.0,0.0,0.0,2.0,0.0,0.0,0.0,1.2,59.9999971826907,0.0,0.0
3,42.4,-0.00138225060183736,-0.00138225060183736,-0.00166785688325615,0.0,0.0,0.0,-4000000.0,-4000000.0,-4317478.8,0.0,0.0,0.0,-0.00138225060183736,-0.00138225060183736,-0.00166785688325615,0.0,0.0,0.0,0.0,2.0,0.0,0.0,0.0,2.4,59.9999984940848,0.0,0.0
4,43.6,-0.00135368997369548,-0.00135368997369548,-0.00178209939582367,0.0,0.0,0.0,-4000000.0,-4000000.0,-4476218.2,0.0,0.0,0.0,-0.00135368997369548,-0.00135368997369548,-0.00178209939582366,0.0,0.0,0.0,0.0,2.0,0.0,0.0,0.0,3.6,59.9999980909041,0.0,0.0
5,44.8,-0.0013251293455536,-0.0013251293455536,-0.00189634190839118,0.0,0.0,0.0,-4000000.0,-4000000.0,-4634957.6,0.0,0.0,0.0,-0.0013251293455536,-0.0013251293455536,-0.00189634190839118,0.0,0.0,0.0,0.0,2.0,0.0,0.0,0.0,4.8,59.999998897783,0.0,0.0
6,46.0,-0.00129656871741173,-0.00129656871741173,-0.0020105844209587,0.0,0.0,0.0,-4000000.0,-4000000.0,-4793697.0,0.0,0.0,0.0,-0.00129656871741172,-0.00129656871741172,-0.00201058442095869,0.0,0.0,0.0,0.0,2.0,0.0,0.0,0.0,6.0,59.9999989738918,0.0,0.0
7,47.2,-0.00126800808926985,-0.00126800808926985,-0.00212482693352621,0.0,0.0,0.0,-4000000.0,-4000000.0,-4952436.4,0.0,0.0,0.0,-0.00126800808926984,-0.00126800808926984,-0.00212482693352621,0.0,0.0,0.0,0.0,2.0,0.0,0.0,0.0,7.2,59.9999986351485,0.0,0.0
8,48.4,-0.00123944746112797,-0.00123944746112797,-0.00223906944609373,0.0,0.0,0.0,-4000000.0,-4000000.0,-5111175.8,0.0,0.0,0.0,-0.00123944746112796,-0.00123944746112796,-0.00223906944609372,0.0,0.0,0.0,0.0,2.0,0.0,0.0,0.0,8.4,59.9999992470424,0.0,0.0
9,49.6,-0.00121088683298609,-0.00121088683298609,-0.00235331195866124,0.0,0.0,0.0,-4000000.0,-4000000.0,-5269915.2,0.0,0.0,0.0,-0.00121088683298608,-0.00121088683298608,-0.00235331195866124,0.0,0.0,0.0,0.0,2.0,0.0,0.0,0.0,9.6,60.0,0.0,0.0
10,50.8,-0.00118232620484421,-0.00118232620484421,-0.00246755447122876,0.0,0.0,0.0,-4000000.0,-4000000.0,-5428654.6,0.0,0.0,0.0,-0.00118232620484421,-0.00118232620484421,-0.00246755447122876,0.0,0.0,0.0,0.0,2.0,0.0,0.0,0.0,10.8,59.9999991950545,0.0,0.0
11,52.0,-0.00115376557670233,-0.00115376557670233,-0.00258179698379628,0.0,0.0,0.0,-4000000.0,-4000000.0,-5587394.0,0.0,0.0,0.0,-0.00115376557670233,-0.00115376557670233,-0.00258179698379627,0.0,0.0,0.0,0.0,2.0,0.0,0.0,0.0,12.0,60.0,0.0,0.0
12,53.2,-0.00112520494856045,-0.00112520494856045,-0.00269603949636379,0.0,0.0,0.0,-4000000.0,-4000000.0,-5746133.4,0.0,0.0,0.0,-0.00112520494856045,-0.00112520494856045,-0.00269603949636379,0.0,0.0,0.0,0.0,2.0,0.0,0.0,0.0,13.2,59.9999992470424,0.0,0.0
13,54.4,-0.00109664432041857,-0.00109664432041857,-0.00281028200893131,0.0,0.0,0.0,-4000000.0,-4000000.0,-5904872.8,0.0,0.0,0.0,-0.00109664432041857,-0.00109664432041857,-0.0028102820089313,0.0,0.0,0.0,0.0,2.0,0.0,0.0,0.0,14.4,59.9999993028967,0.0,0.0
14,55.6,-0.00106808369227669,-0.00106808369227669,-0.00292452452149882,0.0,0.0,0.0,-4000000.0,-4000000.0,-6063612.2,0.0,0.0,0.0,-0.00106808369227669,-0.00106808369227669,-0.00292452452149882,0.0,0.0,0.0,0.0,2.0,0.0,0.0,0.0,15.6,59.9999995070736,0.0,0.0
15,56.8,-0.00103952306413482,-0.00103952306413482,-0.00303876703406634,0.0,0.0,0.0,-4000000.0,-4000000.0,-6222351.6,0.0,0.0,0.0,-0.00103952306413481,-0.00103952306413481,-0.00303876703406633,0.0,0.0,0.0,0.0,2.0,0.0,0.0,0.0,16.8,59.9999991000436,0.0,0.0
16,58.0,-0.00101096243599294,-0.00101096243599294,-0.00315300954663385,0.0,0.0,0.0,-4000000.0,-4000000.0,-6381091.0,0.0,0.0,0.0,-0.00101096243599293,-0.00101096243599293,-0.00315300954663385,0.0,0.0,0.0,0.0,2.0,0.0,0.0,0.0,18.0,59.9999991000436,0.0,0.0
17,59.2,-0.000982401807851057,-0.000982401807851058,-0.00326725205920137,0.0,0.0,0.0,-4000000.0,-4000000.0,-6539830.4,0.0,0.0,0.0,-0.000982401807851054,-0.000982401807851054,-0.00326725205920136,0.0,0.0,0.0,0.0,2.0,0.0,0.0,0.0,19.2,59.9999993028967,0.0,0.0
18,60.4,-0.000953841179709179,-0.00095384117970918,-0.00338149457176888,0.0,0.0,0.0,-4000000.0,-4000000.0,-6698569.8,0.0,0.0,0.0,-0.000953841179709175,-0.000953841179709175,-0.00338149457176888,0.0,0.0,0.0,0.0,2.0,0.0,0.0,0.0,20.4,59.9999993028967,0.0,0.0
19,61.6,-0.0009252805515673,-0.000925280551567301,-0.0034957370843364,0.0,0.0,0.0,-4000000.0,-4000000.0,-6857309.2,0.0,0.0,0.0,-0.000925280551567297,-0.000925280551567297,-0.00349573708433639,0.0,0.0,0.0,0.0,2.0,0.0,0.0,0.0,21.6,59.9999994308176,0.0,0.0
20,62.8,-0.000896719923425421,-0.000896719923425422,-0.00360997959690391,0.0,0.0,0.0,-4000000.0,-4000000.0,-7016048.6,0.0,0.0,0.0,-0.000896719923425417,-0.000896719923425417,-0.00360997959690391,0.0,0.0,0.0,0.0,2.0,0.0,0.0,0.0,22.8,60.0,0.0,0.0
21,64.0,-0.000868159295283542,-0.000868159295283543,-0.00372422210947143,0.0,0.0,0.0,-4000000.0,-4000000.0,-7174788.0,0.0,0.0,0.0,-0.000868159295283539,-0.000868159295283539,-0.00372422210947143,0.0,0.0,0.0,0.0,2.0,0.0,0.0,0.0,24.0,59.9999997154088,0.0,0.0
22,65.2,-0.000839598667141663,-0.000839598667141664,-0.00383846462203895,0.0,0.0,0.0,-4000000.0,-4000000.0,-7333527.4,0.0,0.0,0.0,-0.00083959866714166,-0.00083959866714166,-0.00383846462203894,0.0,0.0,0.0,0.0,2.0,0.0,0.0,0.0,25.2,59.9999993636347,0.0,0.0
23,66.4,-0.000811038038999784,-0.000811038038999785,-0.00395270713460646,0.0,0.0,0.0,-4000000.0,-4000000.0,-7492266.8,0.0,0.0,0.0,-0.00081103803899978,-0.00081103803899978,-0.00395270713460646,0.0,0.0,0.0,0.0,2.0,0.0,0.0,0.0,26.4,60.0,0.0,0.0
24,67.6,-0.000782477410857905,-0.000782477410857906,-0.00406694964717398,0.0,0.0,0.0,-4000000.0,-4000000.0,-7651006.2,0.0,0.0,0.0,-0.000782477410857902,-0.000782477410857902,-0.00406694964717397,0.0,0.0,0.0,0.0,2.0,0.0,0.0,0.0,27.6,60.0,0.0,0.0
25,68.8,-0.000753916782716026,-0.000753916782716027,-0.00418119215974149,0.0,0.0,0.0,-4000000.0,-4000000.0,-7809745.6,0.0,0.0,0.0,-0.000753916782716023,-0.000753916782716023,-0.00418119215974149,0.0,0.0,0.0,0.0,2.0,0.0,0.0,0.0,28.8,59.9999993636347,0.0,0.0
26,70.0,-0.000725356154574148,-0.000725356154574148,-0.00429543467230901,0.0,0.0,0.0,-4000000.0,-4000000.0,-7968485.0,0.0,0.0,0.0,-0.000725356154574144,-0.000725356154574144,-0.004295434672309,0.0,0.0,0.0,0.0,2.0,0.0,0.0,0.0,30.0,59.9999993636347,0.0,0.0
27,71.2,-0.000696795526432269,-0.00069679552643227,-0.00440967718487652,0.0,0.0,0.0,-4000000.0,-4000000.0,-8127224.4,0.0,0.0,0.0,-0.000696795526432265,-0.000696795526432265,-0.00440967718487652,0.0,0.0,0.0,0.0,2.0,0.0,0.0,0.0,31.2,59.9999992470424,0.0,0.0
28,72.4,-0.00066823489829039,-0.00066823489829039,-0.00452391969744404,0.0,0.0,0.0,-4000000.0,-4000000.0,-8285963.8,0.0,0.0,0.0,-0.000668234898290386,-0.000668234898290386,-0.00452391969744404,0.0,0.0,0.0,0.0,2.0,0.0,0.0,0.0,32.4,59.9999994308176,0.0,0.0
29,73.6,-0.000639674270148511,-0.000639674270148512,-0.00463816221001155,0.0,0.0,0.0,-4000000.0,-4000000.0,-8444703.2,0.0,0.0,0.0,-0.000639674270148508,-0.000639674270148508,-0.00463816221001155,0.0,0.0,0.0,0.0,2.0,0.0,0.0,0.0,33.6,59.9999993636347,0.0,0.0
30,74.8,-0.000611113642006632,-0.000611113642006632,-0.00475240472257907,0.0,0.0,0.0,-4000000.0,-4000000.0,-8603442.6,0.0,0.0,0.0,-0.000611113642006629,-0.000611113642006629,-0.00475240472257907,0.0,0.0,0.0,0.0,2.0,0.0,0.0,0.0,34.8,59.9999993636347,0.0,0.0
31,76.0,-0.000582553013864753,-0.000582553013864754,-0.00486664723514659,0.0,0.0,0.0,-4000000.0,-4000000.0,-8762182.0,0.0,0.0,0.0,-0.000582553013864749,-0.000582553013864749,-0.00486664723514658,0.0,0.0,0.0,0.0,2.0,0.0,0.0,0.0,36.0,59.9999994308176,0.0,0.0
32,77.2,-0.000553992385722875,-0.000553992385722876,-0.0049808897477141,0.0,0.0,0.0,-4000000.0,-4000000.0,-8920921.4,0.0,0.0,0.0,-0.000553992385722871,-0.000553992385722871,-0.0049808897477141,0.0,0.0,0.0,0.0,2.0,0.0,0.0,0.0,37.2,60.0,0.0,0.0
33,78.4,-0.000525431757580996,-0.000525431757580996,-0.00509513226028162,0.0,0.0,0.0,-4000000.0,-4000000.0,-9079660.8,0.0,0.0,0.0,-0.000525431757580992,-0.000525431757580992,-0.00509513226028161,0.0,0.0,0.0,0.0,2.0,0.0,0.0,0.0,38.4,59.9999991950545,0.0,0.0
34,79.6,-0.000496871129439117,-0.000496871129439118,-0.00520937477284913,0.0,0.0,0.0,-4000000.0,-4000000.0,-9238400.2,0.0,0.0,0.0,-0.000496871129439113,-0.000496871129439113,-0.00520937477284913,0.0,0.0,0.0,0.0,2.0,0.0,0.0,0.0,39.6,59.9999993028967,0.0,0.0
35,80.8,-0.000468310501297238,-0.000468310501297239,-0.00532361728541665,0.0,0.0,0.0,-4000000.0,-4000000.0,-9397139.6,0.0,0.0,0.0,-0.000468310501297234,-0.000468310501297234,-0.00532361728541664,0.0,0.0,0.0,0.0,2.0,0.0,0.0,0.0,40.8,59.9999995975272,0.0,0.0
36,82.0,-0.000439749873155359,-0.00043974987315536,-0.00543785979798416,0.0,0.0,0.0,-4000000.0,-4000000.0,-9555879.0,0.0,0.0,0.0,-0.000439749873155355,-0.000439749873155355,-0.00543785979798416,0.0,0.0,0.0,0.0,2.0,0.0,0.0,0.0,42.0,60.0,0.0,0.0
37,83.2,-0.00041118924501348,-0.000411189245013481,-0.00555210231055168,0.0,0.0,0.0,-4000000.0,-4000000.0,-9714618.4,0.0,0.0,0.0,-0.000411189245013476,-0.000411189245013476,-0.00555210231055167,0.0,0.0,0.0,0.0,2.0,0.0,0.0,0.0,43.2,59.9999994308176,0.0,0.0
38,84.4,-0.000382628616871601,-0.000382628616871602,-0.00566634482311919,0.0,0.0,0.0,-4000000.0,-4000000.0,-9873357.8,0.0,0.0,0.0,-0.000382628616871598,-0.000382628616871598,-0.00566634482311919,0.0,0.0,0.0,0.0,2.0,0.0,0.0,0.0,44.4,60.0,0.0,0.0
39,85.6,-0.000354067988729722,-0.000354067988729723,-0.00578058733568671,0.0,0.0,0.0,-4000000.0,-4000000.0,-10032097.2,0.0,0.0,0.0,-0.000354067988729719,-0.000354067988729719,-0.00578058733568671,0.0,0.0,0.0,0.0,2.0,0.0,0.0,0.0,45.6,59.9999995975272,0.0,0.0
40,86.8,-0.000325507360587843,-0.000325507360587844,-0.00589482984825423,0.0,0.0,0.0,-4000000.0,-4000000.0,-10190836.6,0.0,0.0,0.0,-0.00032550736058784,-0.00032550736058784,-0.00589482984825422,0.0,0.0,0.0,0.0,2.0,0.0,0.0,0.0,46.8,60.0,0.0,0.0
41,88.0,-0.000296946732445964,-0.000296946732445965,-0.00600907236082174,0.0,0.0,0.0,-4000000.0,-4000000.0,-10349576.0,0.0,0.0,0.0,-0.000296946732445961,-0.000296946732445961,-0.00600907236082174,0.0,0.0,0.0,0.0,2.0,0.0,0.0,0.0,48.0,60.0,0.0,0.0
42,89.2,-0.000268386104304086,-0.000268386104304086,-0.00612331487338926,0.0,0.0,0.0,-4000000.0,-4000000.0,-10508315.4,0.0,0.0,0.0,-0.000268386104304082,-0.000268386104304082,-0.00612331487338925,0.0,0.0,0.0,0.0,2.0,0.0,0.0,0.0,49.2,60.0,0.0,0.0
43,90.4,-0.000239825476162207,-0.000239825476162207,-0.00623755738595677,0.0,0.0,0.0,-4000000.0,-4000000.0,-10667054.8,0.0,0.0,0.0,-0.000239825476162203,-0.000239825476162203,-0.00623755738595677,0.0,0.0,0.0,0.0,2.0,0.0,0.0,0.0,50.4,59.9999994308176,0.0,0.0
44,91.6,-0.000211264848020328,-0.000211264848020329,-0.00635179989852429,0.0,0.0,0.0,-4000000.0,-4000000.0,-10825794.2,0.0,0.0,0.0,-0.000211264848020324,-0.000211264848020324,-0.00635179989852428,0.0,0.0,0.0,0.0,2.0,0.0,0.0,0.0,51.6,59.9999994308176,0.0,0.0
45,92.8,-0.000182704219878449,-0.00018270421987845,-0.0064660424110918,0.0,0.0,0.0,-4000000.0,-4000000.0,-10984533.6,0.0,0.0,0.0,-0.000182704219878445,-0.000182704219878445,-0.0064660424110918,0.0,0.0,0.0,0.0,2.0,0.0,0.0,0.0,52.8,59.9999995975272,0.0,0.0
46,94.0,-0.00015414359173657,-0.000154143591736571,-0.00658028492365932,0.0,0.0,0.0,-4000000.0,-4000000.0,-11143273.0,0.0,0.0,0.0,-0.000154143591736566,-0.000154143591736566,-0.00658028492365931,0.0,0.0,0.0,0.0,2.0,0.0,0.0,0.0,54.0,59.9999993028967,0.0,0.0
47,95.2,-0.000125582963594691,-0.000125582963594692,-0.00669452743622683,0.0,0.0,0.0,-4000000.0,-4000000.0,-11302012.4,0.0,0.0,0.0,-0.000125582963594688,-0.000125582963594688,-0.00669452743622683,0.0,0.0,0.0,0.0,2.0,0.0,0.0,0.0,55.2,60.0,0.0,0.0
48,96.4,-9.7022335452812e-05,-9.70223354528127e-05,-0.00680876994879435,0.0,0.0,0.0,-4000000.0,-4000000.0,-11460751.8,0.0,0.0,0.0,-9.70223354528085e-05,-9.70223354528085e-05,-0.00680876994879435,0.0,0.0,0.0,0.0,2.0,0.0,0.0,0.0,56.4,59.9999992470424,0.0,0.0
49,97.6,-6.84617073109335e-05,-6.84617073109341e-05,-0.00692301246136186,0.0,0.0,0.0,-4000000.0,-4000000.0,-11619491.2,0.0,0.0,0.0,-6.84617073109298e-05,-6.84617073109298e-05,-0.00692301246136186,0.0,0.0,0.0,0.0,2.0,0.0,0.0,0.0,57.6,59.9999995975272,0.0,0.0
50,98.8,-3.99010791690547e-05,-3.99010791690554e-05,-0.00703725497392938,0.0,0.0,0.0,-4000000.0,-4000000.0,-11778230.6,0.0,0.0,0.0,-3.9901079169051e-05,-3.9901079169051e-05,-0.00703725497392938,0.0,0.0,0.0,0.0,2.0,0.0,0.0,0.0,58.8,59.9999995070736,0.0,0.0
51,100.0,-1.13404510271755e-05,-1.13404510271762e-05,-0.0071514974864969,0.0,0.0,0.0,-4000000.0,-4000000.0,-11936970.0,0.0,0.0,0.0,-1.13404510271721e-05,-1.13404510271721e-05,-0.00715149748649689,0.0,0.0,0.0,0.0,2.0,0.0,0.0,0.0,60.0,59.9999995975272,0.0,0.0
52,101.2,1.72201771147032e-05,1.72201771147026e-05,-0.00726573999906441,0.0,0.0,0.0,-4000000.0,-4000000.0,-12095709.4,0.0,0.0,0.0,1.72201771147067e-05,1.72201771147067e-05,-0.00726573999906441,0.0,0.0,0.0,0.0,2.0,0.0,0.0,0.0,61.2,59.9999997154088,0.0,0.0
53,102.4,4.57808052565824e-05,4.57808052565817e-05,-0.00737998251163193,0.0,0.0,0.0,-4000000.0,-4000000.0,-12254448.8,0.0,0.0,0.0,4.57808052565858e-05,4.57808052565858e-05,-0.00737998251163192,0.0,0.0,0.0,0.0,2.0,0.0,0.0,0.0,62.4,59.9999994308176,0.0,0.0
54,103.6,7.43414333984611e-05,7.43414333984605e-05,-0.00749422502419944,0.0,0.0,0.0,-4000000.0,-4000000.0,-12413188.2,0.0,0.0,0.0,7.43414333984646e-05,7.43414333984646e-05,-0.00749422502419944,0.0,0.0,0.0,0.0,2.0,0.0,0.0,0.0,63.6,59.9999993028967,0.0,0.0
55,104.8,0.00010290206154034,0.000102902061540339,-0.00760846753676696,0.0,0.0,0.0,-4000000.0,-4000000.0,-12571927.6,0.0,0.0,0.0,0.000102902061540344,0.000102902061540344,-0.00760846753676695,0.0,0.0,0.0,0.0,2.0,0.0,0.0,0.0,64.8,59.9999995070736,0.0,0.0
56,106.0,0.000131462689682219,0.000131462689682218,-0.00772271004933447,0.0,0.0,0.0,-4000000.0,-4000000.0,-12730667.0,0.0,0.0,0.0,0.000131462689682223,0.000131462689682223,-0.00772271004933447,0.0,0.0,0.0,0.0,2.0,0.0,0.0,0.0,66.0,60.0,0.0,0.0
57,107.2,0.000160023317824097,0.000160023317824097,-0.00783695256190199,0.0,0.0,0.0,-4000000.0,-4000000.0,-12889406.4,0.0,0.0,0.0,0.000160023317824101,0.000160023317824101,-0.00783695256190198,0.0,0.0,0.0,0.0,2.0,0.0,0.0,0.0,67.2,60.0,0.0,0.0
58,108.4,0.000188583945965976,0.000188583945965975,-0.0079511950744695,0.0,0.0,0.0,-4000000.0,-4000000.0,-13048145.8,0.0,0.0,0.0,0.000188583945965979,0.000188583945965979,-0.0079511950744695,0.0,0.0,0.0,0.0,2.0,0.0,0.0,0.0,68.4,60.0,0.0,0.0
59,109.6,0.000217144574107855,0.000217144574107854,-0.00806543758703702,0.0,0.0,0.0,-4000000.0,-4000000.0,-13206885.2,0.0,0.0,0.0,0.000217144574107859,0.000217144574107859,-0.00806543758703701,0.0,0.0,0.0,0.0,2.0,0.0,0.0,0.0,69.6,60.0,0.0,0.0
60,110.8,0.000245705202249733,0.000245705202249733,-0.00817968009960453,0.0,0.0,0.0,-4000000.0,-4000000.0,-13365624.6,0.0,0.0,0.0,0.000245705202249737,0.000245705202249737,-0.00817968009960453,0.0,0.0,0.0,0.0,2.0,0.0,0.0,0.0,70.8,59.9999995070736,0.0,0.0
61,112.0,0.000274265830391613,0.000274265830391612,-0.00829392261217205,0.0,0.0,0.0,-4000000.0,-4000000.0,-13524364.0,0.0,0.0,0.0,0.000274265830391616,0.000274265830391616,-0.00829392261217205,0.0,0.0,0.0,0.0,2.0,0.0,0.0,0.0,72.0,60.0,0.0,0.0
62,113.2,0.000302826458533492,0.000302826458533491,-0.00840816512473957,0.0,0.0,0.0,-4000000.0,-4000000.0,-13683103.4,0.0,0.0,0.0,0.000302826458533495,0.000302826458533495,-0.00840816512473956,0.0,0.0,0.0,0.0,2.0,0.0,0.0,0.0,73.2,59.9999994308176,0.0,0.0
63,114.4,0.00033138708667537,0.000331387086675369,-0.00852240763730708,0.0,0.0,0.0,-4000000.0,-4000000.0,-13841842.8,0.0,0.0,0.0,0.000331387086675374,0.000331387086675374,-0.00852240763730708,0.0,0.0,0.0,0.0,2.0,0.0,0.0,0.0,74.4,59.9999993028967,0.0,0.0
64,115.6,0.000359947714817249,0.000359947714817248,-0.0086366501498746,0.0,0.0,0.0,-4000000.0,-4000000.0,-14000582.2,0.0,0.0,0.0,0.000359947714817252,0.000359947714817252,-0.00863665014987459,0.0,0.0,0.0,0.0,2.0,0.0,0.0,0.0,75.6,59.9999994308176,0.0,0.0
65,116.8,0.000388508342959128,0.000388508342959127,-0.00875089266244211,0.0,0.0,0.0,-4000000.0,-4000000.0,-14159321.6,0.0,0.0,0.0,0.000388508342959132,0.000388508342959132,-0.00875089266244211,0.0,0.0,0.0,0.0,2.0,0.0,0.0,0.0,76.8,60.0,0.0,0.0
66,118.0,0.000417068971101007,0.000417068971101006,-0.00886513517500963,0.0,0.0,0.0,-4000000.0,-4000000.0,-14318061.0,0.0,0.0,0.0,0.00041706897110101,0.00041706897110101,-0.00886513517500962,0.0,0.0,0.0,0.0,2.0,0.0,0.0,0.0,78.0,59.9999994308176,0.0,0.0
67,119.2,0.000445629599242886,0.000445629599242885,-0.00897937768757714,0.0,0.0,0.0,-4000000.0,-4000000.0,-14476800.4,0.0,0.0,0.0,0.00044562959924289,0.00044562959924289,-0.00897937768757714,0.0,0.0,0.0,0.0,2.0,0.0,0.0,0.0,79.2,59.9999997154088,0.0,0.0
68,120.4,0.000474190227384764,0.000474190227384764,-0.00909362020014466,0.0,0.0,0.0,-4000000.0,-4000000.0,-14635539.8,0.0,0.0,0.0,0.000474190227384768,0.000474190227384768,-0.00909362020014465,0.0,0.0,0.0,0.0,2.0,0.0,0.0,0.0,80.4,59.9999997154088,0.0,0.0
69,121.6,0.000502750855526644,0.000502750855526643,-0.00920786271271217,0.0,0.0,0.0,-4000000.0,-4000000.0,-14794279.2,0.0,0.0,0.0,0.000502750855526648,0.000502750855526648,-0.00920786271271217,0.0,0.0,0.0,0.0,2.0,0.0,0.0,0.0,81.6,59.9999995975272,0.0,0.0
70,122.8,0.000531311483668523,0.000531311483668522,-0.00932210522527969,0.0,0.0,0.0,-4000000.0,-4000000.0,-14953018.6,0.0,0.0,0.0,0.000531311483668526,0.000531311483668526,-0.00932210522527968,0.0,0.0,0.0,0.0,2.0,0.0,0.0,0.0,82.8,60.0,0.0,0.0
71,124.0,0.000559872111810402,0.000559872111810401,-0.0094363477378472,0.0,0.0,0.0,-4000000.0,-4000000.0,-15111758.0,0.0,0.0,0.0,0.000559872111810405,0.000559872111810405,-0.0094363477378472,0.0,0.0,0.0,0.0,2.0,0.0,0.0,0.0,84.0,59.9999995070736,0.0,0.0
72,125.2,0.00058843273995228,0.00058843273995228,-0.00955059025041472,0.0,0.0,0.0,-4000000.0,-4000000.0,-15270497.4,0.0,0.0,0.0,0.000588432739952284,0.000588432739952284,-0.00955059025041472,0.0,0.0,0.0,0.0,2.0,0.0,0.0,0.0,85.2,60.0,0.0,0.0
73,126.4,0.000616993368094159,0.000616993368094159,-0.00966483276298224,0.0,0.0,0.0,-4000000.0,-4000000.0,-15429236.8,0.0,0.0,0.0,0.000616993368094163,0.000616993368094163,-0.00966483276298223,0.0,0.0,0.0,0.0,2.0,0.0,0.0,0.0,86.4,60.0,0.0,0.0
74,127.6,0.000645553996236038,0.000645553996236037,-0.00977907527554975,0.0,0.0,0.0,-4000000.0,-4000000.0,-15587976.2,0.0,0.0,0.0,0.000645553996236042,0.000645553996236042,-0.00977907527554975,0.0,0.0,0.0,0.0,2.0,0.0,0.0,0.0,87.6,59.9999995975272,0.0,0.0
75,128.8,0.000674114624377917,0.000674114624377916,-0.00989331778811727,0.0,0.0,0.0,-4000000.0,-4000000.0,-15746715.6,0.0,0.0,0.0,0.000674114624377921,0.000674114624377921,-0.00989331778811726,0.0,0.0,0.0,0.0,2.0,0.0,0.0,0.0,88.8,59.9999995070736,0.0,0.0
76,130.0,0.000702675252519795,0.000702675252519795,-0.0100075603006848,0.0,0.0,0.0,-4000000.0,-4000000.0,-15905455.0,0.0,0.0,0.0,0.000702675252519799,0.000702675252519799,-0.0100075603006848,0.0,0.0,0.0,0.0,2.0,0.0,0.0,0.0,90.0,59.9999997154088,0.0,0.0
77,131.2,0.000731235880661674,0.000731235880661674,-0.0101218028132523,0.0,0.0,0.0,-4000000.0,-4000000.0,-16064194.4,0.0,0.0,0.0,0.000731235880661678,0.000731235880661678,-0.0101218028132523,0.0,0.0,0.0,0.0,2.0,0.0,0.0,0.0,91.2,59.9999995070736,0.0,0.0
78,132.4,0.000759796508803553,0.000759796508803552,-0.0102360453258198,0.0,0.0,0.0,-4000000.0,-4000000.0,-16222933.8,0.0,0.0,0.0,0.000759796508803556,0.000759796508803556,-0.0102360453258198,0.0,0.0,0.0,0.0,2.0,0.0,0.0,0.0,92.4,59.9999994308176,0.0,0.0
79,133.6,0.000788357136945433,0.000788357136945432,-0.0103502878383873,0.0,0.0,0.0,-4000000.0,-4000000.0,-16381673.2,0.0,0.0,0.0,0.000788357136945436,0.000788357136945436,-0.0103502878383873,0.0,0.0,0.0,0.0,2.0,0.0,0.0,0.0,93.6,59.9999994308176,0.0,0.0
80,134.8,0.000816917765087312,0.000816917765087311,-0.0104645303509548,0.0,0.0,0.0,-4000000.0,-4000000.0,-16540412.6,0.0,0.0,0.0,0.000816917765087316,0.000816917765087316,-0.0104645303509548,0.0,0.0,0.0,0.0,2.0,0.0,0.0,0.0,94.8,59.9999995070736,0.0,0.0
81,136.0,0.00084547839322919,0.000845478393229189,-0.0105787728635224,0.0,0.0,0.0,-4000000.0,-4000000.0,-16699152.0,0.0,0.0,0.0,0.000845478393229194,0.000845478393229194,-0.0105787728635224,0.0,0.0,0.0,0.0,2.0,0.0,0.0,0.0,96.0,59.9999995070736,0.0,0.0
82,137.2,0.000874039021371069,0.000874039021371068,-0.0106930153760899,0.0,0.0,0.0,-4000000.0,-4000000.0,-16857891.4,0.0,0.0,0.0,0.000874039021371073,0.000874039021371073,-0.0106930153760899,0.0,0.0,0.0,0.0,2.0,0.0,0.0,0.0,97.2,59.9999995975272,0.0,0.0
83,138.4,0.000902599649512948,0.000902599649512947,-0.0108072578886574,0.0,0.0,0.0,-4000000.0,-4000000.0,-17016630.8,0.0,0.0,0.0,0.000902599649512951,0.000902599649512951,-0.0108072578886574,0.0,0.0,0.0,0.0,2.0,0.0,0.0,0.0,98.4,59.9999994308176,0.0,0.0
84,139.6,0.000931160277654827,0.000931160277654826,-0.0109215004012249,0.0,0.0,0.0,-4000000.0,-4000000.0,-17175370.2,0.0,0.0,0.0,0.000931160277654831,0.000931160277654831,-0.0109215004012249,0.0,0.0,0.0,0.0,2.0,0.0,0.0,0.0,99.6,59.9999995070736,0.0,0.0
85,140.8,0.000959720905796706,0.000959720905796705,-0.0110357429137924,0.0,0.0,0.0,-4000000.0,-4000000.0,-17334109.6,0.0,0.0,0.0,0.000959720905796709,0.000959720905796709,-0.0110357429137924,0.0,0.0,0.0,0.0,2.0,0.0,0.0,0.0,100.8,59.9999997154088,0.0,0.0
86,142.0,0.000988281533938585,0.000988281533938584,-0.0111499854263599,0.0,0.0,0.0,-4000000.0,-4000000.0,-17492849.0,0.0,0.0,0.0,0.000988281533938589,0.000988281533938589,-0.0111499854263599,0.0,0.0,0.0,0.0,2.0,0.0,0.0,0.0,102.0,60.0,0.0,0.0
87,143.2,0.00101684216208046,0.00101684216208046,-0.0112642279389275,0.0,0.0,0.0,-4000000.0,-4000000.0,-17651588.4,0.0,0.0,0.0,0.00101684216208047,0.00101684216208047,-0.0112642279389274,0.0,0.0,0.0,0.0,2.0,0.0,0.0,0.0,103.2,59.9999994308176,0.0,0.0
88,144.4,0.00104540279022234,0.00104540279022234,-0.011378470451495,0.0,0.0,0.0,-4000000.0,-4000000.0,-17810327.8,0.0,0.0,0.0,0.00104540279022234,0.00104540279022234,-0.011378470451495,0.0,0.0,0.0,0.0,2.0,0.0,0.0,0.0,104.4,59.9999997154088,0.0,0.0
89,145.6,0.00107396341836422,0.00107396341836422,-0.0114927129640625,0.0,0.0,0.0,-4000000.0,-4000000.0,-17969067.2,0.0,0.0,0.0,0.00107396341836423,0.00107396341836423,-0.0114927129640625,0.0,0.0,0.0,0.0,2.0,0.0,0.0,0.0,105.6,59.9999995975272,0.0,0.0
90,146.8,0.0011025240465061,0.0011025240465061,-0.01160695547663,0.0,0.0,0.0,-4000000.0,-4000000.0,-18127806.6,0.0,0.0,0.0,0.0011025240465061,0.0011025240465061,-0.01160695547663,0.0,0.0,0.0,0.0,2.0,0.0,0.0,0.0,106.8,60.0,0.0,0.0
91,148.0,0.00113108467464798,0.00113108467464798,-0.0117211979891975,0.0,0.0,0.0,-4000000.0,-4000000.0,-18286546.0,0.0,0.0,0.0,0.00113108467464798,0.00113108467464798,-0.0117211979891975,0.0,0.0,0.0,0.0,2.0,0.0,0.0,0.0,108.0,59.9999997154088,0.0,0.0
92,149.2,0.00115964530278986,0.00115964530278986,-0.011835440501765,0.0,0.0,0.0,-4000000.0,-4000000.0,-18445285.4,0.0,0.0,0.0,0.00115964530278986,0.00115964530278986,-0.011835440501765,0.0,0.0,0.0,0.0,2.0,0.0,0.0,0.0,109.2,59.9999997154088,0.0,0.0
93,150.4,0.00118820593093174,0.00118820593093174,-0.0119496830143325,0.0,0.0,0.0,-4000000.0,-4000000.0,-18604024.8,0.0,0.0,0.0,0.00118820593093174,0.00118820593093174,-0.0119496830143325,0.0,0.0,0.0,0.0,2.0,0.0,0.0,0.0,110.4,60.0,0.0,0.0
94,151.6,0.00121676655907362,0.00121676655907361,-0.0120639255269001,0.0,0.0,0.0,-4000000.0,-4000000.0,-18762764.2,0.0,0.0,0.0,0.00121676655907362,0.00121676655907362,-0.0120639255269001,0.0,0.0,0.0,0.0,2.0,0.0,0.0,0.0,111.6,59.9999995070736,0.0,0.0
95,152.8,0.00124532718721549,0.00124532718721549,-0.0121781680394676,0.0,0.0,0.0,-4000000.0,-4000000.0,-18921503.6,0.0,0.0,0.0,0.0012453271872155,0.0012453271872155,-0.0121781680394676,0.0,0.0,0.0,0.0,2.0,0.0,0.0,0.0,112.8,60.0,0.0,0.0
96,154.0,0.00127388781535737,0.00127388781535737,-0.0122924105520351,0.0,0.0,0.0,-4000000.0,-4000000.0,-19080243.0,0.0,0.0,0.0,0.00127388781535738,0.00127388781535738,-0.0122924105520351,0.0,0.0,0.0,0.0,2.0,0.0,0.0,0.0,114.0,60.0,0.0,0.0
97,155.2,0.00130244844349925,0.00130244844349925,-0.0124066530646026,0.0,0.0,0.0,-4000000.0,-4000000.0,-19238982.4,0.0,0.0,0.0,0.00130244844349926,0.00130244844349926,-0.0124066530646026,0.0,0.0,0.0,0.0,2.0,0.0,0.0,0.0,115.2,59.9999997154088,0.0,0.0
98,156.4,0.00133100907164113,0.00133100907164113,-0.0125208955771701,0.0,0.0,0.0,-4000000.0,-4000000.0,-19397721.8,0.0,0.0,0.0,0.00133100907164113,0.00133100907164113,-0.0125208955771701,0.0,0.0,0.0,0.0,2.0,0.0,0.0,0.0,116.4,59.9999997154088,0.0,0.0
99,157.6,0.00135956969978301,0.00135956969978301,-0.0126351380897376,0.0,0.0,0.0,-4000000.0,-4000000.0,-19556461.2,0.0,0.0,0.0,0.00135956969978301,0.00135956969978301,-0.0126351380897376,0.0,0.0,0.0,0.0,2.0,0.0,0.0,0.0,117.6,59.9999995975272,0.0,0.0
100,158.8,0.00138813032792489,0.00138813032792489,-0.0127493806023052,0.0,0.0,0.0,-4000000.0,-4000000.0,-19715200.6,0.0,0.0,0.0,0.00138813032792489,0.00138813032792489,-0.0127493806023052,0.0,0.0,0.0,0.0,2.0,0.0,0.0,0.0,118.8,60.0,0.0,0.0
101,160.0,0.00141669095606677,0.00141669095606677,-0.0128636231148727,0.0,0.0,0.0,-4000000.0,-4000000.0,-19873940.0,0.0,0.0,0.0,0.00141669095606677,0.00141669095606677,-0.0128636231148727,0.0,0.0,0.0,0.0,2.0,0.0,0.0,0.0,120.0,60.0,0.0,0.0
102,161.2,0.00144525158420865,0.00144525158420865,-0.0129778656274402,0.0,0.0,0.0,-4000000.0,-4000000.0,-20032679.4,0.0,0.0,0.0,0.00144525158420865,0.00144525158420865,-0.0129778656274402,0.0,0.0,0.0,0.0,2.0,0.0,0.0,0.0,121.2,60.0,0.0,0.0
103,162.4,0.00147381221235052,0.00147381221235052,-0.0130921081400077,0.0,0.0,0.0,-4000000.0,-4000000.0,-20191418.8,0.0,0.0,0.0,0.00147381221235053,0.00147381221235053,-0.0130921081400077,0.0,0.0,0.0,0.0,2.0,0.0,0.0,0.0,122.4,59.9999995975272,0.0,0.0
104,163.6,0.0015023728404924,0.0015023728404924,-0.0132063506525752,0.0,0.0,0.0,-4000000.0,-4000000.0,-20350158.2,0.0,0.0,0.0,0.00150237284049241,0.00150237284049241,-0.0132063506525752,0.0,0.0,0.0,0.0,2.0,0.0,0.0,0.0,123.6,59.9999995975272,0.0,0.0
105,164.8,0.00153093346863428,0.00153093346863428,-0.0133205931651427,0.0,0.0,0.0,-4000000.0,-4000000.0,-20508897.6,0.0,0.0,0.0,0.00153093346863429,0.00153093346863429,-0.0133205931651427,0.0,0.0,0.0,0.0,2.0,0.0,0.0,0.0,124.8,59.9999997154088,0.0,0.0
106,166.0,0.00155949409677616,0.00155949409677616,-0.0134348356777102,0.0,0.0,0.0,-4000000.0,-4000000.0,-20667637.0,0.0,0.0,0.0,0.00155949409677617,0.00155949409677617,-0.0134348356777102,0.0,0.0,0.0,0.0,2.0,0.0,0.0,0.0,126.0,60.0,0.0,0.0
107,167.2,0.00158805472491804,0.00158805472491804,-0.0135490781902778,0.0,0.0,0.0,-4000000.0,-4000000.0,-20826376.4,0.0,0.0,0.0,0.00158805472491804,0.00158805472491804,-0.0135490781902778,0.0,0.0,0.0,0.0,2.0,0.0,0.0,0.0,127.2,60.0,0.0,0.0
108,168.4,0.00161661535305992,0.00161661535305992,-0.0136633207028453,0.0,0.0,0.0,-4000000.0,-4000000.0,-20985115.8,0.0,0.0,0.0,0.00161661535305992,0.00161661535305992,-0.0136633207028453,0.0,0.0,0.0,0.0,2.0,0.0,0.0,0.0,128.4,59.9999995975272,0.0,0.0
109,169.6,0.0016451759812018,0.0016451759812018,-0.0137775632154128,0.0,0.0,0.0,-4000000.0,-4000000.0,-21143855.2,0.0,0.0,0.0,0.0016451759812018,0.0016451759812018,-0.0137775632154128,0.0,0.0,0.0,0.0,2.0,0.0,0.0,0.0,129.6,59.9999995070736,0.0,0.0
110,170.8,0.00167373660934368,0.00167373660934368,-0.0138918057279803,0.0,0.0,0.0,-4000000.0,-4000000.0,-21302594.6,0.0,0.0,0.0,0.00167373660934368,0.00167373660934368,-0.0138918057279803,0.0,0.0,0.0,0.0,2.0,0.0,0.0,0.0,130.8,59.9999997154088,0.0,0.0
111,172.0,0.00170229723748556,0.00170229723748556,-0.0140060482405478,0.0,0.0,0.0,-4000000.0,-4000000.0,-21461334.0,0.0,0.0,0.0,0.00170229723748556,0.00170229723748556,-0.0140060482405478,0.0,0.0,0.0,0.0,2.0,0.0,0.0,0.0,132.0,60.0,0.0,0.0
112,173.2,0.00173085786562744,0.00173085786562743,-0.0141202907531153,0.0,0.0,0.0,-4000000.0,-4000000.0,-21620073.4,0.0,0.0,0.0,0.00173085786562744,0.00173085786562744,-0.0141202907531153,0.0,0.0,0.0,0.0,2.0,0.0,0.0,0.0,133.2,59.9999994308176,0.0,0.0
113,174.4,0.00175941849376931,0.00175941849376931,-0.0142345332656829,0.0,0.0,0.0,-4000000.0,-4000000.0,-21778812.8,0.0,0.0,0.0,0.00175941849376932,0.00175941849376932,-0.0142345332656829,0.0,0.0,0.0,0.0,2.0,0.0,0.0,0.0,134.4,60.0,0.0,0.0
114,175.6,0.00178797912191119,0.00178797912191119,-0.0143487757782504,0.0,0.0,0.0,-4000000.0,-4000000.0,-21937552.2,0.0,0.0,0.0,0.0017879791219112,0.0017879791219112,-0.0143487757782504,0.0,0.0,0.0,0.0,2.0,0.0,0.0,0.0,135.6,59.9999995070736,0.0,0.0
115,176.8,0.00181653975005307,0.00181653975005307,-0.0144630182908179,0.0,0.0,0.0,-4000000.0,-4000000.0,-22096291.6,0.0,0.0,0.0,0.00181653975005308,0.00181653975005308,-0.0144630182908179,0.0,0.0,0.0,0.0,2.0,0.0,0.0,0.0,136.8,59.9999997154088,0.0,0.0
116,178.0,0.00184510037819495,0.00184510037819495,-0.0145772608033854,0.0,0.0,0.0,-4000000.0,-4000000.0,-22255031.0,0.0,0.0,0.0,0.00184510037819495,0.00184510037819495,-0.0145772608033854,0.0,0.0,0.0,0.0,2.0,0.0,0.0,0.0,138.0,59.9999997154088,0.0,0.0
117,179.2,0.00187366100633683,0.00187366100633683,-0.0146915033159529,0.0,0.0,0.0,-4000000.0,-4000000.0,-22413770.4,0.0,0.0,0.0,0.00187366100633683,0.00187366100633683,-0.0146915033159529,0.0,0.0,0.0,0.0,2.0,0.0,0.0,0.0,139.2,60.0,0.0,0.0
118,180.4,0.00190222163447871,0.00190222163447871,-0.0148057458285204,0.0,0.0,0.0,-4000000.0,-4000000.0,-22572509.8,0.0,0.0,0.0,0.00190222163447871,0.00190222163447871,-0.0148057458285204,0.0,0.0,0.0,0.0,2.0,0.0,0.0,0.0,140.4,59.9999995070736,0.0,0.0
119,181.6,0.00193078226262059,0.00193078226262059,-0.0149199883410879,0.0,0.0,0.0,-4000000.0,-4000000.0,-22731249.2,0.0,0.0,0.0,0.00193078226262059,0.00193078226262059,-0.0149199883410879,0.0,0.0,0.0,0.0,2.0,0.0,0.0,0.0,141.6,59.9999995070736,0.0,0.0
120,182.8,0.00195934289076247,0.00195934289076247,-0.0150342308536555,0.0,0.0,0.0,-4000000.0,-4000000.0,-22889988.6,0.0,0.0,0.0,0.00195934289076247,0.00195934289076247,-0.0150342308536555,0.0,0.0,0.0,0.0,2.0,0.0,0.0,0.0,142.8,59.9999997154088,0.0,0.0
121,184.0,0.00198790351890435,0.00198790351890434,-0.015148473366223,0.0,0.0,0.0,-4000000.0,-4000000.0,-23048728.0,0.0,0.0,0.0,0.00198790351890435,0.00198790351890435,-0.015148473366223,0.0,0.0,0.0,0.0,2.0,0.0,0.0,0.0,144.0,59.9999997154088,0.0,0.0
122,185.2,0.00201646414704622,0.00201646414704622,-0.0152627158787905,0.0,0.0,0.0,-4000000.0,-4000000.0,-23207467.4,0.0,0.0,0.0,0.00201646414704623,0.00201646414704623,-0.0152627158787905,0.0,0.0,0.0,0.0,2.0,0.0,0.0,0.0,145.2,59.9999995070736,0.0,0.0
123,186.4,0.0020450247751881,0.0020450247751881,-0.015376958391358,0.0,0.0,0.0,-4000000.0,-4000000.0,-23366206.8,0.0,0.0,0.0,0.00204502477518811,0.00204502477518811,-0.015376958391358,0.0,0.0,0.0,0.0,2.0,0.0,0.0,0.0,146.4,59.9999995975272,0.0,0.0
124,187.6,0.00207358540332998,0.00207358540332998,-0.0154912009039255,0.0,0.0,0.0,-4000000.0,-4000000.0,-23524946.2,0.0,0.0,0.0,0.00207358540332999,0.00207358540332999,-0.0154912009039255,0.0,0.0,0.0,0.0,2.0,0.0,0.0,0.0,147.6,60.0,0.0,0.0
125,188.8,0.00210214603147186,0.00210214603147186,-0.015605443416493,0.0,0.0,0.0,-4000000.0,-4000000.0,-23683685.6,0.0,0.0,0.0,0.00210214603147186,0.00210214603147186,-0.015605443416493,0.0,0.0,0.0,0.0,2.0,0.0,0.0,0.0,148.8,59.9999995975272,0.0,0.0
126,190.0,0.00213070665961374,0.00213070665961374,-0.0157196859290606,0.0,0.0,0.0,-4000000.0,-4000000.0,-23842425.0,0.0,0.0,0.0,0.00213070665961374,0.00213070665961374,-0.0157196859290606,0.0,0.0,0.0,0.0,2.0,0.0,0.0,0.0,150.0,59.9999995975272,0.0,0.0
127,191.2,0.00215926728775562,0.00215926728775562,-0.0158339284416281,0.0,0.0,0.0,-4000000.0,-4000000.0,-24001164.4,0.0,0.0,0.0,0.00215926728775562,0.00215926728775562,-0.0158339284416281,0.0,0.0,0.0,0.0,2.0,0.0,0.0,0.0,151.2,59.9999995975272,0.0,0.0
128,192.4,0.0021878279158975,0.0021878279158975,-0.0159481709541956,0.0,0.0,0.0,-4000000.0,-4000000.0,-24159903.8,0.0,0.0,0.0,0.0021878279158975,0.0021878279158975,-0.0159481709541956,0.0,0.0,0.0,0.0,2.0,0.0,0.0,0.0,152.4,59.9999995975272,0.0,0.0
129,193.6,0.00221638854403938,0.00221638854403938,-0.0160624134667631,0.0,0.0,0.0,-4000000.0,-4000000.0,-24318643.2,0.0,0.0,0.0,0.00221638854403938,0.00221638854403938,-0.0160624134667631,0.0,0.0,0.0,0.0,2.0,0.0,0.0,0.0,153.6,60.0,0.0,0.0
130,194.8,0.00224494917218126,0.00224494917218126,-0.0161766559793306,0.0,0.0,0.0,-4000000.0,-4000000.0,-24477382.6,0.0,0.0,0.0,0.00224494917218126,0.00224494917218126,-0.0161766559793306,0.0,0.0,0.0,0.0,2.0,0.0,0.0,0.0,154.8,59.9999995975272,0.0,0.0
131,196.0,0.00227350980032313,0.00227350980032313,-0.0162908984918981,0.0,0.0,0.0,-4000000.0,-4000000.0,-24636122.0,0.0,0.0,0.0,0.00227350980032314,0.00227350980032314,-0.0162908984918981,0.0,0.0,0.0,0.0,2.0,0.0,0.0,0.0,156.0,59.9999994308176,0.0,0.0
132,197.2,0.00230207042846501,0.00230207042846501,-0.0164051410044657,0.0,0.0,0.0,-4000000.0,-4000000.0,-24794861.4,0.0,0.0,0.0,0.00230207042846502,0.00230207042846502,-0.0164051410044656,0.0,0.0,0.0,0.0,2.0,0.0,0.0,0.0,157.2,59.9999997154088,0.0,0.0
133,198.4,0.00233063105660689,0.00233063105660689,-0.0165193835170332,0.0,0.0,0.0,-4000000.0,-4000000.0,-24953600.8,0.0,0.0,0.0,0.0023306310566069,0.0023306310566069,-0.0165193835170332,0.0,0.0,0.0,0.0,2.0,0.0,0.0,0.0,158.4,59.9999995975272,0.0,0.0
134,199.6,0.00235919168474877,0.00235919168474877,-0.0166336260296007,0.0,0.0,0.0,-4000000.0,-4000000.0,-25112340.2,0.0,0.0,0.0,0.00235919168474877,0.00235919168474877,-0.0166336260296007,0.0,0.0,0.0,0.0,2.0,0.0,0.0,0.0,159.6,59.9999997154088,0.0,0.0
135,200.8,0.00238775231289065,0.00238775231289065,-0.0167478685421682,0.0,0.0,0.0,-4000000.0,-4000000.0,-25271079.6,0.0,0.0,0.0,0.00238775231289065,0.00238775231289065,-0.0167478685421682,0.0,0.0,0.0,0.0,2.0,0.0,0.0,0.0,160.8,59.9999997154088,0.0,0.0
136,202.0,0.00241631294103253,0.00241631294103253,-0.0168621110547357,0.0,0.0,0.0,-4000000.0,-4000000.0,-25429819.0,0.0,0.0,0.0,0.00241631294103253,0.00241631294103253,-0.0168621110547357,0.0,0.0,0.0,0.0,2.0,0.0,0.0,0.0,162.0,59.9999995975272,0.0,0.0
137,203.2,0.00244487356917441,0.00244487356917441,-0.0169763535673032,0.0,0.0,0.0,-4000000.0,-4000000.0,-25588558.4,0.0,0.0,0.0,0.00244487356917441,0.00244487356917441,-0.0169763535673032,0.0,0.0,0.0,0.0,2.0,0.0,0.0,0.0,163.2,60.0,0.0,0.0
138,204.4,0.00247343419731629,0.00247343419731629,-0.0170905960798707,0.0,0.0,0.0,-4000000.0,-4000000.0,-25747297.8,0.0,0.0,0.0,0.00247343419731629,0.00247343419731629,-0.0170905960798707,0.0,0.0,0.0,0.0,2.0,0.0,0.0,0.0,164.4,59.9999995975272,0.0,0.0
139,205.6,0.00250199482545817,0.00250199482545817,-0.0172048385924383,0.0,0.0,0.0,-4000000.0,-4000000.0,-25906037.2,0.0,0.0,0.0,0.00250199482545817,0.00250199482545817,-0.0172048385924383,0.0,0.0,0.0,0.0,2.0,0.0,0.0,0.0,165.6,60.0,0.0,0.0
140,206.8,0.00253055545360004,0.00253055545360004,-0.0173190811050058,0.0,0.0,0.0,-4000000.0,-4000000.0,-26064776.6,0.0,0.0,0.0,0.00253055545360005,0.00253055545360005,-0.0173190811050058,0.0,0.0,0.0,0.0,2.0,0.0,0.0,0.0,166.8,60.0,0.0,0.0
141,208.0,0.00255911608174192,0.00255911608174192,-0.0174333236175733,0.0,0.0,0.0,-4000000.0,-4000000.0,-26223516.0,0.0,0.0,0.0,0.00255911608174193,0.00255911608174193,-0.0174333236175733,0.0,0.0,0.0,0.0,2.0,0.0,0.0,0.0,168.0,59.9999994308176,0.0,0.0
142,209.2,0.00263916701001085,0.00263916701001085,-0.0175475661301408,0.0,0.0,0.0,-4000000.0,-4000000.0,-26326856.0008604,0.0,0.0,0.0,0.00257770916787401,0.00257770916787401,-0.0175076959621016,0.0,0.0,0.0,0.000156407837426224,2.0,1.0,8.30455162345154e-05,6.75520067840054e-05,169.2,59.9999995975272,0.0,0.0
143,210.4,0.00281526604966859,0.00281526604966859,-0.0176618086427083,0.0,0.0,0.0,-4000000.0,-4000000.0,-26326856.0008604,0.0,0.0,0.0,0.00257770916787402,0.00257770916787402,-0.0175076959621017,0.0,0.0,0.0,0.00060457310011757,2.0,1.0,0.000321001082982477,0.00026111304160083,170.4,60.0,0.0,0.0
144,211.6,0.00299136508932631,0.00299136508932631,-0.0177760511552758,0.0,0.0,0.0,-4000000.0,-4000000.0,-26326856.0008605,0.0,0.0,0.0,0.00257770916787402,0.00257770916787402,-0.0175076959621017,0.0,0.0,0.0,0.00105273836280889,2.0,1.0,0.000558956649730422,0.00045467407641764,171.6,59.9999997154088,0.0,0.0
145,212.8,0.00316746412898408,0.00316746412898408,-0.0178902936678434,0.0,0.0,0.0,-4000000.0,-4000000.0,-26326856.0008605,0.0,0.0,0.0,0.00257770916787402,0.00257770916787402,-0.0175076959621017,0.0,0.0,0.0,0.00150090362550028,2.0,1.0,0.00079691221647841,0.000648235111234486,172.8,59.9999995975272,0.0,0.0
146,214.0,0.00334356316864185,0.00334356316864185,-0.0180045361804109,0.0,0.0,0.0,-4000000.0,-4000000.0,-26326856.0008604,0.0,0.0,0.0,0.00257770916787402,0.00257770916787402,-0.0175076959621017,0.0,0.0,0.0,0.00194906888819172,2.0,1.0,0.00103486778322642,0.000841796146051348,174.0,59.9999995070736,0.0,0.0
147,215.2,0.00351966220829963,0.00351966220829963,-0.0181187786929784,0.0,0.0,0.0,-4000000.0,-4000000.0,-26326856.0008604,0.0,0.0,0.0,0.00257770916787402,0.00257770916787402,-0.0175076959621016,0.0,0.0,0.0,0.00239723415088315,2.0,1.0,0.00127282334997442,0.00103535718086821,175.2,60.0,0.0,0.0
148,216.4,0.00369576124795736,0.00369576124795736,-0.0182330212055459,0.0,0.0,0.0,-4000000.0,-4000000.0,-26326856.0008604,0.0,0.0,0.0,0.00257770916787402,0.00257770916787402,-0.0175076959621017,0.0,0.0,0.0,0.00284539941357449,2.0,1.0,0.00151077891672238,0.00122891821568503,176.4,59.9999997154088,0.0,0.0
149,217.6,0.00387186028761511,0.00387186028761511,-0.0183472637181134,0.0,0.0,0.0,-4000000.0,-4000000.0,-26326856.0008605,0.0,0.0,0.0,0.00257770916787402,0.00257770916787402,-0.0175076959621017,0.0,0.0,0.0,0.00329356467626588,2.0,1.0,0.00174873448347037,0.00142247925050187,177.6,59.9999995975272,0.0,0.0
150,218.8,0.00404795932727288,0.00404795932727288,-0.0184615062306809,0.0,0.0,0.0,-4000000.00000001,-4000000.00000001,-26326856.0008605,0.0,0.0,0.0,0.00257770916787402,0.00257770916787402,-0.0175076959621017,0.0,0.0,0.0,0.00374172993895728,2.0,1.0,0.00198669005021836,0.00161604028531872,178.8,59.9999995975272,0.0,0.0
151,220.0,0.00422405836693066,0.00422405836693066,-0.0185757487432484,0.0,0.0,0.0,-4000000.0,-4000000.0,-26326856.0008604,0.0,0.0,0.0,0.00257770916787402,0.00257770916787402,-0.0175076959621017,0.0,0.0,0.0,0.00418989520164871,2.0,1.0,0.00222464561696637,0.00180960132013558,180.0,59.9999997154088,0.0,0.0
152,221.2,0.0044001574065884,0.00440015740658839,-0.018689991255816,0.0,0.0,0.0,-4000000.0,-4000000.0,-26326856.0008605,0.0,0.0,0.0,0.00257770916787402,0.00257770916787402,-0.0175076959621017,0.0,0.0,0.0,0.00463806046434006,2.0,1.0,0.00246260118371433,0.0020031623549524,181.2,59.9999995975272,0.0,0.0
153,222.4,0.00457625644624617,0.00457625644624616,-0.0188042337683835,0.0,0.0,0.0,-4000000.00000001,-4000000.00000001,-26326856.0008605,0.0,0.0,0.0,0.00257770916787402,0.00257770916787402,-0.0175076959621017,0.0,0.0,0.0,0.00508622572703147,2.0,1.0,0.00270055675046232,0.00219672338976926,182.4,60.0,0.0,0.0
154,223.6,0.00475235548590392,0.00475235548590392,-0.018918476280951,0.0,0.0,0.0,-4000000.0,-4000000.0,-26326856.0008605,0.0,0.0,0.0,0.00257770916787402,0.00257770916787402,-0.0175076959621017,0.0,0.0,0.0,0.00553439098972286,2.0,1.0,0.00293851231721031,0.0023902844245861,183.6,59.9999995975272,0.0,0.0
155,224.8,0.00492845452556168,0.00492845452556168,-0.0190327187935185,0.0,0.0,0.0,-4000000.00000001,-4000000.00000001,-26326856.0008605,0.0,0.0,0.0,0.00257770916787402,0.00257770916787402,-0.0175076959621017,0.0,0.0,0.0,0.00598255625241425,2.0,1.0,0.00317646788395829,0.00258384545940294,184.8,60.0,0.0,0.0
156,226.0,0.00510455356521943,0.00510455356521943,-0.019146961306086,0.0,0.0,0.0,-4000000.0,-4000000.0,-26326856.0008605,0.0,0.0,0.0,0.00257770916787402,0.00257770916787402,-0.0175076959621017,0.0,0.0,0.0,0.00643072151510564,2.0,1.0,0.00341442345070628,0.00277740649421978,186.0,59.9999995975272,0.0,0.0
157,227.2,0.0052806526048772,0.0052806526048772,-0.0192612038186535,0.0,0.0,0.0,-4000000.00000001,-4000000.00000001,-26326856.0008605,0.0,0.0,0.0,0.00257770916787402,0.00257770916787402,-0.0175076959621017,0.0,0.0,0.0,0.00687888677779705,2.0,1.0,0.00365237901745427,0.00297096752903663,187.2,60.0,0.0,0.0
158,228.4,0.00545675164453496,0.00545675164453496,-0.0193754463312211,0.0,0.0,0.0,-4000000.0,-4000000.0,-26326856.0008605,0.0,0.0,0.0,0.00257770916787402,0.00257770916787402,-0.0175076959621017,0.0,0.0,0.0,0.00732705204048844,2.0,1.0,0.00389033458420225,0.00316452856385347,188.4,59.9999995975272,0.0,0.0
159,229.6,0.00563285068419272,0.00563285068419272,-0.0194896888437886,0.0,0.0,0.0,-4000000.00000001,-4000000.00000001,-26326856.0008605,0.0,0.0,0.0,0.00257770916787402,0.00257770916787402,-0.0175076959621017,0.0,0.0,0.0,0.00777521730317983,2.0,1.0,0.00412829015095024,0.00335808959867032,189.6,60.0,0.0,0.0
160,230.8,0.00580894972385046,0.00580894972385046,-0.0196039313563561,0.0,0.0,0.0,-4000000.0,-4000000.0,-26326856.0008605,0.0,0.0,0.0,0.00257770916787402,0.00257770916787402,-0.0175076959621017,0.0,0.0,0.0,0.0082233825658712,2.0,1.0,0.00436624571769821,0.00355165063348715,190.8,59.9999995975272,0.0,0.0
161,232.0,0.00598504876350823,0.00598504876350823,-0.0197181738689236,0.0,0.0,0.0,-4000000.00000001,-4000000.00000001,-26326856.0008605,0.0,0.0,0.0,0.00257770916787402,0.00257770916787402,-0.0175076959621017,0.0,0.0,0.0,0.00867154782856261,2.0,1.0,0.00460420128444621,0.003745211668304,192.0,60.0,0.0,0.0
162,233.2,0.00616114780316599,0.00616114780316599,-0.0198324163814911,0.0,0.0,0.0,-4000000.0,-4000000.0,-26326856.0008605,0.0,0.0,0.0,0.00257770916787402,0.00257770916787402,-0.0175076959621017,0.0,0.0,0.0,0.00911971309125399,2.0,1.0,0.00484215685119419,0.00393877270312084,193.2,59.9999995975272,0.0,0.0
163,234.4,0.00633724684282376,0.00633724684282376,-0.0199466588940586,0.0,0.0,0.0,-4000000.00000001,-4000000.00000001,-26326856.0008605,0.0,0.0,0.0,0.00257770916787402,0.00257770916787402,-0.0175076959621017,0.0,0.0,0.0,0.0095678783539454,2.0,1.0,0.00508011241794218,0.00413233373793769,194.4,60.0,0.0,0.0
164,235.6,0.0065133458824815,0.0065133458824815,-0.0200609014066261,0.0,0.0,0.0,-4000000.0,-4000000.0,-26326856.0008605,0.0,0.0,0.0,0.00257770916787402,0.00257770916787402,-0.0175076959621017,0.0,0.0,0.0,0.0100160436166368,2.0,1.0,0.00531806798469016,0.00432589477275453,195.6,59.9999995975272,0.0,0.0
165,236.8,0.00668944492213927,0.00668944492213927,-0.0201751439191937,0.0,0.0,0.0,-4000000.00000001,-4000000.00000001,-26326856.0008605,0.0,0.0,0.0,0.00257770916787402,0.00257770916787402,-0.0175076959621017,0.0,0.0,0.0,0.0104642088793282,2.0,1.0,0.00555602355143815,0.00451945580757138,196.8,60.0,0.0,0.0
166,238.0,0.00686554396179702,0.00686554396179702,-0.0202893864317612,0.0,0.0,0.0,-4000000.0,-4000000.0,-26326856.0008605,0.0,0.0,0.0,0.00257770916787402,0.00257770916787402,-0.0175076959621017,0.0,0.0,0.0,0.0109123741420196,2.0,1.0,0.00579397911818613,0.00471301684238822,198.0,59.9999995975272,0.0,0.0
167,239.2,0.00704164300145479,0.00704164300145479,-0.0204036289443287,0.0,0.0,0.0,-4000000.00000001,-4000000.00000001,-26326856.0008605,0.0,0.0,0.0,0.00257770916787402,0.00257770916787402,-0.0175076959621017,0.0,0.0,0.0,0.011360539404711,2.0,1.0,0.00603193468493412,0.00490657787720506,199.2,60.0,0.0,0.0
168,240.4,0.00721774204111254,0.00721774204111254,-0.0205178714568962,0.0,0.0,0.0,-4000000.0,-4000000.0,-26326856.0008605,0.0,0.0,0.0,0.00257770916787402,0.00257770916787402,-0.0175076959621017,0.0,0.0,0.0,0.0118087046674023,2.0,1.0,0.0062698902516821,0.0051001389120219,200.4,59.9999995975272,0.0,0.0
169,241.6,0.00739384108077031,0.00739384108077031,-0.0206321139694637,0.0,0.0,0.0,-4000000.00000001,-4000000.00000001,-26326856.0008605,0.0,0.0,0.0,0.00257770916787402,0.00257770916787402,-0.0175076959621017,0.0,0.0,0.0,0.0122568699300938,2.0,1.0,0.0065078458184301,0.00529369994683875,201.6,60.0,0.0,0.0
170,242.8,0.00756994012042805,0.00756994012042805,-0.0207463564820312,0.0,0.0,0.0,-4000000.0,-4000000.0,-26326856.0008605,0.0,0.0,0.0,0.00257770916787402,0.00257770916787402,-0.0175076959621017,0.0,0.0,0.0,0.0127050351927851,2.0,1.0,0.00674580138517807,0.00548726098165559,202.8,59.9999995975272,0.0,0.0
171,244.0,0.00774603916008582,0.00774603916008582,-0.0208605989945988,0.0,0.0,0.0,-4000000.00000001,-4000000.00000001,-26326856.0008605,0.0,0.0,0.0,0.00257770916787402,0.00257770916787402,-0.0175076959621017,0.0,0.0,0.0,0.0131532004554765,2.0,1.0,0.00698375695192606,0.00568082201647244,204.0,60.0,0.0,0.0
172,245.2,0.00792213819974357,0.00792213819974357,-0.0209748415071663,0.0,0.0,0.0,-4000000.0,-4000000.0,-26326856.0008605,0.0,0.0,0.0,0.00257770916787402,0.00257770916787402,-0.0175076959621017,0.0,0.0,0.0,0.0136013657181679,2.0,1.0,0.00722171251867404,0.00587438305128927,205.2,59.9999995975272,0.0,0.0
173,246.4,0.00809823723940134,0.00809823723940134,-0.0210890840197338,0.0,0.0,0.0,-4000000.00000001,-4000000.00000001,-26326856.0008605,0.0,0.0,0.0,0.00257770916787402,0.00257770916787402,-0.0175076959621017,0.0,0.0,0.0,0.0140495309808593,2.0,1.0,0.00745966808542203,0.00606794408610612,206.4,60.0,0.0,0.0
174,247.6,0.00827433627905909,0.00827433627905909,-0.0212033265323013,0.0,0.0,0.0,-4000000.0,-4000000.0,-26326856.0008605,0.0,0.0,0.0,0.00257770916787402,0.00257770916787402,-0.0175076959621017,0.0,0.0,0.0,0.0144976962435507,2.0,1.0,0.00769762365217002,0.00626150512092297,207.6,59.9999995975272,0.0,0.0
175,248.8,0.00845043531871686,0.00845043531871686,-0.0213175690448688,0.0,0.0,0.0,-4000000.00000001,-4000000.00000001,-26326856.0008605,0.0,0.0,0.0,0.00257770916787402,0.00257770916787402,-0.0175076959621017,0.0,0.0,0.0,0.0149458615062421,2.0,1.0,0.007935579218918,0.00645506615573981,208.8,60.0,0.0,0.0
176,250.0,0.00862653435837461,0.00862653435837461,-0.0214318115574363,0.0,0.0,0.0,-4000000.0,-4000000.0,-26326856.0008605,0.0,0.0,0.0,0.00257770916787402,0.00257770916787402,-0.0175076959621017,0.0,0.0,0.0,0.0153940267689335,2.0,1.0,0.00817353478566599,0.00664862719055665,210.0,59.9999995975272,0.0,0.0
177,251.2,0.00880263339803239,0.00880263339803238,-0.0215460540700039,0.0,0.0,0.0,-4000000.00000001,-4000000.00000001,-26326856.0008605,0.0,0.0,0.0,0.00257770916787402,0.00257770916787402,-0.0175076959621017,0.0,0.0,0.0,0.0158421920316249,2.0,1.0,0.00841149035241398,0.0068421882253735,211.2,60.0,0.0,0.0
178,252.4,0.00897873243769014,0.00897873243769014,-0.0216602965825714,0.0,0.0,0.0,-4000000.0,-4000000.0,-26326856.0008605,0.0,0.0,0.0,0.00257770916787402,0.00257770916787402,-0.0175076959621017,0.0,0.0,0.0,0.0162903572943163,2.0,1.0,0.00864944591916197,0.00703574926019035,212.4,59.9999995975272,0.0,0.0
179,253.6,0.00915483147734791,0.0091548314773479,-0.0217745390951389,0.0,0.0,0.0,-4000000.00000001,-4000000.00000001,-26326856.0008605,0.0,0.0,0.0,0.00257770916787402,0.00257770916787402,-0.0175076959621017,0.0,0.0,0.0,0.0167385225570077,2.0,1.0,0.00888740148590996,0.00722931029500719,213.6,60.0,0.0,0.0
180,254.8,0.00933093051700566,0.00933093051700565,-0.0218887816077064,0.0,0.0,0.0,-4000000.0,-4000000.0,-26326856.0008605,0.0,0.0,0.0,0.00257770916787402,0.00257770916787402,-0.0175076959621017,0.0,0.0,0.0,0.0171866878196991,2.0,1.0,0.00912535705265793,0.00742287132982403,214.8,59.9999995975272,0.0,0.0
181,256.0,0.00950702955666343,0.00950702955666343,-0.0220030241202739,0.0,0.0,0.0,-4000000.00000001,-4000000.00000001,-26326856.0008605,0.0,0.0,0.0,0.00257770916787402,0.00257770916787402,-0.0175076959621017,0.0,0.0,0.0,0.0176348530823905,2.0,1.0,0.00936331261940594,0.00761643236464089,216.0,59.9999997154088,0.0,0.0
182,257.2,0.00968312859632119,0.00968312859632118,-0.0221172666328414,0.0,0.0,0.0,-4000000.0,-4000000.0,-26326856.0008604,0.0,0.0,0.0,0.00257770916787402,0.00257770916787402,-0.0175076959621017,0.0,0.0,0.0,0.0180830183450819,2.0,1.0,0.00960126818615393,0.00780999339945773,217.2,59.9999995975272,0.0,0.0
183,258.4,0.00985922763597895,0.00985922763597894,-0.0222315091454089,0.0,0.0,0.0,-4000000.0,-4000000.0,-26326856.0008604,0.0,0.0,0.0,0.00257770916787402,0.00257770916787402,-0.0175076959621017,0.0,0.0,0.0,0.0185311836077733,2.0,1.0,0.00983922375290191,0.00800355443427458,218.4,59.9999997154088,0.0,0.0
184,259.6,0.0100353266756367,0.0100353266756367,-0.0223457516579765,0.0,0.0,0.0,-4000000.0,-4000000.0,-26326856.0008604,0.0,0.0,0.0,0.00257770916787402,0.00257770916787402,-0.0175076959621017,0.0,0.0,0.0,0.0189793488704647,2.0,1.0,0.0100771793196499,0.00819711546909142,219.6,59.9999997154088,0.0,0.0
185,260.8,0.0102114257152944,0.0102114257152944,-0.022459994170544,0.0,0.0,0.0,-4000000.0,-4000000.0,-26326856.0008605,0.0,0.0,0.0,0.00257770916787402,0.00257770916787402,-0.0175076959621017,0.0,0.0,0.0,0.019427514133156,2.0,1.0,0.0103151348863979,0.00839067650390826,220.8,59.9999997154088,0.0,0.0
186,262.0,0.0103875247549522,0.0103875247549522,-0.0225742366831115,0.0,0.0,0.0,-4000000.0,-4000000.0,-26326856.0008604,0.0,0.0,0.0,0.00257770916787402,0.00257770916787402,-0.0175076959621017,0.0,0.0,0.0,0.0198756793958475,2.0,1.0,0.0105530904531459,0.00858423753872511,222.0,60.0,0.0,0.0
187,263.2,0.01056362379461,0.0105636237946099,-0.022688479195679,0.0,0.0,0.0,-4000000.0,-4000000.0,-26326856.0008605,0.0,0.0,0.0,0.00257770916787402,0.00257770916787402,-0.0175076959621017,0.0,0.0,0.0,0.0203238446585388,2.0,1.0,0.0107910460198938,0.00877779857354195,223.2,59.9999997154088,0.0,0.0
188,264.4,0.0107397228342677,0.0107397228342677,-0.0228027217082465,0.0,0.0,0.0,-4000000.0,-4000000.0,-26326856.0008605,0.0,0.0,0.0,0.00257770916787402,0.00257770916787402,-0.0175076959621017,0.0,0.0,0.0,0.0207720099212302,2.0,1.0,0.0110290015866418,0.00897135960835879,224.4,59.9999994308176,0.0,0.0
189,265.6,0.0109158218739255,0.0109158218739255,-0.022916964220814,0.0,0.0,0.0,-4000000.00000001,-4000000.00000002,-26326856.0008605,0.0,0.0,0.0,0.00257770916787401,0.00257770916787401,-0.0175076959621017,0.0,0.0,0.0,0.0212201751839216,2.0,1.0,0.0112669571533898,0.00916492064317565,225.6,60.0,0.0,0.0
190,266.8,0.0110919209135832,0.0110919209135832,-0.0230312067333815,0.0,0.0,0.0,-4000000.0,-4000000.0,-26326856.0008605,0.0,0.0,0.0,0.00257770916787402,0.00257770916787402,-0.0175076959621017,0.0,0.0,0.0,0.021668340446613,2.0,1.0,0.0115049127201378,0.00935848167799247,226.8,60.0,0.0,0.0
191,268.0,0.011268019953241,0.011268019953241,-0.0231454492459491,0.0,0.0,0.0,-4000000.0,-4000000.0,-26326856.0008605,0.0,0.0,0.0,0.00257770916787402,0.00257770916787402,-0.0175076959621017,0.0,0.0,0.0,0.0221165057093044,2.0,1.0,0.0117428682868858,0.00955204271280932,228.0,60.0,0.0,0.0
192,269.2,0.0114441189928987,0.0114441189928987,-0.0232596917585166,0.0,0.0,0.0,-4000000.0,-4000000.0,-26326856.0008605,0.0,0.0,0.0,0.00257770916787402,0.00257770916787402,-0.0175076959621017,0.0,0.0,0.0,0.0225646709719958,2.0,1.0,0.0119808238536338,0.00974560374762616,229.2,59.9999995975272,0.0,0.0
193,270.4,0.0116202180325565,0.0116202180325565,-0.0233739342710841,0.0,0.0,0.0,-4000000.00000001,-4000000.00000001,-26326856.0008605,0.0,0.0,0.0,0.00257770916787402,0.00257770916787402,-0.0175076959621017,0.0,0.0,0.0,0.0230128362346872,2.0,1.0,0.0122187794203818,0.00993916478244302,230.4,59.9999997154088,0.0,0.0
194,271.6,0.0117963170722143,0.0117963170722143,-0.0234881767836516,0.0,0.0,0.0,-4000000.0,-4000000.0,-26326856.0008604,0.0,0.0,0.0,0.00257770916787402,0.00257770916787402,-0.0175076959621017,0.0,0.0,0.0,0.0234610014973786,2.0,1.0,0.0124567349871298,0.0101327258172599,231.6,59.9999997154088,0.0,0.0
195,272.8,0.011972416111872,0.011972416111872,-0.0236024192962191,0.0,0.0,0.0,-4000000.0,-4000000.0,-26326856.0008604,0.0,0.0,0.0,0.00257770916787402,0.00257770916787402,-0.0175076959621017,0.0,0.0,0.0,0.02390916676007,2.0,1.0,0.0126946905538777,0.0103262868520767,232.8,60.0,0.0,0.0
196,274.0,0.0121485151515298,0.0121485151515298,-0.0237166618087866,0.0,0.0,0.0,-4000000.0,-4000000.0,-26326856.0008605,0.0,0.0,0.0,0.00257770916787402,0.00257770916787402,-0.0175076959621017,0.0,0.0,0.0,0.0243573320227614,2.0,1.0,0.0129326461206257,0.0105198478868936,234.0,59.9999997154088,0.0,0.0
197,275.2,0.0123246141911876,0.0123246141911875,-0.0238309043213542,0.0,0.0,0.0,-4000000.0,-4000000.0,-26326856.0008605,0.0,0.0,0.0,0.00257770916787402,0.00257770916787402,-0.0175076959621017,0.0,0.0,0.0,0.0248054972854528,2.0,1.0,0.0131706016873737,0.0107134089217104,235.2,59.9999994308176,0.0,0.0
198,276.4,0.0125007132308453,0.0125007132308453,-0.0239451468339217,0.0,0.0,0.0,-4000000.00000001,-4000000.00000002,-26326856.0008605,0.0,0.0,0.0,0.00257770916787401,0.00257770916787401,-0.0175076959621017,0.0,0.0,0.0,0.0252536625481442,2.0,1.0,0.0134085572541217,0.0109069699565272,236.4,60.0,0.0,0.0
199,277.6,0.0126768122705031,0.0126768122705031,-0.0240593893464892,0.0,0.0,0.0,-4000000.0,-4000000.0,-26326856.0008605,0.0,0.0,0.0,0.00257770916787402,0.00257770916787402,-0.0175076959621017,0.0,0.0,0.0,0.0257018278108356,2.0,1.0,0.0136465128208697,0.0111005309913441,237.6,59.9999995975272,0.0,0.0
200,278.8,0.0128529113101609,0.0128529113101609,-0.0241736318590567,0.0,0.0,0.0,-4000000.00000001,-4000000.00000001,-26326856.0008605,0.0,0.0,0.0,0.00257770916787402,0.00257770916787402,-0.0175076959621017,0.0,0.0,0.0,0.026149993073527,2.0,1.0,0.0138844683876177,0.0112940920261609,238.8,59.9999997154088,0.0,0.0
201,280.0,0.0130290103498186,0.0130290103498186,-0.0242878743716242,0.0,0.0,0.0,-4000000.0,-4000000.0,-26326856.0008604,0.0,0.0,0.0,0.00257770916787402,0.00257770916787402,-0.0175076959621017,0.0,0.0,0.0,0.0265981583362184,2.0,1.0,0.0141224239543657,0.0114876530609778,240.0,59.9999997154088,0.0,0.0
202,281.2,0.0132051093894764,0.0132051093894764,-0.0244021168841917,0.0,0.0,0.0,-4000000.0,-4000000.0,-26326856.0008604,0.0,0.0,0.0,0.00257770916787402,0.00257770916787402,-0.0175076959621017,0.0,0.0,0.0,0.0270463235989098,2.0,1.0,0.0143603795211137,0.0116812140957946,241.2,59.9999997154088,0.0,0.0
203,282.4,0.0133812084291341,0.0133812084291341,-0.0245163593967593,0.0,0.0,0.0,-4000000.0,-4000000.0,-26326856.0008604,0.0,0.0,0.0,0.00257770916787402,0.00257770916787402,-0.0175076959621017,0.0,0.0,0.0,0.0274944888616012,2.0,1.0,0.0145983350878617,0.0118747751306115,242.4,59.9999997154088,0.0,0.0
204,283.6,0.0135573074687919,0.0135573074687919,-0.0246306019093268,0.0,0.0,0.0,-4000000.0,-4000000.0,-26326856.0008604,0.0,0.0,0.0,0.00257770916787402,0.00257770916787402,-0.0175076959621017,0.0,0.0,0.0,0.0279426541242926,2.0,1.0,0.0148362906546097,0.0120683361654283,243.6,59.9999995975272,0.0,0.0
205,284.8,0.0137334065084497,0.0137334065084497,-0.0247448444218943,0.0,0.0,0.0,-4000000.0,-4000000.0,-26326856.0008604,0.0,0.0,0.0,0.00257770916787402,0.00257770916787402,-0.0175076959621017,0.0,0.0,0.0,0.028390819386984,2.0,1.0,0.0150742462213576,0.0122618972002452,244.8,59.9999995070736,0.0,0.0
206,286.0,0.0139095055481074,0.0139095055481074,-0.0248590869344618,0.0,0.0,0.0,-4000000.0,-4000000.0,-26326856.0008604,0.0,0.0,0.0,0.00257770916787402,0.00257770916787402,-0.0175076959621016,0.0,0.0,0.0,0.0288389846496754,2.0,1.0,0.0153122017881057,0.012455458235062,246.0,60.0,0.0,0.0
207,287.2,0.0140856045877652,0.0140856045877652,-0.0249733294470293,0.0,0.0,0.0,-4000000.0,-4000000.0,-26326856.0008605,0.0,0.0,0.0,0.00257770916787402,0.00257770916787402,-0.0175076959621017,0.0,0.0,0.0,0.0292871499123667,2.0,1.0,0.0155501573548536,0.0126490192698788,247.2,59.9999997154088,0.0,0.0
208,288.4,0.0142617036274229,0.0142617036274229,-0.0250875719595968,0.0,0.0,0.0,-4000000.0,-4000000.0,-26326856.0008605,0.0,0.0,0.0,0.00257770916787402,0.00257770916787402,-0.0175076959621017,0.0,0.0,0.0,0.0297353151750581,2.0,1.0,0.0157881129216016,0.0128425803046957,248.4,59.9999995975272,0.0,0.0
209,289.6,0.0144378026670807,0.0144378026670807,-0.0252018144721643,0.0,0.0,0.0,-4000000.00000001,-4000000.00000001,-26326856.0008605,0.0,0.0,0.0,0.00257770916787402,0.00257770916787402,-0.0175076959621017,0.0,0.0,0.0,0.0301834804377496,2.0,1.0,0.0160260684883496,0.0130361413395125,249.6,59.9999997154088,0.0,0.0
210,290.8,0.0146139017067384,0.0146139017067384,-0.0253160569847319,0.0,0.0,0.0,-4000000.0,-4000000.0,-26326856.0008604,0.0,0.0,0.0,0.00257770916787402,0.00257770916787402,-0.0175076959621017,0.0,0.0,0.0,0.0306316457004409,2.0,1.0,0.0162640240550976,0.0132297023743294,250.8,60.0,0.0,0.0
211,292.0,0.0147900007463962,0.0147900007463962,-0.0254302994972994,0.0,0.0,0.0,-4000000.0,-4000000.0,-26326856.0008605,0.0,0.0,0.0,0.00257770916787402,0.00257770916787402,-0.0175076959621017,0.0,0.0,0.0,0.0310798109631323,2.0,1.0,0.0165019796218455,0.0134232634091462,252.0,60.0,0.0,0.0
212,293.2,0.0149660997860539,0.0149660997860539,-0.0255445420098669,0.0,0.0,0.0,-4000000.0,-4000000.0,-26326856.0008605,0.0,0.0,0.0,0.00257770916787402,0.00257770916787402,-0.0175076959621017,0.0,0.0,0.0,0.0315279762258237,2.0,1.0,0.0167399351885935,0.0136168244439631,253.2,59.9999997154088,0.0,0.0
213,294.4,0.0151421988257117,0.0151421988257117,-0.0256587845224344,0.0,0.0,0.0,-4000000.0,-4000000.0,-26326856.0008605,0.0,0.0,0.0,0.00257770916787402,0.00257770916787402,-0.0175076959621017,0.0,0.0,0.0,0.0319761414885151,2.0,1.0,0.0169778907553415,0.0138103854787799,254.4,59.9999995975272,0.0,0.0
214,295.6,0.0153182978653695,0.0153182978653695,-0.0257730270350019,0.0,0.0,0.0,-4000000.00000001,-4000000.0,-26326856.0008604,0.0,0.0,0.0,0.00257770916787402,0.00257770916787402,-0.0175076959621017,0.0,0.0,0.0,0.0324243067512065,2.0,1.0,0.0172158463220895,0.0140039465135968,255.6,59.9999995070736,0.0,0.0
215,296.8,0.0154943969050273,0.0154943969050272,-0.0258872695475694,0.0,0.0,0.0,-4000000.0,-4000000.0,-26326856.0008604,0.0,0.0,0.0,0.00257770916787402,0.00257770916787401,-0.0175076959621016,0.0,0.0,0.0,0.032872472013898,2.0,1.0,0.0174538018888375,0.0141975075484136,256.8,60.0,0.0,0.0
216,298.0,0.015670495944685,0.015670495944685,-0.026001512060137,0.0,0.0,0.0,-4000000.0,-4000000.0,-26326856.0008604,0.0,0.0,0.0,0.00257770916787402,0.00257770916787402,-0.0175076959621017,0.0,0.0,0.0,0.0333206372765893,2.0,1.0,0.0176917574555855,0.0143910685832304,258.0,59.9999997154088,0.0,0.0
217,299.2,0.0158465949843427,0.0158465949843427,-0.0261157545727045,0.0,0.0,0.0,-4000000.0,-4000000.0,-26326856.0008605,0.0,0.0,0.0,0.00257770916787402,0.00257770916787402,-0.0175076959621017,0.0,0.0,0.0,0.0337688025392807,2.0,1.0,0.0179297130223335,0.0145846296180473,259.2,59.9999997154088,0.0,0.0
218,300.4,0.0160226940240005,0.0160226940240005,-0.026229997085272,0.0,0.0,0.0,-4000000.0,-4000000.0,-26326856.0008604,0.0,0.0,0.0,0.00257770916787402,0.00257770916787402,-0.0175076959621017,0.0,0.0,0.0,0.0342169678019721,2.0,1.0,0.0181676685890814,0.0147781906528641,260.4,60.0,0.0,0.0
219,301.6,0.0161987930636582,0.0161987930636582,-0.0263442395978395,0.0,0.0,0.0,-4000000.0,-4000000.0,-26326856.0008605,0.0,0.0,0.0,0.00257770916787402,0.00257770916787402,-0.0175076959621017,0.0,0.0,0.0,0.0346651330646635,2.0,1.0,0.0184056241558294,0.014971751687681,261.6,59.9999995975272,0.0,0.0
220,302.8,0.016374892103316,0.016374892103316,-0.026458482110407,0.0,0.0,0.0,-4000000.00000001,-4000000.00000001,-26326856.0008605,0.0,0.0,0.0,0.00257770916787402,0.00257770916787402,-0.0175076959621017,0.0,0.0,0.0,0.0351132983273549,2.0,1.0,0.0186435797225774,0.0151653127224978,262.8,59.9999997154088,0.0,0.0
221,304.0,0.0165509911429738,0.0165509911429738,-0.0265727246229745,0.0,0.0,0.0,-4000000.0,-4000000.0,-26326856.0008604,0.0,0.0,0.0,0.00257770916787402,0.00257770916787402,-0.0175076959621017,0.0,0.0,0.0,0.0355614635900463,2.0,1.0,0.0188815352893254,0.0153588737573147,264.0,59.9999997154088,0.0,0.0
222,305.2,0.0167270901826315,0.0167270901826315,-0.026686967135542,0.0,0.0,0.0,-4000000.0,-4000000.0,-26326856.0008604,0.0,0.0,0.0,0.00257770916787402,0.00257770916787402,-0.0175076959621017,0.0,0.0,0.0,0.0360096288527377,2.0,1.0,0.0191194908560734,0.0155524347921315,265.2,59.9999997154088,0.0,0.0
223,306.4,0.0169031892222893,0.0169031892222893,-0.0268012096481096,0.0,0.0,0.0,-4000000.0,-4000000.0,-26326856.0008604,0.0,0.0,0.0,0.00257770916787402,0.00257770916787402,-0.0175076959621017,0.0,0.0,0.0,0.0364577941154291,2.0,1.0,0.0193574464228214,0.0157459958269484,266.4,59.9999997154088,0.0,0.0
224,307.6,0.017079288261947,0.017079288261947,-0.0269154521606771,0.0,0.0,0.0,-4000000.0,-4000000.0,-26326856.0008604,0.0,0.0,0.0,0.00257770916787402,0.00257770916787402,-0.0175076959621017,0.0,0.0,0.0,0.0369059593781205,2.0,1.0,0.0195954019895694,0.0159395568617652,267.6,60.0,0.0,0.0
225,308.8,0.0172553873016048,0.0172553873016048,-0.0270296946732446,0.0,0.0,0.0,-4000000.0,-4000000.0,-26326856.0008605,0.0,0.0,0.0,0.00257770916787402,0.00257770916787402,-0.0175076959621017,0.0,0.0,0.0,0.0373541246408119,2.0,1.0,0.0198333575563174,0.0161331178965821,268.8,59.9999997154088,0.0,0.0
226,310.0,0.0174314863412625,0.0174314863412625,-0.0271439371858121,0.0,0.0,0.0,-4000000.0,-4000000.0,-26326856.0008605,0.0,0.0,0.0,0.00257770916787402,0.00257770916787402,-0.0175076959621017,0.0,0.0,0.0,0.0378022899035032,2.0,1.0,0.0200713131230653,0.0163266789313989,270.0,60.0,0.0,0.0
227,311.2,0.0176075853809203,0.0176075853809203,-0.0272581796983796,0.0,0.0,0.0,-4000000.0,-4000000.0,-26326856.0008605,0.0,0.0,0.0,0.00257770916787402,0.00257770916787402,-0.0175076959621017,0.0,0.0,0.0,0.0382504551661946,2.0,1.0,0.0203092686898133,0.0165202399662157,271.2,60.0,0.0,0.0
228,312.4,0.017783684420578,0.017783684420578,-0.0273724222109471,0.0,0.0,0.0,-4000000.0,-4000000.0,-26326856.0008605,0.0,0.0,0.0,0.00257770916787402,0.00257770916787402,-0.0175076959621017,0.0,0.0,0.0,0.038698620428886,2.0,1.0,0.0205472242565613,0.0167138010010326,272.4,59.9999995975272,0.0,0.0
229,313.6,0.0179597834602358,0.0179597834602358,-0.0274866647235147,0.0,0.0,0.0,-4000000.00000001,-4000000.00000001,-26326856.0008605,0.0,0.0,0.0,0.00257770916787402,0.00257770916787402,-0.0175076959621017,0.0,0.0,0.0,0.0391467856915774,2.0,1.0,0.0207851798233093,0.0169073620358494,273.6,59.9999994308176,0.0,0.0
230,314.8,0.0181358824998936,0.0181358824998936,-0.0276009072360822,0.0,0.0,0.0,-4000000.00000001,-4000000.00000001,-26326856.0008604,0.0,0.0,0.0,0.00257770916787401,0.00257770916787401,-0.0175076959621016,0.0,0.0,0.0,0.0395949509542689,2.0,1.0,0.0210231353900574,0.0171009230706663,274.8,59.9999995975272,0.0,0.0
231,316.0,0.0183119815395514,0.0183119815395514,-0.0277151497486497,0.0,0.0,0.0,-4000000.0,-4000000.0,-26326856.0008604,0.0,0.0,0.0,0.00257770916787402,0.00257770916787402,-0.0175076959621017,0.0,0.0,0.0,0.0400431162169603,2.0,1.0,0.0212610909568053,0.0172944841054831,276.0,59.9999997154088,0.0,0.0
232,317.2,0.0184880805792091,0.0184880805792091,-0.0278293922612172,0.0,0.0,0.0,-4000000.0,-4000000.0,-26326856.0008605,0.0,0.0,0.0,0.00257770916787402,0.00257770916787402,-0.0175076959621017,0.0,0.0,0.0,0.0404912814796516,2.0,1.0,0.0214990465235533,0.0174880451403,277.2,59.9999995975272,0.0,0.0
233,318.4,0.0186641796188669,0.0186641796188669,-0.0279436347737847,0.0,0.0,0.0,-4000000.00000001,-4000000.00000001,-26326856.0008605,0.0,0.0,0.0,0.00257770916787402,0.00257770916787402,-0.0175076959621017,0.0,0.0,0.0,0.040939446742343,2.0,1.0,0.0217370020903013,0.0176816061751168,278.4,60.0,0.0,0.0
234,319.6,0.0188402786585246,0.0188402786585246,-0.0280578772863522,0.0,0.0,0.0,-4000000.0,-4000000.0,-26326856.0008605,0.0,0.0,0.0,0.00257770916787402,0.00257770916787402,-0.0175076959621017,0.0,0.0,0.0,0.0413876120050344,2.0,1.0,0.0219749576570492,0.0178751672099337,279.6,59.9999995975272,0.0,0.0
235,320.8,0.0190163776981824,0.0190163776981824,-0.0281721197989198,0.0,0.0,0.0,-4000000.00000001,-4000000.00000001,-26326856.0008605,0.0,0.0,0.0,0.00257770916787402,0.00257770916787402,-0.0175076959621017,0.0,0.0,0.0,0.0418357772677258,2.0,1.0,0.0222129132237972,0.0180687282447505,280.8,60.0,0.0,0.0
236,322.0,0.0191924767378401,0.0191924767378402,-0.0282863623114873,0.0,0.0,0.0,-4000000.0,-4000000.0,-26326856.0008605,0.0,0.0,0.0,0.00257770916787402,0.00257770916787402,-0.0175076959621017,0.0,0.0,0.0,0.0422839425304172,2.0,1.0,0.0224508687905452,0.0182622892795673,282.0,59.9999995975272,0.0,0.0
237,323.2,0.0193685757774979,0.0193685757774979,-0.0284006048240548,0.0,0.0,0.0,-4000000.00000001,-4000000.00000001,-26326856.0008605,0.0,0.0,0.0,0.00257770916787402,0.00257770916787402,-0.0175076959621017,0.0,0.0,0.0,0.0427321077931086,2.0,1.0,0.0226888243572932,0.0184558503143842,283.2,60.0,0.0,0.0
238,324.4,0.0195446748171556,0.0195446748171557,-0.0285148473366223,0.0,0.0,0.0,-4000000.0,-4000000.0,-26326856.0008605,0.0,0.0,0.0,0.00257770916787402,0.00257770916787402,-0.0175076959621017,0.0,0.0,0.0,0.0431802730558,2.0,1.0,0.0229267799240412,0.018649411349201,284.4,59.9999995975272,0.0,0.0
239,325.6,0.0197207738568134,0.0197207738568134,-0.0286290898491898,0.0,0.0,0.0,-4000000.00000001,-4000000.00000001,-26326856.0008605,0.0,0.0,0.0,0.00257770916787402,0.00257770916787402,-0.0175076959621017,0.0,0.0,0.0,0.0436284383184914,2.0,1.0,0.0231647354907892,0.0188429723840179,285.6,60.0,0.0,0.0
240,326.8,0.0198968728964712,0.0198968728964712,-0.0287433323617573,0.0,0.0,0.0,-4000000.0,-4000000.0,-26326856.0008605,0.0,0.0,0.0,0.00257770916787402,0.00257770916787402,-0.0175076959621017,0.0,0.0,0.0,0.0440766035811828,2.0,1.0,0.0234026910575372,0.0190365334188347,286.8,59.9999995975272,0.0,0.0
241,328.0,0.0200729719361289,0.020072971936129,-0.0288575748743248,0.0,0.0,0.0,-4000000.00000001,-4000000.00000001,-26326856.0008605,0.0,0.0,0.0,0.00257770916787402,0.00257770916787402,-0.0175076959621017,0.0,0.0,0.0,0.0445247688438742,2.0,1.0,0.0236406466242852,0.0192300944536516,288.0,60.0,0.0,0.0
242,329.2,0.0202490709757867,0.0202490709757867,-0.0289718173868924,0.0,0.0,0.0,-4000000.0,-4000000.0,-26326856.0008605,0.0,0.0,0.0,0.00257770916787402,0.00257770916787402,-0.0175076959621017,0.0,0.0,0.0,0.0449729341065655,2.0,1.0,0.0238786021910331,0.0194236554884684,289.2,59.9999995975272,0.0,0.0
243,330.4,0.0204251700154444,0.0204251700154445,-0.0290860598994599,0.0,0.0,0.0,-4000000.00000001,-4000000.00000001,-26326856.0008605,0.0,0.0,0.0,0.00257770916787402,0.00257770916787402,-0.0175076959621017,0.0,0.0,0.0,0.0454210993692569,2.0,1.0,0.0241165577577811,0.0196172165232852,290.4,60.0,0.0,0.0
244,331.6,0.0206012690551022,0.0206012690551022,-0.0292003024120274,0.0,0.0,0.0,-4000000.0,-4000000.0,-26326856.0008605,0.0,0.0,0.0,0.00257770916787402,0.00257770916787402,-0.0175076959621017,0.0,0.0,0.0,0.0458692646319483,2.0,1.0,0.0243545133245291,0.0198107775581021,291.6,59.9999995975272,0.0,0.0
245,332.8,0.02077736809476,0.02077736809476,-0.0293145449245949,0.0,0.0,0.0,-4000000.00000001,-4000000.00000001,-26326856.0008605,0.0,0.0,0.0,0.00257770916787402,0.00257770916787402,-0.0175076959621017,0.0,0.0,0.0,0.0463174298946397,2.0,1.0,0.0245924688912771,0.0200043385929189,292.8,60.0,0.0,0.0
246,334.0,0.0209534671344177,0.0209534671344177,-0.0294287874371624,0.0,0.0,0.0,-4000000.0,-4000000.0,-26326856.0008605,0.0,0.0,0.0,0.00257770916787402,0.00257770916787402,-0.0175076959621017,0.0,0.0,0.0,0.0467655951573311,2.0,1.0,0.0248304244580251,0.0201978996277358,294.0,59.9999995975272,0.0,0.0
247,335.2,0.0211295661740755,0.0211295661740755,-0.0295430299497299,0.0,0.0,0.0,-4000000.00000001,-4000000.00000001,-26326856.0008605,0.0,0.0,0.0,0.00257770916787402,0.00257770916787402,-0.0175076959621017,0.0,0.0,0.0,0.0472137604200225,2.0,1.0,0.0250683800247731,0.0203914606625526,295.2,60.0,0.0,0.0
248,336.4,0.0213056652137332,0.0213056652137333,-0.0296572724622975,0.0,0.0,0.0,-4000000.0,-4000000.0,-26326856.0008605,0.0,0.0,0.0,0.00257770916787402,0.00257770916787402,-0.0175076959621017,0.0,0.0,0.0,0.0476619256827139,2.0,1.0,0.025306335591521,0.0205850216973695,296.4,59.9999995975272,0.0,0.0
249,337.6,0.021481764253391,0.021481764253391,-0.029771514974865,0.0,0.0,0.0,-4000000.00000001,-4000000.00000001,-26326856.0008605,0.0,0.0,0.0,0.00257770916787402,0.00257770916787402,-0.0175076959621017,0.0,0.0,0.0,0.0481100909454053,2.0,1.0,0.025544291158269,0.0207785827321863,297.6,60.0,0.0,0.0
250,338.8,0.0216578632930487,0.0216578632930488,-0.0298857574874325,0.0,0.0,0.0,-4000000.0,-4000000.0,-26326856.0008605,0.0,0.0,0.0,0.00257770916787402,0.00257770916787402,-0.0175076959621017,0.0,0.0,0.0,0.0485582562080967,2.0,1.0,0.025782246725017,0.0209721437670032,298.8,59.9999995975272,0.0,0.0
251,340.0,0.0218339623327065,0.0218339623327065,-0.03,0.0,0.0,0.0,-4000000.00000001,-4000000.00000001,-26326856.0008605,0.0,0.0,0.0,0.00257770916787402,0.00257770916787402,-0.0175076959621017,0.0,0.0,0.0,0.0490064214707881,2.0,1.0,0.026020202291765,0.02116570480182,300.0,60.0,0.0,0.0
