,INST,EPXX,EPYY,EPZZ,EPXY,EPXZ,EPYZ,SIXX,SIYY,SIZZ,SIXY,SIXZ,SIYZ,EPXX_EL,EPYY_EL,EPZZ_EL,EPXY_EL,EPXZ_EL,EPYZ_EL,EPLXX,EPLYY,EPLZZ,EPLXY,EPLXZ,EPLYZ,LAMBDA,ALPHA,NITER,IP,EVP,GAMMAP,TIME,DOMAIN,XEQ,XM,Y,E_STORED,E_DISSIPATED
0,0.0,0.0,0.0,0.0,0.0,0.0,0.0,0.0,0.0,0.0,0.0,0.0,0.0,0.0,0.0,0.0,0.0,0.0,0.0,0.0,0.0,0.0,0.0,0.0,0.0,0.0,0.0,0.0,0.0,0.0,0.0,0.0,0.0,0.0,0.0,0.0,0.0,0.0
1,40.0,-0.002,-0.002,-0.002,0.0,0.0,0.0,-4000000.0,-4000000.0,-4000000.0,0.0,0.0,0.0,-0.002,-0.002,-0.002,0.0,0.0,0.0,0.0,0.0,0.0,0.0,0.0,0.0,0.0,0.0,2.0,0.0,0.0,0.0,40.0,0.0,9.34017362303674e-10,-4000000.0,0.0,0.0,0.0
2,41.2,-0.001972,-0.001972,-0.002112,0.0,0.0,0.0,-4000000.0,-4000000.0,-4112000.0,0.0,0.0,0.0,-0.001972,-0.001972,-0.002112,0.0,0.0,0.0,0.0,0.0,0.0,0.0,0.0,0.0,0.0,0.0,2.0,0.0,0.0,0.0,1.2,0.0,112000.0,-4037333.33333333,0.0,0.0,0.0
3,42.4,-0.001944,-0.001944,-0.002224,0.0,0.0,0.0,-4000000.0,-4000000.0,-4224000.0,0.0,0.0,0.0,-0.001944,-0.001944,-0.002224,0.0,0.0,0.0,0.0,0.0,0.0,0.0,0.0,0.0,0.0,0.0,2.0,0.0,0.0,0.0,2.4,0.0,224000.0,-4074666.66666667,0.0,0.0,0.0
4,43.6,-0.001916,-0.001916,-0.002336,0.0,0.0,0.0,-4000000.0,-4000000.0,-4336000.0,0.0,0.0,0.0,-0.001916,-0.001916,-0.002336,0.0,0.0,0.0,0.0,0.0,0.0,0.0,0.0,0.0,0.0,0.0,2.0,0.0,0.0,0.0,3.6,0.0,336000.0,-4112000.0,0.0,0.0,0.0
5,44.8,-0.001888,-0.001888,-0.002448,0.0,0.0,0.0,-4000000.0,-4000000.0,-4448000.0,0.0,0.0,0.0,-0.001888,-0.001888,-0.002448,0.0,0.0,0.0,0.0,0.0,0.0,0.0,0.0,0.0,0.0,0.0,2.0,0.0,0.0,0.0,4.8,0.0,448000.0,-4149333.33333333,0.0,0.0,0.0
6,46.0,-0.00186,-0.00186,-0.00256,0.0,0.0,0.0,-4000000.0,-4000000.0,-4560000.0,0.0,0.0,0.0,-0.00186,-0.00186,-0.00256,0.0,0.0,0.0,0.0,0.0,0.0,0.0,0.0,0.0,0.0,0.0,2.0,0.0,0.0,0.0,6.0,0.0,560000.0,-4186666.66666667,0.0,0.0,0.0
7,47.2,-0.001832,-0.001832,-0.002672,0.0,0.0,0.0,-4000000.0,-4000000.0,-4672000.0,0.0,0.0,0.0,-0.001832,-0.001832,-0.002672,0.0,0.0,0.0,0.0,0.0,0.0,0.0,0.0,0.0,0.0,0.0,2.0,0.0,0.0,0.0,7.2,0.0,672000.0,-4224000.0,0.0,0.0,0.0
8,48.4,-0.001804,-0.001804,-0.002784,0.0,0.0,0.0,-4000000.0,-4000000.0,-4784000.0,0.0,0.0,0.0,-0.001804,-0.001804,-0.002784,0.0,0.0,0.0,0.0,0.0,0.0,0.0,0.0,0.0,0.0,0.0,2.0,0.0,0.0,0.0,8.4,0.0,784000.0,-4261333.33333333,0.0,0.0,0.0
9,49.6,-0.001776,-0.001776,-0.002896,0.0,0.0,0.0,-4000000.0,-4000000.0,-4896000.0,0.0,0.0,0.0,-0.001776,-0.001776,-0.002896,0.0,0.0,0.0,0.0,0.0,0.0,0.0,0.0,0.0,0.0,0.0,2.0,0.0,0.0,0.0,9.6,0.0,896000.0,-4298666.66666667,0.0,0.0,0.0
10,50.8,-0.001748,-0.001748,-0.003008,0.0,0.0,0.0,-4000000.0,-4000000.0,-5008000.0,0.0,0.0,0.0,-0.001748,-0.001748,-0.003008,0.0,0.0,0.0,0.0,0.0,0.0,0.0,0.0,0.0,0.0,0.0,2.0,0.0,0.0,0.0,10.8,0.0,1008000.0,-4336000.0,0.0,0.0,0.0
11,52.0,-0.00172,-0.00172,-0.00312,0.0,0.0,0.0,-4000000.0,-4000000.0,-5120000.0,0.0,0.0,0.0,-0.00172,-0.00172,-0.00312,0.0,0.0,0.0,0.0,0.0,0.0,0.0,0.0,0.0,0.0,0.0,2.0,0.0,0.0,0.0,12.0,0.0,1120000.0,-4373333.33333333,0.0,0.0,0.0
12,53.2,-0.001692,-0.001692,-0.003232,0.0,0.0,0.0,-4000000.0,-4000000.0,-5232000.0,0.0,0.0,0.0,-0.001692,-0.001692,-0.003232,0.0,0.0,0.0,0.0,0.0,0.0,0.0,0.0,0.0,0.0,0.0,2.0,0.0,0.0,0.0,13.2,0.0,1232000.0,-4410666.66666667,0.0,0.0,0.0
13,54.4,-0.001664,-0.001664,-0.003344,0.0,0.0,0.0,-4000000.0,-4000000.0,-5344000.0,0.0,0.0,0.0,-0.001664,-0.001664,-0.003344,0.0,0.0,0.0,0.0,0.0,0.0,0.0,0.0,0.0,0.0,0.0,2.0,0.0,0.0,0.0,14.4,0.0,1344000.0,-4448000.0,0.0,0.0,0.0
14,55.6,-0.001636,-0.001636,-0.003456,0.0,0.0,0.0,-4000000.0,-4000000.0,-5456000.0,0.0,0.0,0.0,-0.001636,-0.001636,-0.003456,0.0,0.0,0.0,0.0,0.0,0.0,0.0,0.0,0.0,0.0,0.0,2.0,0.0,0.0,0.0,15.6,0.0,1456000.0,-4485333.33333333,0.0,0.0,0.0
15,56.8,-0.001608,-0.001608,-0.003568,0.0,0.0,0.0,-4000000.0,-4000000.0,-5568000.0,0.0,0.0,0.0,-0.001608,-0.001608,-0.003568,0.0,0.0,0.0,0.0,0.0,0.0,0.0,0.0,0.0,0.0,0.0,2.0,0.0,0.0,0.0,16.8,0.0,1568000.0,-4522666.66666667,0.0,0.0,0.0
16,58.0,-0.00158,-0.00158,-0.00368,0.0,0.0,0.0,-4000000.0,-4000000.0,-5680000.0,0.0,0.0,0.0,-0.00158,-0.00158,-0.00368,0.0,0.0,0.0,0.0,0.0,0.0,0.0,0.0,0.0,0.0,0.0,2.0,0.0,0.0,0.0,18.0,0.0,1680000.0,-4560000.0,0.0,0.0,0.0
17,59.2,-0.001552,-0.001552,-0.003792,0.0,0.0,0.0,-4000000.0,-4000000.0,-5792000.0,0.0,0.0,0.0,-0.001552,-0.001552,-0.003792,0.0,0.0,0.0,0.0,0.0,0.0,0.0,0.0,0.0,0.0,0.0,2.0,0.0,0.0,0.0,19.2,0.0,1792000.0,-4597333.33333333,0.0,0.0,0.0
18,60.4,-0.001524,-0.001524,-0.003904,0.0,0.0,0.0,-4000000.0,-4000000.0,-5904000.0,0.0,0.0,0.0,-0.001524,-0.001524,-0.003904,0.0,0.0,0.0,0.0,0.0,0.0,0.0,0.0,0.0,0.0,0.0,2.0,0.0,0.0,0.0,20.4,0.0,1904000.0,-4634666.66666667,0.0,0.0,0.0
19,61.6,-0.001496,-0.001496,-0.004016,0.0,0.0,0.0,-4000000.0,-4000000.0,-6016000.0,0.0,0.0,0.0,-0.001496,-0.001496,-0.004016,0.0,0.0,0.0,0.0,0.0,0.0,0.0,0.0,0.0,0.0,0.0,2.0,0.0,0.0,0.0,21.6,0.0,2016000.0,-4672000.0,0.0,0.0,0.0
20,62.8,-0.001468,-0.001468,-0.004128,0.0,0.0,0.0,-4000000.0,-4000000.0,-6128000.0,0.0,0.0,0.0,-0.001468,-0.001468,-0.004128,0.0,0.0,0.0,0.0,0.0,0.0,0.0,0.0,0.0,0.0,0.0,2.0,0.0,0.0,0.0,22.8,0.0,2128000.0,-4709333.33333333,0.0,0.0,0.0
21,64.0,-0.00144,-0.00144,-0.00424,0.0,0.0,0.0,-4000000.0,-4000000.0,-6240000.0,0.0,0.0,0.0,-0.00144,-0.00144,-0.00424,0.0,0.0,0.0,0.0,0.0,0.0,0.0,0.0,0.0,0.0,0.0,2.0,0.0,0.0,0.0,24.0,0.0,2240000.0,-4746666.66666667,0.0,0.0,0.0
22,65.2,-0.001412,-0.001412,-0.004352,0.0,0.0,0.0,-4000000.0,-4000000.0,-6352000.0,0.0,0.0,0.0,-0.001412,-0.001412,-0.004352,0.0,0.0,0.0,0.0,0.0,0.0,0.0,0.0,0.0,0.0,0.0,2.0,0.0,0.0,0.0,25.2,0.0,2352000.0,-4784000.0,0.0,0.0,0.0
23,66.4,-0.001384,-0.001384,-0.004464,0.0,0.0,0.0,-4000000.0,-4000000.0,-6464000.0,0.0,0.0,0.0,-0.001384,-0.001384,-0.004464,0.0,0.0,0.0,0.0,0.0,0.0,0.0,0.0,0.0,0.0,0.0,2.0,0.0,0.0,0.0,26.4,0.0,2464000.0,-4821333.33333333,0.0,0.0,0.0
24,67.6,-0.001356,-0.001356,-0.004576,0.0,0.0,0.0,-4000000.0,-4000000.0,-6576000.0,0.0,0.0,0.0,-0.001356,-0.001356,-0.004576,0.0,0.0,0.0,0.0,0.0,0.0,0.0,0.0,0.0,0.0,0.0,2.0,0.0,0.0,0.0,27.6,0.0,2576000.0,-4858666.66666667,0.0,0.0,0.0
25,68.8,-0.001328,-0.001328,-0.004688,0.0,0.0,0.0,-4000000.0,-4000000.0,-6688000.0,0.0,0.0,0.0,-0.001328,-0.001328,-0.004688,0.0,0.0,0.0,0.0,0.0,0.0,0.0,0.0,0.0,0.0,0.0,2.0,0.0,0.0,0.0,28.8,0.0,2688000.0,-4896000.0,0.0,0.0,0.0
26,70.0,-0.0013,-0.0013,-0.0048,0.0,0.0,0.0,-4000000.0,-4000000.0,-6800000.0,0.0,0.0,0.0,-0.0013,-0.0013,-0.0048,0.0,0.0,0.0,0.0,0.0,0.0,0.0,0.0,0.0,0.0,0.0,2.0,0.0,0.0,0.0,30.0,0.0,2800000.0,-4933333.33333333,0.0,0.0,0.0
27,71.2,-0.001272,-0.001272,-0.004912,0.0,0.0,0.0,-4000000.0,-4000000.0,-6912000.0,0.0,0.0,0.0,-0.001272,-0.001272,-0.004912,0.0,0.0,0.0,0.0,0.0,0.0,0.0,0.0,0.0,0.0,0.0,2.0,0.0,0.0,0.0,31.2,0.0,2912000.0,-4970666.66666667,0.0,0.0,0.0
28,72.4,-0.001244,-0.001244,-0.005024,0.0,0.0,0.0,-4000000.0,-4000000.0,-7024000.0,0.0,0.0,0.0,-0.001244,-0.001244,-0.005024,0.0,0.0,0.0,0.0,0.0,0.0,0.0,0.0,0.0,0.0,0.0,2.0,0.0,0.0,0.0,32.4,0.0,3024000.0,-5008000.0,0.0,0.0,0.0
29,73.6,-0.001216,-0.001216,-0.005136,0.0,0.0,0.0,-4000000.0,-4000000.0,-7136000.0,0.0,0.0,0.0,-0.001216,-0.001216,-0.005136,0.0,0.0,0.0,0.0,0.0,0.0,0.0,0.0,0.0,0.0,0.0,2.0,0.0,0.0,0.0,33.6,0.0,3136000.0,-5045333.33333333,0.0,0.0,0.0
30,74.8,-0.001188,-0.001188,-0.005248,0.0,0.0,0.0,-4000000.0,-4000000.0,-7248000.0,0.0,0.0,0.0,-0.001188,-0.001188,-0.005248,0.0,0.0,0.0,0.0,0.0,0.0,0.0,0.0,0.0,0.0,0.0,2.0,0.0,0.0,0.0,34.8,0.0,3248000.0,-5082666.66666667,0.0,0.0,0.0
31,76.0,-0.00116,-0.00116,-0.00536,0.0,0.0,0.0,-4000000.0,-4000000.0,-7360000.0,0.0,0.0,0.0,-0.00116,-0.00116,-0.00536,0.0,0.0,0.0,0.0,0.0,0.0,0.0,0.0,0.0,0.0,0.0,2.0,0.0,0.0,0.0,36.0,0.0,3360000.0,-5120000.0,0.0,0.0,0.0
32,77.2,-0.001132,-0.001132,-0.005472,0.0,0.0,0.0,-4000000.0,-4000000.0,-7472000.0,0.0,0.0,0.0,-0.001132,-0.001132,-0.005472,0.0,0.0,0.0,0.0,0.0,0.0,0.0,0.0,0.0,0.0,0.0,2.0,0.0,0.0,0.0,37.2,0.0,3472000.0,-5157333.33333333,0.0,0.0,0.0
33,78.4,-0.001104,-0.001104,-0.005584,0.0,0.0,0.0,-4000000.0,-4000000.0,-7584000.0,0.0,0.0,0.0,-0.001104,-0.001104,-0.005584,0.0,0.0,0.0,0.0,0.0,0.0,0.0,0.0,0.0,0.0,0.0,2.0,0.0,0.0,0.0,38.4,0.0,3584000.0,-5194666.66666667,0.0,0.0,0.0
34,79.6,-0.001076,-0.001076,-0.005696,0.0,0.0,0.0,-4000000.0,-4000000.0,-7696000.0,0.0,0.0,0.0,-0.001076,-0.001076,-0.005696,0.0,0.0,0.0,0.0,0.0,0.0,0.0,0.0,0.0,0.0,0.0,2.0,0.0,0.0,0.0,39.6,0.0,3696000.0,-5232000.0,0.0,0.0,0.0
35,80.8,-0.001048,-0.001048,-0.005808,0.0,0.0,0.0,-4000000.0,-4000000.0,-7808000.0,0.0,0.0,0.0,-0.001048,-0.001048,-0.005808,0.0,0.0,0.0,0.0,0.0,0.0,0.0,0.0,0.0,0.0,0.0,2.0,0.0,0.0,0.0,40.8,0.0,3808000.0,-5269333.33333333,0.0,0.0,0.0
36,82.0,-0.00102,-0.00102,-0.00592,0.0,0.0,0.0,-4000000.0,-4000000.0,-7920000.0,0.0,0.0,0.0,-0.00102,-0.00102,-0.00592,0.0,0.0,0.0,0.0,0.0,0.0,0.0,0.0,0.0,0.0,0.0,2.0,0.0,0.0,0.0,42.0,0.0,3920000.0,-5306666.66666667,0.0,0.0,0.0
37,83.2,-0.000991999999999999,-0.000992000000000001,-0.006032,0.0,0.0,0.0,-4000000.0,-4000000.0,-8032000.0,0.0,0.0,0.0,-0.000992,-0.000992,-0.006032,0.0,0.0,0.0,0.0,0.0,0.0,0.0,0.0,0.0,0.0,0.0,2.0,0.0,0.0,0.0,43.2,0.0,4032000.0,-5344000.0,0.0,0.0,0.0
38,84.4,-0.000963999999999999,-0.000964000000000001,-0.006144,0.0,0.0,0.0,-4000000.0,-4000000.0,-8144000.0,0.0,0.0,0.0,-0.000964,-0.000964,-0.006144,0.0,0.0,0.0,0.0,0.0,0.0,0.0,0.0,0.0,0.0,0.0,2.0,0.0,0.0,0.0,44.4,0.0,4144000.0,-5381333.33333333,0.0,0.0,0.0
39,85.6,-0.000935999999999999,-0.000936000000000001,-0.006256,0.0,0.0,0.0,-4000000.0,-4000000.0,-8256000.0,0.0,0.0,0.0,-0.000936,-0.000936,-0.006256,0.0,0.0,0.0,0.0,0.0,0.0,0.0,0.0,0.0,0.0,0.0,2.0,0.0,0.0,0.0,45.6,0.0,4256000.0,-5418666.66666667,0.0,0.0,0.0
40,86.8,-0.000907999999999999,-0.000908,-0.006368,0.0,0.0,0.0,-4000000.0,-4000000.0,-8368000.0,0.0,0.0,0.0,-0.000908,-0.000908,-0.006368,0.0,0.0,0.0,0.0,0.0,0.0,0.0,0.0,0.0,0.0,0.0,2.0,0.0,0.0,0.0,46.8,0.0,4368000.0,-5456000.0,0.0,0.0,0.0
41,88.0,-0.000879999999999999,-0.000880000000000001,-0.00648,0.0,0.0,0.0,-4000000.0,-4000000.0,-8480000.0,0.0,0.0,0.0,-0.00088,-0.00088,-0.00648,0.0,0.0,0.0,0.0,0.0,0.0,0.0,0.0,0.0,0.0,0.0,2.0,0.0,0.0,0.0,48.0,0.0,4480000.0,-5493333.33333333,0.0,0.0,0.0
42,89.2,-0.000851999999999999,-0.000852000000000001,-0.006592,0.0,0.0,0.0,-4000000.0,-4000000.0,-8592000.0,0.0,0.0,0.0,-0.000852,-0.000852,-0.006592,0.0,0.0,0.0,0.0,0.0,0.0,0.0,0.0,0.0,0.0,0.0,2.0,0.0,0.0,0.0,49.2,0.0,4592000.0,-5530666.66666667,0.0,0.0,0.0
43,90.4,-0.000823999999999999,-0.000824000000000001,-0.006704,0.0,0.0,0.0,-4000000.0,-4000000.0,-8704000.0,0.0,0.0,0.0,-0.000824,-0.000824,-0.006704,0.0,0.0,0.0,0.0,0.0,0.0,0.0,0.0,0.0,0.0,0.0,2.0,0.0,0.0,0.0,50.4,0.0,4704000.0,-5568000.0,0.0,0.0,0.0
44,91.6,-0.000795999999999999,-0.000796000000000001,-0.006816,0.0,0.0,0.0,-4000000.0,-4000000.0,-8816000.0,0.0,0.0,0.0,-0.000796,-0.000796,-0.006816,0.0,0.0,0.0,0.0,0.0,0.0,0.0,0.0,0.0,0.0,0.0,2.0,0.0,0.0,0.0,51.6,0.0,4816000.0,-5605333.33333333,0.0,0.0,0.0
45,92.8,-0.000767999999999999,-0.000768000000000001,-0.006928,0.0,0.0,0.0,-4000000.0,-4000000.0,-8928000.0,0.0,0.0,0.0,-0.000768,-0.000768,-0.006928,0.0,0.0,0.0,0.0,0.0,0.0,0.0,0.0,0.0,0.0,0.0,2.0,0.0,0.0,0.0,52.8,0.0,4928000.0,-5642666.66666667,0.0,0.0,0.0
46,94.0,-0.000739999999999999,-0.000740000000000001,-0.00704,0.0,0.0,0.0,-4000000.0,-4000000.0,-9040000.0,0.0,0.0,0.0,-0.00074,-0.00074,-0.00704,0.0,0.0,0.0,0.0,0.0,0.0,0.0,0.0,0.0,0.0,0.0,2.0,0.0,0.0,0.0,54.0,0.0,5040000.0,-5680000.0,0.0,0.0,0.0
47,95.2,-0.000712,-0.000712000000000001,-0.007152,0.0,0.0,0.0,-4000000.0,-4000000.0,-9152000.0,0.0,0.0,0.0,-0.000712000000000001,-0.000712000000000001,-0.007152,0.0,0.0,0.0,0.0,0.0,0.0,0.0,0.0,0.0,0.0,0.0,2.0,0.0,0.0,0.0,55.2,0.0,5152000.0,-5717333.33333333,0.0,0.0,0.0
48,96.4,-0.000683999999999998,-0.000684,-0.007264,0.0,0.0,0.0,-4000000.0,-4000000.0,-9264000.0,0.0,0.0,0.0,-0.000684,-0.000684,-0.007264,0.0,0.0,0.0,0.0,0.0,0.0,0.0,0.0,0.0,0.0,0.0,2.0,0.0,0.0,0.0,56.4,0.0,5264000.0,-5754666.66666667,0.0,0.0,0.0
49,97.6,-0.000655999999999999,-0.000656000000000001,-0.007376,0.0,0.0,0.0,-4000000.0,-4000000.0,-9376000.0,0.0,0.0,0.0,-0.000656,-0.000656,-0.007376,0.0,0.0,0.0,0.0,0.0,0.0,0.0,0.0,0.0,0.0,0.0,2.0,0.0,0.0,0.0,57.6,0.0,5376000.0,-5792000.0,0.0,0.0,0.0
50,98.8,-0.000627999999999999,-0.000628000000000001,-0.007488,0.0,0.0,0.0,-4000000.0,-4000000.0,-9488000.0,0.0,0.0,0.0,-0.000628,-0.000628,-0.007488,0.0,0.0,0.0,0.0,0.0,0.0,0.0,0.0,0.0,0.0,0.0,2.0,0.0,0.0,0.0,58.8,0.0,5488000.0,-5829333.33333333,0.0,0.0,0.0
51,100.0,-0.000599999999999999,-0.000600000000000001,-0.0076,0.0,0.0,0.0,-4000000.0,-4000000.0,-9600000.0,0.0,0.0,0.0,-0.0006,-0.0006,-0.0076,0.0,0.0,0.0,0.0,0.0,0.0,0.0,0.0,0.0,0.0,0.0,2.0,0.0,0.0,0.0,60.0,0.0,5600000.0,-5866666.66666667,0.0,0.0,0.0
52,101.2,-0.000572,-0.000572000000000001,-0.007712,0.0,0.0,0.0,-4000000.0,-4000000.0,-9712000.0,0.0,0.0,0.0,-0.000572,-0.000572,-0.007712,0.0,0.0,0.0,0.0,0.0,0.0,0.0,0.0,0.0,0.0,0.0,2.0,0.0,0.0,0.0,61.2,0.0,5712000.0,-5904000.0,0.0,0.0,0.0
53,102.4,-0.000543999999999999,-0.000544000000000001,-0.007824,0.0,0.0,0.0,-4000000.0,-4000000.0,-9824000.0,0.0,0.0,0.0,-0.000544,-0.000544,-0.007824,0.0,0.0,0.0,0.0,0.0,0.0,0.0,0.0,0.0,0.0,0.0,2.0,0.0,0.0,0.0,62.4,0.0,5824000.0,-5941333.33333333,0.0,0.0,0.0
54,103.6,-0.000515999999999999,-0.000516000000000001,-0.007936,0.0,0.0,0.0,-4000000.0,-4000000.0,-9936000.0,0.0,0.0,0.0,-0.000516,-0.000516,-0.007936,0.0,0.0,0.0,0.0,0.0,0.0,0.0,0.0,0.0,0.0,0.0,2.0,0.0,0.0,0.0,63.6,0.0,5936000.0,-5978666.66666667,0.0,0.0,0.0
55,104.8,-0.000487999999999999,-0.000488000000000001,-0.008048,0.0,0.0,0.0,-4000000.0,-4000000.0,-10048000.0,0.0,0.0,0.0,-0.000488,-0.000488,-0.008048,0.0,0.0,0.0,0.0,0.0,0.0,0.0,0.0,0.0,0.0,0.0,2.0,0.0,0.0,0.0,64.8,0.0,6048000.0,-6016000.0,0.0,0.0,0.0
56,106.0,-0.000459999999999999,-0.00046,-0.00816,0.0,0.0,0.0,-4000000.0,-4000000.0,-10160000.0,0.0,0.0,0.0,-0.00046,-0.00046,-0.00816,0.0,0.0,0.0,0.0,0.0,0.0,0.0,0.0,0.0,0.0,0.0,2.0,0.0,0.0,0.0,66.0,0.0,6160000.0,-6053333.33333333,0.0,0.0,0.0
57,107.2,-0.000431999999999999,-0.000432,-0.008272,0.0,0.0,0.0,-4000000.0,-4000000.0,-10272000.0,0.0,0.0,0.0,-0.000432,-0.000432,-0.008272,0.0,0.0,0.0,0.0,0.0,0.0,0.0,0.0,0.0,0.0,0.0,2.0,0.0,0.0,0.0,67.2,0.0,6272000.0,-6090666.66666667,0.0,0.0,0.0
58,108.4,-0.000403999999999999,-0.000404000000000001,-0.008384,0.0,0.0,0.0,-4000000.0,-4000000.0,-10384000.0,0.0,0.0,0.0,-0.000404,-0.000404,-0.008384,0.0,0.0,0.0,0.0,0.0,0.0,0.0,0.0,0.0,0.0,0.0,2.0,0.0,0.0,0.0,68.4,0.0,6384000.0,-6128000.0,0.0,0.0,0.0
59,109.6,-0.000375999999999999,-0.000376000000000001,-0.008496,0.0,0.0,0.0,-4000000.0,-4000000.0,-10496000.0,0.0,0.0,0.0,-0.000376,-0.000376,-0.008496,0.0,0.0,0.0,0.0,0.0,0.0,0.0,0.0,0.0,0.0,0.0,2.0,0.0,0.0,0.0,69.6,0.0,6496000.0,-6165333.33333333,0.0,0.0,0.0
60,110.8,-0.000348,-0.000348000000000001,-0.008608,0.0,0.0,0.0,-4000000.0,-4000000.0,-10608000.0,0.0,0.0,0.0,-0.000348000000000001,-0.000348,-0.008608,0.0,0.0,0.0,0.0,0.0,0.0,0.0,0.0,0.0,0.0,0.0,2.0,0.0,0.0,0.0,70.8,0.0,6608000.0,-6202666.66666667,0.0,0.0,0.0
61,112.0,-0.000319999999999999,-0.000320000000000001,-0.00872,0.0,0.0,0.0,-4000000.0,-4000000.0,-10720000.0,0.0,0.0,0.0,-0.00032,-0.00032,-0.00872,0.0,0.0,0.0,0.0,0.0,0.0,0.0,0.0,0.0,0.0,0.0,2.0,0.0,0.0,0.0,72.0,0.0,6720000.0,-6240000.0,0.0,0.0,0.0
62,113.2,-0.000291999999999999,-0.000292000000000001,-0.008832,0.0,0.0,0.0,-4000000.0,-4000000.0,-10832000.0,0.0,0.0,0.0,-0.000292,-0.000292,-0.008832,0.0,0.0,0.0,0.0,0.0,0.0,0.0,0.0,0.0,0.0,0.0,2.0,0.0,0.0,0.0,73.2,0.0,6832000.0,-6277333.33333333,0.0,0.0,0.0
63,114.4,-0.000263999999999999,-0.000264000000000001,-0.008944,0.0,0.0,0.0,-4000000.0,-4000000.0,-10944000.0,0.0,0.0,0.0,-0.000264,-0.000264,-0.008944,0.0,0.0,0.0,0.0,0.0,0.0,0.0,0.0,0.0,0.0,0.0,2.0,0.0,0.0,0.0,74.4,0.0,6944000.0,-6314666.66666667,0.0,0.0,0.0
64,115.6,-0.000235999999999999,-0.000236000000000001,-0.009056,0.0,0.0,0.0,-4000000.0,-4000000.0,-11056000.0,0.0,0.0,0.0,-0.000236,-0.000236,-0.009056,0.0,0.0,0.0,0.0,0.0,0.0,0.0,0.0,0.0,0.0,0.0,2.0,0.0,0.0,0.0,75.6,0.0,7056000.0,-6352000.0,0.0,0.0,0.0
65,116.8,-0.000207999999999999,-0.000208000000000001,-0.009168,0.0,0.0,0.0,-4000000.0,-4000000.0,-11168000.0,0.0,0.0,0.0,-0.000208,-0.000208,-0.009168,0.0,0.0,0.0,0.0,0.0,0.0,0.0,0.0,0.0,0.0,0.0,2.0,0.0,0.0,0.0,76.8,0.0,7168000.0,-6389333.33333333,0.0,0.0,0.0
66,118.0,-0.00018,-0.000180000000000001,-0.00928,0.0,0.0,0.0,-4000000.0,-4000000.0,-11280000.0,0.0,0.0,0.0,-0.00018,-0.00018,-0.00928,0.0,0.0,0.0,0.0,0.0,0.0,0.0,0.0,0.0,0.0,0.0,2.0,0.0,0.0,0.0,78.0,0.0,7280000.0,-6426666.66666667,0.0,0.0,0.0
67,119.2,-0.000151999999999999,-0.000152000000000001,-0.009392,0.0,0.0,0.0,-4000000.0,-4000000.0,-11392000.0,0.0,0.0,0.0,-0.000152,-0.000152,-0.009392,0.0,0.0,0.0,0.0,0.0,0.0,0.0,0.0,0.0,0.0,0.0,2.0,0.0,0.0,0.0,79.2,0.0,7392000.0,-6464000.0,0.0,0.0,0.0
68,120.4,-0.000123999999999999,-0.000124000000000001,-0.009504,0.0,0.0,0.0,-4000000.0,-4000000.0,-11504000.0,0.0,0.0,0.0,-0.000124000000000001,-0.000124,-0.009504,0.0,0.0,0.0,0.0,0.0,0.0,0.0,0.0,0.0,0.0,0.0,2.0,0.0,0.0,0.0,80.4,0.0,7504000.0,-6501333.33333333,0.0,0.0,0.0
69,121.6,-9.59999999999992e-05,-9.60000000000005e-05,-0.009616,0.0,0.0,0.0,-4000000.0,-4000000.0,-11616000.0,0.0,0.0,0.0,-9.6e-05,-9.59999999999998e-05,-0.009616,0.0,0.0,0.0,0.0,0.0,0.0,0.0,0.0,0.0,0.0,0.0,2.0,0.0,0.0,0.0,81.6,0.0,7616000.0,-6538666.66666667,0.0,0.0,0.0
70,122.8,-6.79999999999992e-05,-6.80000000000005e-05,-0.009728,0.0,0.0,0.0,-4000000.0,-4000000.0,-11728000.0,0.0,0.0,0.0,-6.8e-05,-6.79999999999998e-05,-0.009728,0.0,0.0,0.0,0.0,0.0,0.0,0.0,0.0,0.0,0.0,0.0,2.0,0.0,0.0,0.0,82.8,0.0,7728000.0,-6576000.0,0.0,0.0,0.0
71,124.0,-3.99999999999994e-05,-4.00000000000007e-05,-0.00984,0.0,0.0,0.0,-4000000.0,-4000000.0,-11840000.0,0.0,0.0,0.0,-4.00000000000002e-05,-4e-05,-0.00984,0.0,0.0,0.0,0.0,0.0,0.0,0.0,0.0,0.0,0.0,0.0,2.0,0.0,0.0,0.0,84.0,0.0,7840000.0,-6613333.33333333,0.0,0.0,0.0
72,125.2,-1.19999999999992e-05,-1.20000000000004e-05,-0.009952,0.0,0.0,0.0,-4000000.0,-4000000.0,-11952000.0,0.0,0.0,0.0,-1.2e-05,-1.19999999999997e-05,-0.009952,0.0,0.0,0.0,0.0,0.0,0.0,0.0,0.0,0.0,0.0,0.0,2.0,0.0,0.0,0.0,85.2,0.0,7952000.0,-6650666.66666667,0.0,0.0,0.0
73,126.4,1.60000000000002e-05,1.59999999999989e-05,-0.010064,0.0,0.0,0.0,-4000000.0,-4000000.0,-12064000.0,0.0,0.0,0.0,1.59999999999994e-05,1.59999999999997e-05,-0.010064,0.0,0.0,0.0,0.0,0.0,0.0,0.0,0.0,0.0,0.0,0.0,2.0,0.0,0.0,0.0,86.4,0.0,8064000.0,-6688000.0,0.0,0.0,0.0
74,127.6,4.40000000000009e-05,4.39999999999991e-05,-0.010176,0.0,0.0,0.0,-4000000.0,-4000000.0,-12176000.0,0.0,0.0,0.0,4.39999999999997e-05,4.39999999999999e-05,-0.010176,0.0,0.0,0.0,0.0,0.0,0.0,0.0,0.0,0.0,0.0,0.0,2.0,0.0,0.0,0.0,87.6,0.0,8176000.0,-6725333.33333333,0.0,0.0,0.0
75,128.8,7.20000000000011e-05,7.19999999999993e-05,-0.010288,0.0,0.0,0.0,-4000000.0,-4000000.0,-12288000.0,0.0,0.0,0.0,7.20000000000003e-05,7.2e-05,-0.010288,0.0,0.0,0.0,0.0,0.0,0.0,0.0,0.0,0.0,0.0,0.0,2.0,0.0,0.0,0.0,88.8,0.0,8288000.0,-6762666.66666667,0.0,0.0,0.0
76,130.0,0.000100000000000001,9.99999999999988e-05,-0.0104,0.0,0.0,0.0,-4000000.0,-4000000.0,-12400000.0,0.0,0.0,0.0,9.99999999999997e-05,0.0001,-0.0104,0.0,0.0,0.0,0.0,0.0,0.0,0.0,0.0,0.0,0.0,0.0,2.0,0.0,0.0,0.0,90.0,0.0,8400000.0,-6800000.0,0.0,0.0,0.0
77,131.2,0.000128000000000001,0.000127999999999999,-0.010512,0.0,0.0,0.0,-4000000.0,-4000000.0,-12512000.0,0.0,0.0,0.0,0.000128,0.000127999999999999,-0.010512,0.0,0.0,0.0,0.0,0.0,0.0,0.0,0.0,0.0,0.0,0.0,2.0,0.0,0.0,0.0,91.2,0.0,8512000.0,-6837333.33333333,0.0,0.0,0.0
78,132.4,0.000156,0.000155999999999999,-0.010624,0.0,0.0,0.0,-4000000.0,-4000000.0,-12624000.0,0.0,0.0,0.0,0.000156,0.000155999999999999,-0.010624,0.0,0.0,0.0,0.0,0.0,0.0,0.0,0.0,0.0,0.0,0.0,2.0,0.0,0.0,0.0,92.4,0.0,8624000.0,-6874666.66666667,0.0,0.0,0.0
79,133.6,0.000184,0.000183999999999999,-0.010736,0.0,0.0,0.0,-4000000.0,-4000000.0,-12736000.0,0.0,0.0,0.0,0.000183999999999999,0.000184,-0.010736,0.0,0.0,0.0,0.0,0.0,0.0,0.0,0.0,0.0,0.0,0.0,2.0,0.0,0.0,0.0,93.6,0.0,8736000.0,-6912000.0,0.0,0.0,0.0
80,134.8,0.000212,0.000211999999999999,-0.010848,0.0,0.0,0.0,-4000000.0,-4000000.0,-12848000.0,0.0,0.0,0.0,0.000212,0.000212,-0.010848,0.0,0.0,0.0,0.0,0.0,0.0,0.0,0.0,0.0,0.0,0.0,2.0,0.0,0.0,0.0,94.8,0.0,8848000.0,-6949333.33333333,0.0,0.0,0.0
81,136.0,0.00024,0.000239999999999999,-0.01096,0.0,0.0,0.0,-4000000.0,-4000000.0,-12960000.0,0.0,0.0,0.0,0.000239999999999999,0.00024,-0.01096,0.0,0.0,0.0,0.0,0.0,0.0,0.0,0.0,0.0,0.0,0.0,2.0,0.0,0.0,0.0,96.0,0.0,8960000.0,-6986666.66666667,0.0,0.0,0.0
82,137.2,0.000268000000000001,0.000267999999999999,-0.011072,0.0,0.0,0.0,-4000000.0,-4000000.0,-13072000.0,0.0,0.0,0.0,0.000267999999999999,0.000268,-0.011072,0.0,0.0,0.0,0.0,0.0,0.0,0.0,0.0,0.0,0.0,0.0,2.0,0.0,0.0,0.0,97.2,0.0,9072000.0,-7024000.0,0.0,0.0,0.0
83,138.4,0.000296000000000001,0.000295999999999999,-0.011184,0.0,0.0,0.0,-4000000.0,-4000000.0,-13184000.0,0.0,0.0,0.0,0.000296,0.000295999999999999,-0.011184,0.0,0.0,0.0,0.0,0.0,0.0,0.0,0.0,0.0,0.0,0.0,2.0,0.0,0.0,0.0,98.4,0.0,9184000.0,-7061333.33333333,0.0,0.0,0.0
84,139.6,0.000324000000000001,0.000323999999999999,-0.011296,0.0,0.0,0.0,-4000000.0,-4000000.0,-13296000.0,0.0,0.0,0.0,0.000324,0.000324,-0.011296,0.0,0.0,0.0,0.0,0.0,0.0,0.0,0.0,0.0,0.0,0.0,2.0,0.0,0.0,0.0,99.6,0.0,9296000.0,-7098666.66666667,0.0,0.0,0.0
85,140.8,0.000352000000000002,0.000352,-0.011408,0.0,0.0,0.0,-4000000.0,-4000000.0,-13408000.0,0.0,0.0,0.0,0.000352,0.000352,-0.011408,0.0,0.0,0.0,0.0,0.0,0.0,0.0,0.0,0.0,0.0,0.0,2.0,0.0,0.0,0.0,100.8,0.0,9408000.0,-7136000.0,0.0,0.0,0.0
86,142.0,0.000380000000000001,0.000379999999999999,-0.01152,0.0,0.0,0.0,-4000000.0,-4000000.0,-13520000.0,0.0,0.0,0.0,0.00038,0.00038,-0.01152,0.0,0.0,0.0,0.0,0.0,0.0,0.0,0.0,0.0,0.0,0.0,2.0,0.0,0.0,0.0,102.0,0.0,9520000.0,-7173333.33333333,0.0,0.0,0.0
87,143.2,0.000408000000000001,0.000407999999999998,-0.011632,0.0,0.0,0.0,-4000000.0,-4000000.0,-13632000.0,0.0,0.0,0.0,0.000407999999999999,0.000407999999999999,-0.011632,0.0,0.0,0.0,0.0,0.0,0.0,0.0,0.0,0.0,0.0,0.0,2.0,0.0,0.0,0.0,103.2,0.0,9632000.0,-7210666.66666667,0.0,0.0,0.0
88,144.4,0.000436,0.000435999999999998,-0.011744,0.0,0.0,0.0,-4000000.0,-4000000.0,-13744000.0,0.0,0.0,0.0,0.000436,0.000435999999999999,-0.011744,0.0,0.0,0.0,0.0,0.0,0.0,0.0,0.0,0.0,0.0,0.0,2.0,0.0,0.0,0.0,104.4,0.0,9744000.0,-7248000.0,0.0,0.0,0.0
89,145.6,0.000464000000000001,0.000463999999999998,-0.011856,0.0,0.0,0.0,-4000000.0,-4000000.0,-13856000.0,0.0,0.0,0.0,0.000464,0.000463999999999999,-0.011856,0.0,0.0,0.0,0.0,0.0,0.0,0.0,0.0,0.0,0.0,0.0,2.0,0.0,0.0,0.0,105.6,0.0,9856000.0,-7285333.33333333,0.0,0.0,0.0
90,146.8,0.000492000000000001,0.000491999999999999,-0.011968,0.0,0.0,0.0,-4000000.0,-4000000.0,-13968000.0,0.0,0.0,0.0,0.000492,0.000492,-0.011968,0.0,0.0,0.0,0.0,0.0,0.0,0.0,0.0,0.0,0.0,0.0,2.0,0.0,0.0,0.0,106.8,0.0,9968000.0,-7322666.66666667,0.0,0.0,0.0
91,148.0,0.000520000000000001,0.00052,-0.01208,0.0,0.0,0.0,-4000000.0,-4000000.0,-14080000.0,0.0,0.0,0.0,0.00052,0.00052,-0.01208,0.0,0.0,0.0,0.0,0.0,0.0,0.0,0.0,0.0,0.0,0.0,2.0,0.0,0.0,0.0,108.0,0.0,10080000.0,-7360000.0,0.0,0.0,0.0
92,149.2,0.000548000000000001,0.000547999999999999,-0.012192,0.0,0.0,0.0,-4000000.0,-4000000.0,-14192000.0,0.0,0.0,0.0,0.000548,0.000548,-0.012192,0.0,0.0,0.0,0.0,0.0,0.0,0.0,0.0,0.0,0.0,0.0,2.0,0.0,0.0,0.0,109.2,0.0,10192000.0,-7397333.33333333,0.0,0.0,0.0
93,150.4,0.000576,0.000575999999999998,-0.012304,0.0,0.0,0.0,-4000000.0,-4000000.0,-14304000.0,0.0,0.0,0.0,0.000575999999999999,0.000575999999999999,-0.012304,0.0,0.0,0.0,0.0,0.0,0.0,0.0,0.0,0.0,0.0,0.0,2.0,0.0,0.0,0.0,110.4,0.0,10304000.0,-7434666.66666667,0.0,0.0,0.0
94,151.6,0.000604000000000001,0.000603999999999999,-0.012416,0.0,0.0,0.0,-4000000.0,-4000000.0,-14416000.0,0.0,0.0,0.0,0.000604,0.000604,-0.012416,0.0,0.0,0.0,0.0,0.0,0.0,0.0,0.0,0.0,0.0,0.0,2.0,0.0,0.0,0.0,111.6,0.0,10416000.0,-7472000.0,0.0,0.0,0.0
95,152.8,0.000632000000000001,0.000631999999999999,-0.012528,0.0,0.0,0.0,-4000000.0,-4000000.0,-14528000.0,0.0,0.0,0.0,0.000632,0.000632,-0.012528,0.0,0.0,0.0,0.0,0.0,0.0,0.0,0.0,0.0,0.0,0.0,2.0,0.0,0.0,0.0,112.8,0.0,10528000.0,-7509333.33333333,0.0,0.0,0.0
96,154.0,0.000660000000000001,0.000659999999999999,-0.01264,0.0,0.0,0.0,-4000000.0,-4000000.0,-14640000.0,0.0,0.0,0.0,0.00066,0.00066,-0.01264,0.0,0.0,0.0,0.0,0.0,0.0,0.0,0.0,0.0,0.0,0.0,2.0,0.0,0.0,0.0,114.0,0.0,10640000.0,-7546666.66666667,0.0,0.0,0.0
97,155.2,0.000688,0.000687999999999999,-0.012752,0.0,0.0,0.0,-4000000.0,-4000000.0,-14752000.0,0.0,0.0,0.0,0.000687999999999999,0.000687999999999999,-0.012752,0.0,0.0,0.0,0.0,0.0,0.0,0.0,0.0,0.0,0.0,0.0,2.0,0.0,0.0,0.0,115.2,0.0,10752000.0,-7584000.0,0.0,0.0,0.0
98,156.4,0.000716,0.000715999999999999,-0.012864,0.0,0.0,0.0,-4000000.0,-4000000.0,-14864000.0,0.0,0.0,0.0,0.000715999999999999,0.000716,-0.012864,0.0,0.0,0.0,0.0,0.0,0.0,0.0,0.0,0.0,0.0,0.0,2.0,0.0,0.0,0.0,116.4,0.0,10864000.0,-7621333.33333333,0.0,0.0,0.0
99,157.6,0.000744000000000001,0.000743999999999999,-0.012976,0.0,0.0,0.0,-4000000.0,-4000000.0,-14976000.0,0.0,0.0,0.0,0.000744,0.000744,-0.012976,0.0,0.0,0.0,0.0,0.0,0.0,0.0,0.0,0.0,0.0,0.0,2.0,0.0,0.0,0.0,117.6,0.0,10976000.0,-7658666.66666667,0.0,0.0,0.0
100,158.8,0.000772000000000001,0.000771999999999999,-0.013088,0.0,0.0,0.0,-4000000.0,-4000000.0,-15088000.0,0.0,0.0,0.0,0.000772,0.000772,-0.013088,0.0,0.0,0.0,0.0,0.0,0.0,0.0,0.0,0.0,0.0,0.0,2.0,0.0,0.0,0.0,118.8,0.0,11088000.0,-7696000.0,0.0,0.0,0.0
101,160.0,0.0008,0.000799999999999999,-0.0132,0.0,0.0,0.0,-4000000.0,-4000000.0,-15200000.0,0.0,0.0,0.0,0.0008,0.0008,-0.0132,0.0,0.0,0.0,0.0,0.0,0.0,0.0,0.0,0.0,0.0,0.0,2.0,0.0,0.0,0.0,120.0,0.0,11200000.0,-7733333.33333333,0.0,0.0,0.0
102,161.2,0.000828000000000001,0.000827999999999999,-0.013312,0.0,0.0,0.0,-4000000.0,-4000000.0,-15312000.0,0.0,0.0,0.0,0.000828,0.000828,-0.013312,0.0,0.0,0.0,0.0,0.0,0.0,0.0,0.0,0.0,0.0,0.0,2.0,0.0,0.0,0.0,121.2,0.0,11312000.0,-7770666.66666667,0.0,0.0,0.0
103,162.4,0.000856,0.000855999999999998,-0.013424,0.0,0.0,0.0,-4000000.0,-4000000.0,-15424000.0,0.0,0.0,0.0,0.000855999999999999,0.000855999999999999,-0.013424,0.0,0.0,0.0,0.0,0.0,0.0,0.0,0.0,0.0,0.0,0.0,2.0,0.0,0.0,0.0,122.4,0.0,11424000.0,-7808000.0,0.0,0.0,0.0
104,163.6,0.000884000000000001,0.000883999999999999,-0.013536,0.0,0.0,0.0,-4000000.0,-4000000.0,-15536000.0,0.0,0.0,0.0,0.000884,0.000884,-0.013536,0.0,0.0,0.0,0.0,0.0,0.0,0.0,0.0,0.0,0.0,0.0,2.0,0.0,0.0,0.0,123.6,0.0,11536000.0,-7845333.33333333,0.0,0.0,0.0
105,164.8,0.000912000000000001,0.000911999999999999,-0.013648,0.0,0.0,0.0,-4000000.0,-4000000.0,-15648000.0,0.0,0.0,0.0,0.000912,0.000912,-0.013648,0.0,0.0,0.0,0.0,0.0,0.0,0.0,0.0,0.0,0.0,0.0,2.0,0.0,0.0,0.0,124.8,0.0,11648000.0,-7882666.66666667,0.0,0.0,0.0
106,166.0,0.000940000000000001,0.000939999999999999,-0.01376,0.0,0.0,0.0,-4000000.0,-4000000.0,-15760000.0,0.0,0.0,0.0,0.00094,0.00094,-0.01376,0.0,0.0,0.0,0.0,0.0,0.0,0.0,0.0,0.0,0.0,0.0,2.0,0.0,0.0,0.0,126.0,0.0,11760000.0,-7920000.0,0.0,0.0,0.0
107,167.2,0.000968,0.000967999999999999,-0.013872,0.0,0.0,0.0,-4000000.0,-4000000.0,-15872000.0,0.0,0.0,0.0,0.000968,0.000968,-0.013872,0.0,0.0,0.0,0.0,0.0,0.0,0.0,0.0,0.0,0.0,0.0,2.0,0.0,0.0,0.0,127.2,0.0,11872000.0,-7957333.33333333,0.0,0.0,0.0
108,168.4,0.000996,0.000995999999999999,-0.013984,0.0,0.0,0.0,-4000000.0,-4000000.0,-15984000.0,0.0,0.0,0.0,0.000995999999999999,0.000996,-0.013984,0.0,0.0,0.0,0.0,0.0,0.0,0.0,0.0,0.0,0.0,0.0,2.0,0.0,0.0,0.0,128.4,0.0,11984000.0,-7994666.66666667,0.0,0.0,0.0
109,169.6,0.001024,0.001024,-0.014096,0.0,0.0,0.0,-4000000.0,-4000000.0,-16096000.0,0.0,0.0,0.0,0.001024,0.001024,-0.014096,0.0,0.0,0.0,0.0,0.0,0.0,0.0,0.0,0.0,0.0,0.0,2.0,0.0,0.0,0.0,129.6,0.0,12096000.0,-8032000.0,0.0,0.0,0.0
110,170.8,0.001052,0.001052,-0.014208,0.0,0.0,0.0,-4000000.0,-4000000.0,-16208000.0,0.0,0.0,0.0,0.001052,0.001052,-0.014208,0.0,0.0,0.0,0.0,0.0,0.0,0.0,0.0,0.0,0.0,0.0,2.0,0.0,0.0,0.0,130.8,0.0,12208000.0,-8069333.33333333,0.0,0.0,0.0
111,172.0,0.00108,0.00108,-0.01432,0.0,0.0,0.0,-4000000.0,-4000000.0,-16320000.0,0.0,0.0,0.0,0.00108,0.00108,-0.01432,0.0,0.0,0.0,0.0,0.0,0.0,0.0,0.0,0.0,0.0,0.0,2.0,0.0,0.0,0.0,132.0,0.0,12320000.0,-8106666.66666667,0.0,0.0,0.0
112,173.2,0.001108,0.001108,-0.014432,0.0,0.0,0.0,-4000000.0,-4000000.0,-16432000.0,0.0,0.0,0.0,0.001108,0.001108,-0.014432,0.0,0.0,0.0,0.0,0.0,0.0,0.0,0.0,0.0,0.0,0.0,2.0,0.0,0.0,0.0,133.2,0.0,12432000.0,-8144000.0,0.0,0.0,0.0
113,174.4,0.001136,0.001136,-0.014544,0.0,0.0,0.0,-4000000.0,-4000000.0,-16544000.0,0.0,0.0,0.0,0.001136,0.001136,-0.014544,0.0,0.0,0.0,0.0,0.0,0.0,0.0,0.0,0.0,0.0,0.0,2.0,0.0,0.0,0.0,134.4,0.0,12544000.0,-8181333.33333333,0.0,0.0,0.0
114,175.6,0.001164,0.001164,-0.014656,0.0,0.0,0.0,-4000000.0,-4000000.0,-16656000.0,0.0,0.0,0.0,0.001164,0.001164,-0.014656,0.0,0.0,0.0,0.0,0.0,0.0,0.0,0.0,0.0,0.0,0.0,2.0,0.0,0.0,0.0,135.6,0.0,12656000.0,-8218666.66666667,0.0,0.0,0.0
115,176.8,0.001192,0.001192,-0.014768,0.0,0.0,0.0,-4000000.0,-4000000.0,-16768000.0,0.0,0.0,0.0,0.001192,0.001192,-0.014768,0.0,0.0,0.0,0.0,0.0,0.0,0.0,0.0,0.0,0.0,0.0,2.0,0.0,0.0,0.0,136.8,0.0,12768000.0,-8256000.0,0.0,0.0,0.0
116,178.0,0.00122,0.00122,-0.01488,0.0,0.0,0.0,-4000000.0,-4000000.0,-16880000.0,0.0,0.0,0.0,0.00122,0.00122,-0.01488,0.0,0.0,0.0,0.0,0.0,0.0,0.0,0.0,0.0,0.0,0.0,2.0,0.0,0.0,0.0,138.0,0.0,12880000.0,-8293333.33333333,0.0,0.0,0.0
117,179.2,0.001248,0.001248,-0.014992,0.0,0.0,0.0,-4000000.0,-4000000.0,-16992000.0,0.0,0.0,0.0,0.001248,0.001248,-0.014992,0.0,0.0,0.0,0.0,0.0,0.0,0.0,0.0,0.0,0.0,0.0,2.0,0.0,0.0,0.0,139.2,0.0,12992000.0,-8330666.66666667,0.0,0.0,0.0
118,180.4,0.001276,0.001276,-0.015104,0.0,0.0,0.0,-4000000.0,-4000000.0,-17104000.0,0.0,0.0,0.0,0.001276,0.001276,-0.015104,0.0,0.0,0.0,0.0,0.0,0.0,0.0,0.0,0.0,0.0,0.0,2.0,0.0,0.0,0.0,140.4,0.0,13104000.0,-8368000.0,0.0,0.0,0.0
119,181.6,0.001304,0.001304,-0.015216,0.0,0.0,0.0,-4000000.0,-4000000.0,-17216000.0,0.0,0.0,0.0,0.001304,0.001304,-0.015216,0.0,0.0,0.0,0.0,0.0,0.0,0.0,0.0,0.0,0.0,0.0,2.0,0.0,0.0,0.0,141.6,0.0,13216000.0,-8405333.33333333,0.0,0.0,0.0
120,182.8,0.001332,0.001332,-0.015328,0.0,0.0,0.0,-4000000.0,-4000000.0,-17328000.0,0.0,0.0,0.0,0.001332,0.001332,-0.015328,0.0,0.0,0.0,0.0,0.0,0.0,0.0,0.0,0.0,0.0,0.0,2.0,0.0,0.0,0.0,142.8,0.0,13328000.0,-8442666.66666667,0.0,0.0,0.0
121,184.0,0.0013623245621512,0.0013623245621512,-0.01544,0.0,0.0,0.0,-4000000.0,-4000000.0,-17437333.9026249,0.0,0.0,0.0,0.00135933347565624,0.00135933347565624,-0.0154373339026249,0.0,0.0,0.0,2.99108649496066e-06,2.99108649496066e-06,-2.66609737505357e-06,0.0,0.0,0.0,6.2454933051248e-06,0.0,2.0,1.0,3.31607561486774e-06,0.0,144.0,1.0,13374807.1335353,-8492375.60333445,699.785759781437,0.0,0.0
122,185.2,0.00139274385706976,0.00139274385706976,-0.015552,0.0,0.0,0.0,-4000000.0,-4000000.0,-17546559.1539143,0.0,0.0,0.0,0.00138663978847857,0.00138663978847857,-0.0155465591539143,0.0,0.0,0.0,6.10406859118336e-06,6.10406859118336e-06,-5.44084608570136e-06,0.0,0.0,0.0,1.27455088926673e-05,0.0,2.0,1.0,6.76729109666536e-06,0.0,145.2,1.0,13418957.4653803,-8542588.88235809,2914.37858444192,0.0,0.0
123,186.4,0.00142316315198832,0.00142316315198832,-0.015664,0.0,0.0,0.0,-4000000.0,-4000000.0,-17655784.4052037,0.0,0.0,0.0,0.00141394610130091,0.00141394610130091,-0.0156557844052037,0.0,0.0,0.0,9.21705068740618e-06,9.21705068740618e-06,-8.21559479634926e-06,0.0,0.0,0.0,1.92455244802101e-05,0.0,2.0,1.0,1.02185065784631e-05,0.0,146.4,1.0,13463107.7972253,-8592802.16138174,6644.94068027947,0.0,0.0
124,187.6,0.00145358244690688,0.00145358244690688,-0.015776,0.0,0.0,0.0,-4000000.0,-4000000.0,-17765009.656493,0.0,0.0,0.0,0.00144125241412325,0.00144125241412325,-0.015765009656493,0.0,0.0,0.0,1.23300327836289e-05,1.23300327836289e-05,-1.09903435069971e-05,0.0,0.0,0.0,2.57455400677527e-05,0.0,2.0,1.0,1.36697220602607e-05,0.0,147.6,1.0,13507258.1290703,-8643015.44040538,11891.4720472938,0.0,0.0
125,188.8,0.00148400174182544,0.00148400174182544,-0.015888,0.0,0.0,0.0,-4000000.0,-4000000.0,-17874234.9077824,0.0,0.0,0.0,0.00146855872694559,0.00146855872694559,-0.0158742349077824,0.0,0.0,0.0,1.54430148798515e-05,1.54430148798515e-05,-1.37650922176448e-05,0.0,0.0,0.0,3.2245555655295e-05,0.0,2.0,1.0,1.71209375420582e-05,0.0,148.8,1.0,13551408.4609153,-8693228.71942902,18653.9726854848,0.0,0.0
126,190.0,0.001514421036744,0.001514421036744,-0.016,0.0,0.0,0.0,-4000000.0,-4000000.0,-17983460.1590717,0.0,0.0,0.0,0.00149586503976793,0.00149586503976793,-0.0159834601590717,0.0,0.0,0.0,1.85559969760745e-05,1.85559969760745e-05,-1.65398409282928e-05,0.0,0.0,0.0,3.87455712428382e-05,0.0,2.0,1.0,2.05721530238562e-05,0.0,150.0,1.0,13595558.7927603,-8743441.99845266,26932.4425948539,0.0,0.0
127,191.2,0.00154484033166256,0.00154484033166256,-0.016112,0.0,0.0,0.0,-4000000.0,-4000000.0,-18092685.4103611,0.0,0.0,0.0,0.00152317135259026,0.00152317135259026,-0.0160926854103611,0.0,0.0,0.0,2.16689790722971e-05,2.16689790722971e-05,-1.93145896389405e-05,0.0,0.0,0.0,4.52455868303805e-05,0.0,2.0,1.0,2.40233685056537e-05,0.0,151.2,1.0,13639709.1246053,-8793655.2774763,36726.8817753986,0.0,0.0
128,192.4,0.00157525962658113,0.00157525962658112,-0.016224,0.0,0.0,0.0,-4000000.0,-4000000.0,-18201910.6616504,0.0,0.0,0.0,0.0015504776654126,0.0015504776654126,-0.0162019106616504,0.0,0.0,0.0,2.478196116852e-05,2.478196116852e-05,-2.20893383495885e-05,0.0,0.0,0.0,5.17456024179235e-05,0.0,2.0,1.0,2.74745839874515e-05,0.0,152.4,1.0,13683859.4564503,-8843868.55649994,48037.2902271214,0.0,0.0
129,193.6,0.00160567892149969,0.00160567892149968,-0.016336,0.0,0.0,0.0,-4000000.0,-4000000.0,-18311135.9129398,0.0,0.0,0.0,0.00157778397823494,0.00157778397823494,-0.0163111359129398,0.0,0.0,0.0,2.78949432647425e-05,2.78949432647425e-05,-2.48640870602361e-05,0.0,0.0,0.0,5.82456180054656e-05,0.0,2.0,1.0,3.09257994692489e-05,0.0,153.6,1.0,13728009.7882953,-8894081.83552358,60863.6679500196,0.0,0.0
130,194.8,0.00163609821641825,0.00163609821641824,-0.016448,0.0,0.0,0.0,-4000000.0,-4000000.0,-18420361.1642291,0.0,0.0,0.0,0.00160509029105728,0.00160509029105728,-0.0164203611642291,0.0,0.0,0.0,3.10079253609655e-05,3.10079253609655e-05,-2.76388357708841e-05,0.0,0.0,0.0,6.47456335930087e-05,0.0,2.0,1.0,3.43770149510468e-05,0.0,154.8,1.0,13772160.1201403,-8944295.11454722,75206.0149440966,0.0,0.0
131,196.0,0.00166680911123151,0.00166680911123151,-0.01656,0.0,0.0,0.0,-4000000.00000121,-4000000.00000121,-18529251.9724442,0.0,0.0,0.0,0.00163231299311015,0.00163231299311015,-0.0165292519724436,0.0,0.0,0.0,3.44961181204694e-05,3.44961181204694e-05,-3.0748027556365e-05,0.0,0.0,0.0,7.20291021798151e-05,2.26759561102314e-06,5.0,1.0,3.82442086845739e-05,0.0,156.0,1.0,13816175.2655472,-8994354.64264647,90000.0000000027,0.0,0.0
132,197.2,0.00170237948175669,0.00170237948175669,-0.016672,0.0,0.0,0.0,-4000000.0,-4000000.0,-18632569.3287153,0.0,0.0,0.0,0.00165814233217881,0.00165814233217881,-0.0166325693287153,0.0,0.0,0.0,4.42371495769807e-05,4.42371495769807e-05,-3.94306712847472e-05,0.0,0.0,0.0,9.23687168479797e-05,4.24898290664066e-05,5.0,1.0,4.90436278692141e-05,0.0,157.2,1.0,13857937.5458882,-9041851.93083882,90000.0000000203,0.0,0.0
133,198.4,0.00173913554429615,0.00173913554429615,-0.016784,0.0,0.0,0.0,-4000000.0,-4000000.0,-18734526.7857184,0.0,0.0,0.0,0.0016836316964296,0.0016836316964296,-0.0167345267857184,0.0,0.0,0.0,5.55038478656554e-05,5.55038478656554e-05,-4.94732142816027e-05,0.0,0.0,0.0,0.000115893977268008,9.28387327110718e-05,5.0,1.0,6.15344814497081e-05,0.0,158.4,1.0,13899150.1364534,-9088724.04307115,90000.0000000048,0.0,0.0
134,199.6,0.00177712266396691,0.00177712266396691,-0.016896,0.0,0.0,0.0,-4000000.0,-4000000.0,-18835072.313088,0.0,0.0,0.0,0.001708768078272,0.001708768078272,-0.016835072313088,0.0,0.0,0.0,6.8354585694019e-05,6.8354585694019e-05,-6.0927686912008e-05,0.0,0.0,0.0,0.000142726767696563,0.000154579088676462,5.0,1.0,7.578148447603e-05,0.0,159.6,1.0,13939792.0058608,-9134947.05982589,90000.0000000012,0.0,0.0
135,200.8,0.00181637827563755,0.00181637827563755,-0.017008,0.0,0.0,0.0,-4000000.0,-4000000.0,-18934162.9758546,0.0,0.0,0.0,0.00173354074396366,0.00173354074396366,-0.0169341629758546,0.0,0.0,0.0,8.28375316729945e-05,8.28375316729945e-05,-7.38370241453658e-05,0.0,0.0,0.0,0.000172967665879403,0.000228961488423417,5.0,1.0,9.18380392006232e-05,0.0,160.8,1.0,13979845.7992121,-9180501.242942,90000.0000000003,0.0,0.0
136,202.0,0.00185693250169948,0.00185693250169947,-0.01712,0.0,0.0,0.0,-4000000.0,-4000000.0,-19031764.2259084,0.0,0.0,0.0,0.00175794105647711,0.00175794105647711,-0.0170317642259084,0.0,0.0,0.0,9.89914452214742e-05,9.89914452214742e-05,-8.82357740915824e-05,0.0,0.0,0.0,0.00020669760283996,0.000317211957226945,5.0,1.0,0.000109747116351366,0.0,162.0,1.0,14019297.5516915,-9225370.70988444,90000.0000000001,0.0,0.0
137,203.2,0.00189880881271561,0.00189880881271561,-0.017232,0.0,0.0,0.0,-4000000.0,-4000000.0,-19127849.1442848,0.0,0.0,0.0,0.00178196228607119,0.00178196228607119,-0.0171278491442848,0.0,0.0,0.0,0.000116846526643519,0.000116846526643519,-0.000104150855715228,0.0,0.0,0.0,0.00024397963787028,0.000420523827165782,5.0,1.0,0.000129542197571811,0.0,163.2,1.0,14058136.3822873,-9269543.08540605,90000.0,0.0,0.0
138,204.4,0.00194202470505666,0.00194202470505666,-0.017344,0.0,0.0,0.0,-4000000.0,-4000000.0,-19222397.6639668,0.0,0.0,0.0,0.00180559941599169,0.00180559941599169,-0.0172223976639668,0.0,0.0,0.0,0.000136425289064065,0.000136425289064065,-0.000121602336033219,0.0,0.0,0.0,0.000284860779163306,0.000540051698801078,5.0,1.0,0.000151248242094911,0.0,164.4,1.0,14096354.1796385,-9313009.14425253,90000.0,0.0,0.0
139,205.6,0.00198659237444831,0.00198659237444831,-0.017456,0.0,0.0,0.0,-4000000.0,-4000000.0,-19315395.7973774,0.0,0.0,0.0,0.00182884894934434,0.00182884894934434,-0.0173153957973774,0.0,0.0,0.0,0.000157743425103064,0.000157743425103064,-0.000140604202622623,0.0,0.0,0.0,0.000329373793458822,0.000676907282580757,5.0,1.0,0.000174882647583506,0.0,165.6,1.0,14133945.2897763,-9355762.4560234,90000.0,0.0,0.0
140,206.8,0.00203251936907014,0.00203251936907014,-0.017568,0.0,0.0,0.0,-4000000.0,-4000000.0,-19406834.8873242,0.0,0.0,0.0,0.00185170872183104,0.00185170872183104,-0.0174068348873242,0.0,0.0,0.0,0.000180810647238197,0.000180810647238197,-0.000161165112675832,0.0,0.0,0.0,0.000377538960750212,0.000832156884562224,5.0,1.0,0.000200456181800562,0.0,166.8,1.0,14170906.2133457,-9397799.0408146,90000.0,0.0,0.0
141,208.0,0.00207980921019384,0.00207980921019384,-0.01768,0.0,0.0,0.0,-4000000.0,-4000000.0,-19496710.8951742,0.0,0.0,0.0,0.00187417772379356,0.00187417772379356,-0.0174967108951742,0.0,0.0,0.0,0.000205631486399383,0.000205631486399383,-0.00018328910482576,0.0,0.0,0.0,0.000429365741777755,0.00100682029286159,6.0,1.0,0.000227973867973006,0.0,168.0,1.0,14207235.3178764,-9439117.04197673,90000.0000000083,0.0,0.0
142,209.2,0.0021284619721613,0.0021284619721613,-0.017792,0.0,0.0,0.0,-4000000.0,-4000000.0,-19585023.7356631,0.0,0.0,0.0,0.00189625593391576,0.00189625593391576,-0.0175850237356631,0.0,0.0,0.0,0.000232206038244641,0.000232206038244641,-0.000206976264336939,0.0,0.0,0.0,0.000484854336278741,0.00120187082676995,5.0,1.0,0.000257435812152342,0.0,169.2,1.0,14242932.5689033,-9479716.42031176,90000.0,0.0,0.0
143,210.4,0.00217847481670877,0.00217847481670877,-0.017904,0.0,0.0,0.0,-4000000.0,-4000000.0,-19671776.664065,0.0,0.0,0.0,0.00191794416601625,0.00191794416601625,-0.017671776664065,0.0,0.0,0.0,0.000260530650691629,0.000260530650691629,-0.000232223335935021,0.0,0.0,0.0,0.000543997118577403,0.00141823632553271,6.0,1.0,0.000288837965448238,0.0,170.4,1.0,14277999.2822526,-9519598.67234178,90000.0000000019,0.0,0.0
144,211.6,0.00222984247920055,0.00222984247920055,-0.018016,0.0,0.0,0.0,-4000000.0,-4000000.0,-19756975.7185199,0.0,0.0,0.0,0.00193924392962997,0.00193924392962997,-0.0177569757185199,0.0,0.0,0.0,0.000290598549569681,0.000290598549569681,-0.000259024281480129,0.0,0.0,0.0,0.000606779943968252,0.00165680087383102,4.0,1.0,0.000322172817659234,0.0,171.6,1.0,14312437.898464,-9558766.57396771,90000.0000469465,0.0,0.0
145,212.8,0.00228255770659814,0.00228255770659814,-0.018128,0.0,0.0,0.0,-4000000.0,-4000000.0,-19840629.2177156,0.0,0.0,0.0,0.00196015730442889,0.00196015730442889,-0.0178406292177156,0.0,0.0,0.0,0.000322400402168357,0.000322400402168357,-0.000287370782284441,0.0,0.0,0.0,0.000673183325425198,0.00191840709209433,4.0,1.0,0.000357430022052272,0.0,172.8,1.0,14346251.7804319,-9597223.94939746,90000.0000308921,0.0,0.0
146,214.0,0.00233661164771266,0.00233661164771265,-0.01824,0.0,0.0,0.0,-4000000.0,-4000000.0,-19922747.3132978,0.0,0.0,0.0,0.00198068682832445,0.00198068682832445,-0.0179227473132978,0.0,0.0,0.0,0.000355924819387309,0.000355924819387309,-0.000317252686702195,0.0,0.0,0.0,0.000743183482108039,0.00220385882295068,4.0,1.0,0.000394596952072423,0.0,174.0,1.0,14379445.0313632,-9634975.46561658,90000.000020656,0.0,0.0
147,215.2,0.0023919941987045,0.0023919941987045,-0.018352,0.0,0.0,0.0,-4000000.0,-4000000.0,-20003341.5936082,0.0,0.0,0.0,0.00200083539840204,0.00200083539840204,-0.0180033415936082,0.0,0.0,0.0,0.000391158800301558,0.000391158800301558,-0.000348658406391824,0.0,0.0,0.0,0.000816753267630318,0.00251392410729425,4.0,1.0,0.000433659194211293,0.0,175.2,1.0,14412022.3354293,-9672026.45004229,90000.0000140237,0.0,0.0
148,216.4,0.00244869430607535,0.00244869430607535,-0.018464,0.0,0.0,0.0,-4000000.0,-4000000.0,-20082424.7361751,0.0,0.0,0.0,0.00202060618404378,0.00202060618404378,-0.0180824247361751,0.0,0.0,0.0,0.000428088122030671,0.000428088122030671,-0.000381575263824858,0.0,0.0,0.0,0.000893862984119813,0.00284933832681812,4.0,1.0,0.000474600980236483,0.0,176.4,1.0,14443988.8170635,-9708382.73081578,90000.00000966,0.0,0.0
149,217.6,0.00250670023070762,0.00250670023070762,-0.018576,0.0,0.0,0.0,-4000000.0,-4000000.0,-20160010.2048807,0.0,0.0,0.0,0.00204000255122019,0.00204000255122019,-0.0181600102048807,0.0,0.0,0.0,0.000466697679486541,0.000466697679486541,-0.000415989795119256,0.0,0.0,0.0,0.000974481091623801,0.00321080743508275,4.0,1.0,0.000517405563853825,0.0,177.6,1.0,14475349.9185525,-9744050.49758275,90000.000006747,0.0,0.0
150,218.8,0.00256599977638438,0.00256599977638438,-0.018688,0.0,0.0,0.0,-4000000.0,-4000000.0,-20236111.9878655,0.0,0.0,0.0,0.00205902799696637,0.00205902799696637,-0.0182361119878655,0.0,0.0,0.0,0.000506971779417115,0.000506971779417115,-0.000451888012134529,0.0,0.0,0.0,0.00105857482208265,0.00359901120861647,4.0,1.0,0.000562055546699701,0.0,178.8,1.0,14506111.2940943,-9779036.1810024,90000.000004775,0.0,0.0
151,220.0,0.00262658048630033,0.00262658048630033,-0.0188,0.0,0.0,0.0,-4000000.0,-4000000.0,-20310744.372145,0.0,0.0,0.0,0.00207768609303625,0.00207768609303625,-0.018310744372145,0.0,0.0,0.0,0.000548894393263184,0.000548894393263184,-0.000489255627855003,0.0,0.0,0.0,0.00114611070730365,0.00401460646636186,4.0,1.0,0.000608533158671365,0.0,180.0,1.0,14536278.7186961,-9813346.34913358,90000.0000034225,0.0,0.0
152,221.2,0.00268842981098663,0.00268842981098662,-0.018912,0.0,0.0,0.0,-4000000.0,-4000000.0,-20383921.7510131,0.0,0.0,0.0,0.00209598043775327,0.00209598043775327,-0.0183839217510131,0.0,0.0,0.0,0.000592449373232452,0.000592449373232452,-0.000528078248986895,0.0,0.0,0.0,0.00123705503013123,0.00445823021886456,4.0,1.0,0.000656820497478009,0.0,181.2,1.0,14565858.0103236,-9846987.61889367,90000.0000024829,0.0,0.0
153,222.4,0.00275153525090521,0.00275153525090521,-0.019024,0.0,0.0,0.0,-4000000.0,-4000000.0,-20455658.4604967,0.0,0.0,0.0,0.00211391461512418,0.00211391461512418,-0.0184556584604967,0.0,0.0,0.0,0.000637620635780133,0.000637620635780133,-0.000568341539503277,0.0,0.0,0.0,0.00133137420756086,0.00493050271943789,4.0,1.0,0.000706899732056989,0.0,182.4,1.0,14594854.9637942,-9879966.58087321,90000.0000018222,0.0,0.0
154,223.6,0.0028158844767512,0.0028158844767512,-0.019136,0.0,0.0,0.0,-4000000.0,-4000000.0,-20525968.6413782,0.0,0.0,0.0,0.00213149216034454,0.00213149216034454,-0.0185259686413782,0.0,0.0,0.0,0.000684392316405767,0.000684392316405767,-0.000610031358621827,0.0,0.0,0.0,0.00142903511396025,0.00543203039836246,4.0,1.0,0.000758753274189707,0.0,183.6,1.0,14623275.2950049,-9912289.73590452,90000.0000013523,0.0,0.0
155,224.8,0.00288146543025674,0.00288146543025674,-0.019248,0.0,0.0,0.0,-4000000.0,-4000000.0,-20594866.1235808,0.0,0.0,0.0,0.0021487165308952,0.0021487165308952,-0.0185948661235808,0.0,0.0,0.0,0.000732748899360649,0.000732748899360649,-0.000653133876419216,0.0,0.0,0.0,0.00153000535190297,0.00596340866825011,4.0,1.0,0.000812363922302083,0.0,184.8,1.0,14651124.5941987,-9943963.4419111,90000.0000010143,0.0,0.0
156,226.0,0.00294826640803343,0.00294826640803343,-0.01936,0.0,0.0,0.0,-4000000.0,-4000000.0,-20662364.3300079,0.0,0.0,0.0,0.00216559108250197,0.00216559108250197,-0.0186623643300079,0.0,0.0,0.0,0.000782675325530564,0.000782675325530564,-0.000697635669992112,0.0,0.0,0.0,0.00163425347743139,0.00652522459426778,4.0,1.0,0.000867714981069017,0.0,186.0,1.0,14678408.2870961,-9974993.86970033,90000.0000007685,0.0,0.0
157,227.2,0.00301627613073488,0.00301627613073488,-0.019472,0.0,0.0,0.0,-4000000.0,-4000000.0,-20728476.1972186,0.0,0.0,0.0,0.00218211904930466,0.00218211904930466,-0.0187284761972186,0.0,0.0,0.0,0.000834157081429327,0.000834157081429327,-0.000743523802781346,0.0,0.0,0.0,0.0017417491858783,0.007118059427217,4.0,1.0,0.000924790360077308,0.0,187.2,1.0,14705131.6028301,-10005386.9664964,90000.0000005881,0.0,0.0
158,228.4,0.0030854837995733,0.0030854837995733,-0.019584,0.0,0.0,0.0,-4000000.0,-4000000.0,-20793214.1106078,0.0,0.0,0.0,0.00219830352765195,0.00219830352765195,-0.0187932141106078,0.0,0.0,0.0,0.000887180271920459,0.000887180271920459,-0.000790785889392196,0.0,0.0,0.0,0.00185246346371234,0.00774249100071192,4.0,1.0,0.000983574654448723,0.0,188.4,1.0,14731299.5477458,-10035148.4261408,90000.0000004542,0.0,0.0
159,229.6,0.00315587914199081,0.00315587914199081,-0.019696,0.0,0.0,0.0,-4000000.0,-4000000.0,-20856589.852024,0.0,0.0,0.0,0.00221414746300601,0.00221414746300601,-0.018856589852024,0.0,0.0,0.0,0.000941731678983906,0.000941731678983906,-0.000839410147975947,0.0,0.0,0.0,0.00196636871124494,0.00839909599608512,4.0,1.0,0.00104405320999186,0.0,189.6,1.0,14756916.8842268,-10064283.6650118,90000.0000003541,0.0,0.0
160,230.8,0.00322745244806943,0.00322745244806943,-0.019808,0.0,0.0,0.0,-4000000.0,-4000000.0,-20918614.5580106,0.0,0.0,0.0,0.00222965363950265,0.00222965363950265,-0.0189186145580106,0.0,0.0,0.0,0.000997798808565889,0.000997798808565889,-0.000889385441989396,0.0,0.0,0.0,0.00208343884045444,0.00908845208033821,4.0,1.0,0.00110621217514238,0.0,190.8,1.0,14781988.1138153,-10092797.802826,90000.0000002784,0.0,0.0
161,232.0,0.00330019459906536,0.00330019459906536,-0.01992,0.0,0.0,0.0,-4000000.0,-4000000.0,-20979298.6870785,0.0,0.0,0.0,0.00224482467176962,0.00224482467176962,-0.0189792986870785,0.0,0.0,0.0,0.00105536992729485,0.00105536992729485,-0.000940701312921505,0.0,0.0,0.0,0.0022036493516503,0.00981113992358366,4.0,1.0,0.00117003854166819,0.0,192.0,1.0,14806517.4639836,-10120695.6475937,90000.0000002207,0.0,0.0
162,233.2,0.00337409708927361,0.00337409708927361,-0.020032,0.0,0.0,0.0,-4000000.0,-4000000.0,-21038651.9946295,0.0,0.0,0.0,0.00225966299865737,0.00225966299865737,-0.0190386519946295,0.0,0.0,0.0,0.00111443409061534,0.00111443409061534,-0.00099334800537049,0.0,0.0,0.0,0.00232697739221765,0.0105677451031102,4.0,1.0,0.0012355201758602,0.0,193.2,1.0,14830508.8779979,-10147981.6840903,90000.0000001765,0.0,0.0
163,234.4,0.00344915204226789,0.00344915204226789,-0.020144,0.0,0.0,0.0,-4000000.0,-4000000.0,-21096683.5143302,0.0,0.0,0.0,0.00227417087858256,0.00227417087858256,-0.0190966835143302,0.0,0.0,0.0,0.00117498116368443,0.00117498116368443,-0.00104731648566975,0.0,0.0,0.0,0.00245340180024964,0.0113588599015451,4.0,1.0,0.00130264584169911,0.0,194.4,1.0,14853966.0073891,-10174660.0652933,90000.0000001421,0.0,0.0
164,235.6,0.00352535222241698,0.00352535222241698,-0.020256,0.0,0.0,0.0,-4000000.0,-4000000.0,-21153401.5449037,0.0,0.0,0.0,0.00228835038622592,0.00228835038622592,-0.0191534015449037,0.0,0.0,0.0,0.00123700183619016,0.00123700183619016,-0.0011025984550963,0.0,0.0,0.0,0.00258290313548902,0.0121850850066566,4.0,1.0,0.00137140521728402,0.0,195.6,1.0,14876892.2066138,-10200734.6063105,90000.0000001153,0.0,0.0
165,236.8,0.00360269104245159,0.00360269104245158,-0.020368,0.0,0.0,0.0,-4000000.0,-4000000.0,-21208813.6414507,0.0,0.0,0.0,0.00230220341036266,0.00230220341036266,-0.0192088136414507,0.0,0.0,0.0,0.00130048763208802,0.00130048763208802,-0.00115918635854933,0.0,0.0,0.0,0.00271546369965814,0.0130470311202093,4.0,1.0,0.00144178890562672,0.0,196.8,1.0,14899290.5295465,-10226208.7803897,90000.0000000942,0.0,0.0
166,238.0,0.00368116256774304,0.00368116256774304,-0.02048,0.0,0.0,0.0,-4000000.0,-4000000.0,-21262926.6105424,0.0,0.0,0.0,0.00231573165263561,0.00231573165263561,-0.0192629266105424,0.0,0.0,0.0,0.00136543091510654,0.00136543091510654,-0.00121707338945758,0.0,0.0,0.0,0.00285106754795485,0.0139453204829901,4.0,1.0,0.00151378844075551,0.0,198.0,1.0,14921163.7274959,-10251085.7166634,90000.0000000775,0.0,0.0
167,239.2,0.00376076151785675,0.00376076151785675,-0.020592,0.0,0.0,0.0,-4000000.0,-4000000.0,-21315746.508439,0.0,0.0,0.0,0.00232893662710974,0.00232893662710974,-0.019315746508439,0.0,0.0,0.0,0.00143182489074612,0.00143182489074612,-0.00127625349156103,0.0,0.0,0.0,0.00298970049322614,0.014880588322722,4.0,1.0,0.0015873962899312,0.0,199.2,1.0,14942514.2484847,-10275368.199329,90000.0000000642,0.0,0.0
168,240.4,0.00384148326585652,0.00384148326585652,-0.020704,0.0,0.0,0.0,-4000000.0,-4000000.0,-21367278.641887,0.0,0.0,0.0,0.00234181966047174,0.00234181966047174,-0.019367278641887,0.0,0.0,0.0,0.00149966360538389,0.00149966360538389,-0.00133672135811303,0.0,0.0,0.0,0.00313135010409907,0.0158534842310876,4.0,1.0,0.00166260585265474,0.0,200.4,1.0,14963344.237572,-10299058.668016,90000.0000000536,0.0,0.0
169,241.6,0.00392332383575991,0.00392332383575991,-0.020816,0.0,0.0,0.0,-4000000.0,-4000000.0,-21417527.5710383,0.0,0.0,0.0,0.00235438189275956,0.00235438189275956,-0.0194175275710383,0.0,0.0,0.0,0.00156894194299945,0.00156894194299945,-0.00139847242896174,0.0,0.0,0.0,0.00327600569814396,0.016864673475528,4.0,1.0,0.00173941145703716,0.0,201.6,1.0,14983655.5380332,-10322159.2191279,90000.0000000449,0.0,0.0
170,242.8,0.00400627989847871,0.00400627989847871,-0.020928,0.0,0.0,0.0,-4000000.0,-4000000.0,-21466497.1141058,0.0,0.0,0.0,0.00236662427852645,0.00236662427852645,-0.0194664971141058,0.0,0.0,0.0,0.00163965561995137,0.00163965561995137,-0.0014615028858942,0.0,0.0,0.0,0.00342365833096753,0.0179148382508817,4.0,1.0,0.00181780835400853,0.0,202.8,1.0,15003449.693242,-10344671.6079819,90000.0000000379,0.0,0.0
171,244.0,0.00409034876652046,0.00409034876652046,-0.02104,0.0,0.0,0.0,-4000000.0,-4000000.0,-21514190.3534406,0.0,0.0,0.0,0.00237854758836015,0.00237854758836015,-0.0195141903534406,0.0,0.0,0.0,0.00171180117815941,0.00171180117815941,-0.00152580964655937,0.0,0.0,0.0,0.00357430078197721,0.0190046788752902,4.0,1.0,0.00189779270975945,0.0,204.0,1.0,15022727.9491264,-10366597.2516036,90000.0000000322,0.0,0.0
172,245.2,0.00417552838767606,0.00417552838767606,-0.021152,0.0,0.0,0.0,-4000000.0,-4000000.0,-21560609.6427718,0.0,0.0,0.0,0.00239015241069294,0.00239015241069294,-0.0195606096427717,0.0,0.0,0.0,0.00178537597698222,0.00178537597698222,-0.00159139035722824,0.0,0.0,0.0,0.00372792753742141,0.0201349149341316,4.0,1.0,0.0019793615967362,0.0,205.2,1.0,15041491.2570958,-10387937.2320546,90000.0000000274,0.0,0.0
173,246.4,0.00426181733787424,0.00426181733787424,-0.021264,0.0,0.0,0.0,-4000000.0,-4000000.0,-21605756.6154014,0.0,0.0,0.0,0.00240143915385036,0.00240143915385036,-0.0196057566154014,0.0,0.0,0.0,0.00186037818402299,0.00186037818402299,-0.00165824338459857,0.0,0.0,0.0,0.00388453477119145,0.0213062863750594,4.0,1.0,0.00206251298344741,0.0,206.4,1.0,15059740.2773532,-10408692.3002001,90000.0000000236,0.0,0.0
174,247.6,0.00434921481334443,0.00434921481334443,-0.021376,0.0,0.0,0.0,-4000000.0,-4000000.0,-21649632.1931939,0.0,0.0,0.0,0.00241240804829847,0.00241240804829847,-0.0196496321931939,0.0,0.0,0.0,0.00193680676504507,0.00193680676504507,-0.00172636780680613,0.0,0.0,0.0,0.004044120323765,0.0225195545565163,4.0,1.0,0.00214724572328401,0.0,207.6,1.0,15077475.3825287,-10428862.8798418,90000.0000000203,0.0,0.0
175,248.8,0.00443772062219468,0.00443772062219468,-0.021488,0.0,0.0,0.0,-4000000.0,-4000000.0,-21692236.5962346,0.0,0.0,0.0,0.00242305914905866,0.00242305914905866,-0.0196922365962346,0.0,0.0,0.0,0.00201466147313513,0.00201466147313513,-0.00179576340376535,0.0,0.0,0.0,0.00420668367957839,0.0237755032513662,4.0,1.0,0.00223355954250491,0.0,208.8,1.0,15094696.6615837,-10448449.0721578,90000.0000000176,0.0,0.0
176,250.0,0.00452733517548108,0.00452733517548108,-0.0216,0.0,0.0,0.0,-4000000.0,-4000000.0,-21733569.3530734,0.0,0.0,0.0,0.00243339233826836,0.00243339233826836,-0.0197335693530734,0.0,0.0,0.0,0.00209394283721182,0.00209394283721182,-0.00186643064692654,0.0,0.0,0.0,0.00437222594303228,0.0250749396065447,4.0,1.0,0.0023214550274971,0.0,210.0,1.0,15111403.9239517,-10467450.6604121,90000.0000000153,0.0,0.0
177,251.2,0.00461805947781719,0.00461805947781719,-0.021712,0.0,0.0,0.0,-4000000.0,-4000000.0,-21773629.3114943,0.0,0.0,0.0,0.00244340732787358,0.00244340732787358,-0.0197736293114943,0.0,0.0,0.0,0.00217465214994273,0.00217465214994273,-0.00193837068850567,0.0,0.0,0.0,0.00454074981326182,0.0264186950588526,4.0,1.0,0.00241093361137978,0.0,211.2,1.0,15127596.7038913,-10485867.1149051,90000.0000000134,0.0,0.0
178,252.4,0.0047098951175476,0.0047098951175476,-0.021824,0.0,0.0,0.0,-4000000.0,-4000000.0,-21812414.6497859,0.0,0.0,0.0,0.00245310366244647,0.00245310366244647,-0.0198124146497859,0.0,0.0,0.0,0.00225679145510024,0.00225679145510024,-0.00201158535021409,0.0,0.0,0.0,0.00471225955773532,0.0278076262062227,4.0,1.0,0.00250199755998638,0.0,212.4,1.0,15143274.2650421,-10503697.5981557,90000.0000000117,0.0,0.0
179,253.6,0.00480284425648671,0.00480284425648671,-0.021936,0.0,0.0,0.0,-4000000.0,-4000000.0,-21849922.8885102,0.0,0.0,0.0,0.00246248072212754,0.00246248072212754,-0.0198499228885102,0.0,0.0,0.0,0.00234036353435827,0.00234036353435827,-0.0020860771114898,0.0,0.0,0.0,0.00488676098468529,0.0292426156329587,4.0,1.0,0.00259464995722674,0.0,213.6,1.0,15158435.6051814,-10520940.9703111,90000.0000000104,0.0,0.0
180,254.8,0.00489690961920367,0.00489690961920367,-0.022048,0.0,0.0,0.0,-4000000.0,-4000000.0,-21886150.902792,0.0,0.0,0.0,0.00247153772569799,0.00247153772569799,-0.019886150902792,0.0,0.0,0.0,0.00242537189350478,0.00242537189350478,-0.00216184909720802,0.0,0.0,0.0,0.00506426141431969,0.0307245726865752,4.0,1.0,0.00268889468980154,0.0,214.8,1.0,15173079.4611922,-10537595.7947966,90000.0000000092,0.0,0.0
181,256.0,0.00499209448181436,0.00499209448181436,-0.02216,0.0,0.0,0.0,-4000000.0,-4000000.0,-21921094.9351735,0.0,0.0,0.0,0.00248027373379338,0.00248027373379338,-0.0199210949351735,0.0,0.0,0.0,0.00251182074802008,0.00251182074802008,-0.00223890506482646,0.0,0.0,0.0,0.00524476964870898,0.0322544342029572,4.0,1.0,0.0027847364312137,0.0,216.0,1.0,15187204.314259,-10553660.3442252,90000.0000000081,0.0,0.0
182,257.2,0.00508840266022361,0.00508840266022361,-0.022272,0.0,0.0,0.0,-4000000.0,-4000000.0,-21954750.6091,0.0,0.0,0.0,0.002488687652275,0.002488687652275,-0.0199547506091,0.0,0.0,0.0,0.0025997150079477,0.0025997150079477,-0.00231724939089998,0.0,0.0,0.0,0.00542829594019595,0.0338331651755962,4.0,1.0,0.00288218062499543,0.0,217.2,1.0,15200808.3953189,-10569132.6065972,90000.0000000073,0.0,0.0
183,258.4,0.00518583849774288,0.00518583849774287,-0.022384,0.0,0.0,0.0,-4000000.0,-4000000.0,-21987112.9431209,0.0,0.0,0.0,0.00249677823578022,0.00249677823578022,-0.0199871129431209,0.0,0.0,0.0,0.00268906026196175,0.00268906026196175,-0.00239688705687911,0.0,0.0,0.0,0.00561485195812773,0.0354617593636411,4.0,1.0,0.0029812334670444,0.0,218.4,1.0,15213889.6908017,-10584010.291829,90000.0000000065,0.0,0.0
184,259.6,0.00528440685199204,0.00528440685199204,-0.022496,0.0,0.0,0.0,-4000000.0,-4000000.0,-22018176.3659127,0.0,0.0,0.0,0.00250454409147818,0.00250454409147818,-0.0200181763659127,0.0,0.0,0.0,0.00277986276051295,0.00277986276051295,-0.00247782363408726,0.0,0.0,0.0,0.00580445075366425,0.0371412398324212,4.0,1.0,0.00308190188693863,0.0,219.6,1.0,15226445.9487028,-10598290.8386592,90000.0000000058,0.0,0.0
185,260.8,0.00538411308097701,0.00538411308097701,-0.022608,0.0,0.0,0.0,-4000000.0,-4000000.0,-22047934.7322471,0.0,0.0,0.0,0.00251198368306177,0.00251198368306177,-0.0200479347322471,0.0,0.0,0.0,0.00287212939791434,0.00287212939791434,-0.00256006526775292,0.0,0.0,0.0,0.00599710672237249,0.0388726594189511,4.0,1.0,0.00318419352807575,0.0,220.8,1.0,15238474.6850373,-10611971.4219894,90000.0000000053,0.0,0.0
186,262.0,0.00548496302821887,0.00548496302821887,-0.02272,0.0,0.0,0.0,-4000000.0,-4000000.0,-22076381.3400462,0.0,0.0,0.0,0.00251909533501155,0.00251909533501155,-0.0200763813400462,0.0,0.0,0.0,0.00296586769320642,0.00296586769320642,-0.00264361865995381,0.0,0.0,0.0,0.0061928355642722,0.0406571011137005,4.0,1.0,0.00328811672645903,0.0,222.0,1.0,15249973.1907342,-10625048.9607255,90000.0000000048,0.0,0.0
187,263.2,0.00558696300679323,0.00558696300679323,-0.022832,0.0,0.0,0.0,-4000000.0,-4000000.0,-22103508.9486887,0.0,0.0,0.0,0.00252587723717218,0.00252587723717218,-0.0201035089486887,0.0,0.0,0.0,0.00306108576962014,0.00306108576962014,-0.00272849105131125,0.0,0.0,0.0,0.00639165424095396,0.0424956783486038,4.0,1.0,0.00339368048792903,0.0,223.2,1.0,15260938.5390359,-10637520.1261926,90000.0000000043,0.0,0.0
188,264.4,0.00569011978212258,0.00569011978212258,-0.022944,0.0,0.0,0.0,-4000000.0,-4000000.0,-22129309.7987456,0.0,0.0,0.0,0.00253232744968641,0.00253232744968641,-0.0201293097987456,0.0,0.0,0.0,0.00315779233243527,0.00315779233243527,-0.00281469020125434,0.0,0.0,0.0,0.00659358092934664,0.0443895351798971,4.0,1.0,0.00350089446361619,0.0,224.4,1.0,15271367.5934757,-10649381.3512084,90000.0000000039,0.0,0.0
189,265.6,0.00579444055334737,0.00579444055334737,-0.023056,0.0,0.0,0.0,-4000000.0,-4000000.0,-22153775.6333461,0.0,0.0,0.0,0.00253844390833652,0.00253844390833652,-0.0201537756333461,0.0,0.0,0.0,0.00325599664500993,0.00325599664500993,-0.0029022243666539,0.0,0.0,0.0,0.00679863497166632,0.0463398463528811,4.0,1.0,0.00360976892336597,0.0,225.6,1.0,15281257.0165141,-10660628.8399057,90000.0000000036,0.0,0.0
190,266.8,0.00589993293308474,0.00589993293308474,-0.023168,0.0,0.0,0.0,-4000000.0,-4000000.0,-22176897.7213926,0.0,0.0,0.0,0.00254422443034816,0.00254422443034816,-0.0201768977213926,0.0,0.0,0.0,0.00335570850273567,0.00335570850273567,-0.00299110227860736,0.0,0.0,0.0,0.00700683682103339,0.0483478172341369,4.0,1.0,0.00372031472686399,0.0,226.8,1.0,15290603.2789227,-10671258.5784047,90000.0000000032,0.0,0.0
191,268.0,0.00600660492536699,0.00600660492536699,-0.02328,0.0,0.0,0.0,-4000000.0,-4000000.0,-22198666.8828642,0.0,0.0,0.0,0.00254966672071605,0.00254966672071605,-0.0201986668828642,0.0,0.0,0.0,0.00345693820465003,0.00345693820465003,-0.00308133311713578,0.0,0.0,0.0,0.00721820798219875,0.0504146835950499,4.0,1.0,0.00383254329216428,0.0,228.0,1.0,15299402.6700124,-10681266.3464453,90000.000000003,0.0,0.0
192,269.2,0.0061144649015341,0.00611446490153409,-0.023392,0.0,0.0,0.0,-4000000.0,-4000000.0,-22219073.5164656,0.0,0.0,0.0,0.0025547683791164,0.0025547683791164,-0.0202190735164656,0.0,0.0,0.0,0.00355969652241679,0.00355969652241679,-0.00317292648353439,0.0,0.0,0.0,0.00743277094677349,0.0525417112287289,4.0,1.0,0.00394646656129919,0.0,229.2,1.0,15307651.3088088,-10690647.7300985,90000.0000000027,0.0,0.0
193,270.4,0.0062235215738381,0.0062235215738381,-0.023504,0.0,0.0,0.0,-4000000.0,-4000000.0,-22238107.6299011,0.0,0.0,0.0,0.00255952690747528,0.00255952690747528,-0.0202381076299011,0.0,0.0,0.0,0.00366399466636192,0.00366399466636192,-0.00326589237009887,0.0,0.0,0.0,0.0076505491223106,0.0547301953805666,4.0,1.0,0.00406209696262496,0.0,230.4,1.0,15315345.1562904,-10699398.1356835,90000.0000000025,0.0,0.0
194,271.6,0.00633378396649908,0.00633378396649908,-0.023616,0.0,0.0,0.0,-4000000.0,-4000000.0,-22255758.8730713,0.0,0.0,0.0,0.00256393971826783,0.00256393971826783,-0.0202557588730713,0.0,0.0,0.0,0.00376984424823035,0.00376984424823035,-0.00336024112692867,0.0,0.0,0.0,0.00787156675453999,0.0569814599707346,4.0,1.0,0.00417944736953202,0.0,231.6,1.0,15322480.0288061,-10707512.8050292,90000.0000000023,0.0,0.0
195,272.8,0.0064452613839363,0.0064452613839363,-0.023728,0.0,0.0,0.0,-4000000.0,-4000000.0,-22272016.5745094,0.0,0.0,0.0,0.00256800414362735,0.00256800414362735,-0.0202720165745094,0.0,0.0,0.0,0.00387725724030805,0.00387725724030805,-0.00345598342549058,0.0,0.0,0.0,0.00809584884201387,0.0592968565849211,4.0,1.0,0.00429853105512552,0.0,232.8,1.0,15329051.6128039,-10714986.8322249,90000.0000000021,0.0,0.0
196,274.0,0.00655796337588132,0.00655796337588132,-0.02384,0.0,0.0,0.0,-4000000.0,-4000000.0,-22286869.7813939,0.0,0.0,0.0,0.00257171744534848,0.00257171744534848,-0.0202868697813939,0.0,0.0,0.0,0.00398624593053194,0.00398624593053194,-0.00355313021860606,0.0,0.0,0.0,0.00832342104237467,0.0616777632075453,4.0,1.0,0.00441936164245783,0.0,234.0,1.0,15335055.4810044,-10721815.1820148,90000.000000002,0.0,0.0
197,275.2,0.00667189969906459,0.00667189969906459,-0.023952,0.0,0.0,0.0,-4000000.0,-4000000.0,-22300307.3034913,0.0,0.0,0.0,0.00257507682587282,0.00257507682587282,-0.0203003073034913,0.0,0.0,0.0,0.00409682287319087,0.00409682287319087,-0.00365169269650869,0.0,0.0,0.0,0.00855430956941694,0.0641255826696022,4.0,1.0,0.00454195304987305,0.0,235.2,1.0,15340487.1101631,-10727992.7099994,90000.0000000018,0.0,0.0
198,276.4,0.0067870802751532,0.0067870802751532,-0.024064,0.0,0.0,0.0,-4000000.0,-4000000.0,-22312317.761398,0.0,0.0,0.0,0.00257807944034951,0.00257807944034951,-0.020312317761398,0.0,0.0,0.0,0.00420900083480279,0.00420900083480279,-0.00375168223860193,0.0,0.0,0.0,0.00878854108007709,0.0666417407812026,4.0,1.0,0.00466631943100365,0.0,236.4,1.0,15345341.9005704,-10733514.1848136,90000.0000000016,0.0,0.0
199,277.6,0.00690351514460527,0.00690351514460526,-0.024176,0.0,0.0,0.0,-4000000.0,-4000000.0,-22322889.6394664,0.0,0.0,0.0,0.0025807224098666,0.0025807224098666,-0.0203228896394664,0.0,0.0,0.0,0.00432279273473777,0.00432279273473777,-0.00385311036053359,0.0,0.0,0.0,0.00902614255045205,0.0692276841168206,4.0,1.0,0.00479247510894195,0.0,237.6,1.0,15349615.1974449,-10738374.3124579,90000.0000000015,0.0,0.0
200,278.8,0.00702121441609706,0.00702121441609706,-0.024288,0.0,0.0,0.0,-4000000.00000001,-4000000.00000001,-22332011.3438074,0.0,0.0,0.0,0.00258300283595186,0.00258300283595186,-0.0203320113438074,0.0,0.0,0.0,0.00443821158014429,0.00443821158014429,-0.00395598865619254,0.0,0.0,0.0,0.00926714113992319,0.0718848774193007,4.0,1.0,0.00492043450409605,0.0,238.8,1.0,15353302.3143789,-10742567.7629636,90000.0000000014,0.0,0.0
201,280.0,0.00714018821117321,0.00714018821117321,-0.0244,0.0,0.0,0.0,-4000000.0,-4000000.0,-22339671.2657733,0.0,0.0,0.0,0.00258491781644332,0.00258491781644332,-0.0203396712657733,0.0,0.0,0.0,0.00455527039472897,0.00455527039472897,-0.00406032873422669,0.0,0.0,0.0,0.0095115640424458,0.0746148005868687,4.0,1.0,0.00505021205523126,0.0,240.0,1.0,15356398.5589991,-10746089.1995767,90000.0000000013,0.0,0.0
202,281.2,0.00726044660376826,0.00726044660376826,-0.024512,0.0,0.0,0.0,-4000000.0,-4000000.0,-22345857.8513212,0.0,0.0,0.0,0.00258646446283029,0.00258646446283029,-0.0203458578513212,0.0,0.0,0.0,0.00467398214093706,0.00467398214093706,-0.00416614214867881,0.0,0.0,0.0,0.00975943832405931,0.0774189452057879,4.0,1.0,0.00518182213319531,0.0,241.2,1.0,15358899.2610044,-10748933.3106468,90000.0000000012,0.0,0.0
203,282.4,0.00738199955425224,0.00738199955425224,-0.024624,0.0,0.0,0.0,-4000000.0,-4000000.0,-22350559.6766583,0.0,0.0,0.0,0.00258763991916458,0.00258763991916458,-0.0203505596766583,0.0,0.0,0.0,0.00479435963508676,0.00479435963508676,-0.00427344032334168,0.0,0.0,0.0,0.0100107907456848,0.080298810590033,4.0,1.0,0.00531527894683184,0.0,242.4,1.0,15360799.8027423,-10751094.8444019,90000.0000000011,0.0,0.0
204,283.6,0.00750485683766261,0.00750485683766261,-0.024736,0.0,0.0,0.0,-4000000.0,-4000000.0,-22353765.5305544,0.0,0.0,0.0,0.00258844138263859,0.00258844138263859,-0.0203537655305543,0.0,0.0,0.0,0.00491641545502311,0.00491641545502311,-0.00438223446944564,0.0,0.0,0.0,0.010265647570303,0.0832558992884691,4.0,1.0,0.00545059644060059,0.0,243.6,1.0,15362095.6524811,-10752568.64679,90000.000000001,0.0,0.0
205,284.8,0.00762902796580398,0.00762902796580398,-0.024848,0.0,0.0,0.0,-4000000.0,-4000000.0,-22355464.5036872,0.0,0.0,0.0,0.00258886612592179,0.00258886612592179,-0.0203554645036872,0.0,0.0,0.0,0.00504016183988129,0.00504016183988129,-0.00449253549631283,0.0,0.0,0.0,0.0105240343536565,0.0862917120196941,4.0,1.0,0.00558778818344975,0.0,244.8,1.0,15362782.4005245,-10753349.7025528,90000.0000000009,0.0,0.0
206,286.0,0.00775452210292455,0.00775452210292454,-0.02496,0.0,0.0,0.0,-4000000.0,-4000000.0,-22355646.0853556,0.0,0.0,0.0,0.0025889115213389,0.0025889115213389,-0.0203556460853556,0.0,0.0,0.0,0.00516561058158474,0.00516561058158474,-0.00460435391464437,0.0,0.0,0.0,0.0107859757176944,0.0894077419950188,4.0,1.0,0.00572686724852511,0.0,246.0,1.0,15362855.7983041,-10753433.1796873,90000.0000000009,0.0,0.0
207,287.2,0.00788134797471708,0.00788134797471708,-0.025072,0.0,0.0,0.0,-4000000.0,-4000000.0,-22354300.2678485,0.0,0.0,0.0,0.00258857506696213,0.00258857506696213,-0.0203543002678485,0.0,0.0,0.0,0.00529277290775405,0.00529277290775405,-0.00471769973215145,0.0,0.0,0.0,0.0110514951060814,0.0926054685912141,4.0,1.0,0.00586784608335665,0.0,247.2,1.0,15362311.8005669,-10752814.4774257,90000.0000000008,0.0,0.0
208,288.4,0.00800951377044455,0.00800951377044455,-0.025184,0.0,0.0,0.0,-4000000.0,-4000000.0,-22351417.6586993,0.0,0.0,0.0,0.00258785441467482,0.00258785441467482,-0.0203514176586993,0.0,0.0,0.0,0.00542165935576883,0.00542165935576883,-0.00483258234130071,0.0,0.0,0.0,0.011320614521235,0.0958863503367874,4.0,1.0,0.00601073637023695,0.0,248.4,1.0,15361146.6107503,-10751489.2778421,90000.0000000007,0.0,0.0
209,289.6,0.00813902703805634,0.00813902703805634,-0.025296,0.0,0.0,0.0,-4000000.0,-4000000.0,-22346989.6009795,0.0,0.0,0.0,0.00258674740024487,0.00258674740024487,-0.0203469896009795,0.0,0.0,0.0,0.00555227963781057,0.00555227963781057,-0.00494901039902053,0.0,0.0,0.0,0.0115933542425301,0.0992518171788695,4.0,1.0,0.00615554887660062,0.0,249.6,1.0,15359356.7296061,-10749453.6011538,90000.0000000007,0.0,0.0
210,290.8,0.00826989457224428,0.00826989457224427,-0.025408,0.0,0.0,0.0,-4000000.0,-4000000.0,-22341008.3016903,0.0,0.0,0.0,0.00258525207542257,0.00258525207542257,-0.0203410083016903,0.0,0.0,0.0,0.00568464249682081,0.00568464249682081,-0.00506699169830971,0.0,0.0,0.0,0.0118697325255348,0.102703262002473,4.0,1.0,0.00630229329533192,0.0,250.8,1.0,15356939.0070981,-10746703.8647459,90000.0000000007,0.0,0.0
211,292.0,0.00840212229548852,0.00840212229548851,-0.02552,0.0,0.0,0.0,-4000000.0,-4000000.0,-22333466.9681939,0.0,0.0,0.0,0.00258336674204848,0.00258336674204848,-0.0203334669681939,0.0,0.0,0.0,0.00581875555343914,0.00581875555343914,-0.00518653303180606,0.0,0.0,0.0,0.0121497652824112,0.106242031380161,4.0,1.0,0.00645097807507222,0.0,252.0,1.0,15353890.6975498,-10743236.9458916,90000.0000000006,0.0,0.0
212,293.2,0.00853571513226361,0.00853571513226361,-0.025632,0.0,0.0,0.0,-4000000.0,-4000000.0,-22324359.9524897,0.0,0.0,0.0,0.00258108998812242,0.00258108998812242,-0.0203243599524897,0.0,0.0,0.0,0.0059546251441403,0.0059546251441403,-0.00530764004751031,0.0,0.0,0.0,0.0124334657439404,0.109869415538192,4.0,1.0,0.00660161024077029,0.0,253.2,1.0,15350209.5179626,-10739050.2480792,90000.0000000005,0.0,0.0
213,294.4,0.00867067687671733,0.00867067687671733,-0.025744,0.0,0.0,0.0,-4000000.0,-4000000.0,-22313682.9029764,0.0,0.0,0.0,0.00257842072574409,0.00257842072574409,-0.0203136829029764,0.0,0.0,0.0,0.00609225615097233,0.00609225615097233,-0.00543031709702362,0.0,0.0,0.0,0.0127208441040096,0.11358663753525,4.0,1.0,0.00675419520492105,0.0,254.4,1.0,15345893.70936,-10734141.7707809,90000.0000000005,0.0,0.0
214,295.6,0.00880701005429737,0.00880701005429736,-0.025856,0.0,0.0,0.0,-4000000.0,-4000000.0,-22301432.9231561,0.0,0.0,0.0,0.00257535823078901,0.00257535823078901,-0.0203014329231561,0.0,0.0,0.0,0.00623165182350744,0.00623165182350744,-0.00555456707684394,0.0,0.0,0.0,0.0130119071478394,0.11739484166203,4.0,1.0,0.00690873657017096,0.0,255.6,1.0,15340942.1009381,-10728510.182412,90000.0000000005,0.0,0.0
215,296.8,0.008944715777987,0.008944715777987,-0.025968,0.0,0.0,0.0,-4000000.0,-4000000.0,-22287608.7365209,0.0,0.0,0.0,0.00257190218413022,0.00257190218413022,-0.0202876087365209,0.0,0.0,0.0,0.00637281359385587,0.00637281359385587,-0.0056803912634791,0.0,0.0,0.0,0.013306657865726,0.121295081084418,4.0,1.0,0.00706523592423264,0.0,256.8,1.0,15335354.1767152,-10722154.8961334,90000.0000000004,0.0,0.0
216,298.0,0.00908379360001767,0.00908379360001766,-0.02608,0.0,0.0,0.0,-4000000.0,-4000000.0,-22272210.8566276,0.0,0.0,0.0,0.00256805271415691,0.00256805271415691,-0.0202722108566276,0.0,0.0,0.0,0.00651574088585984,0.00651574088585984,-0.00580778914337235,0.0,0.0,0.0,0.0136050950546319,0.12528830476988,4.0,1.0,0.00722369262834734,0.0,258.0,1.0,15329130.144278,-10715076.1480388,90000.0000000003,0.0,0.0
217,299.2,0.00922424136015275,0.00922424136015275,-0.026192,0.0,0.0,0.0,-4000000.0,-4000000.0,-22255241.7611047,0.0,0.0,0.0,0.00256381044027617,0.00256381044027617,-0.0202552417611047,0.0,0.0,0.0,0.00666043091987566,0.00666043091987566,-0.0059367582388953,0.0,0.0,0.0,0.0139072129105637,0.129375343755897,4.0,1.0,0.00738410360085603,0.0,259.2,1.0,15322271.0051173,-10707275.0771489,90000.0000000003,0.0,0.0
218,300.4,0.00936605503188206,0.00936605503188205,-0.026304,0.0,0.0,0.0,-4000000.0,-4000000.0,-22236706.0680554,0.0,0.0,0.0,0.00255917651701385,0.00255917651701385,-0.0202367060680554,0.0,0.0,0.0,0.00680687851486728,0.00680687851486728,-0.00606729393194459,0.0,0.0,0.0,0.0142130006153368,0.133556896840914,4.0,1.0,0.00754646309778998,0.0,260.4,1.0,15314778.6259336,-10698753.8065087,90000.0000000003,0.0,0.0
219,301.6,0.00950922856812329,0.00950922856812329,-0.026416,0.0,0.0,0.0,-4000000.0,-4000000.0,-22216610.7130268,0.0,0.0,0.0,0.0025541526782567,0.0025541526782567,-0.0202166107130268,0.0,0.0,0.0,0.00695507588986566,0.00695507588986566,-0.00619938928697316,0.0,0.0,0.0,0.0145224419220154,0.137833515801985,4.0,1.0,0.00771076249275815,0.0,261.6,1.0,15306655.8101691,-10689515.5245435,90000.0000000002,0.0,0.0
220,302.8,0.00965375374829227,0.00965375374829227,-0.026528,0.0,0.0,0.0,-4000000.0,-4000000.0,-22194965.1244087,0.0,0.0,0.0,0.00254874128110218,0.00254874128110218,-0.0201949651244087,0.0,0.0,0.0,0.00710501246718917,0.00710501246718917,-0.00633303487559128,0.0,0.0,0.0,0.0148355147440301,0.142205590268856,4.0,1.0,0.00787699005878706,0.0,262.8,1.0,15297906.3689072,-10679564.565694,90000.0000000003,0.0,0.0
221,304.0,0.00979962002886914,0.00979962002886914,-0.02664,0.0,0.0,0.0,-4000000.0,-4000000.0,-22171781.3948227,0.0,0.0,0.0,0.00254294534870567,0.00254294534870567,-0.0201717813948227,0.0,0.0,0.0,0.00725667468016255,0.00725667468016255,-0.00646821860517729,0.0,0.0,0.0,0.015152190753688,0.146673332411173,4.0,1.0,0.0080451307551478,0.0,264.0,1.0,15288535.19015,-10668906.4892074,90000.0000000002,0.0,0.0
222,305.2,0.00994681439984448,0.00994681439984448,-0.026752,0.0,0.0,0.0,-4000000.0,-4000000.0,-22147074.4457679,0.0,0.0,0.0,0.00253676861144197,0.00253676861144197,-0.0201470744457679,0.0,0.0,0.0,0.00741004578840158,0.00741004578840158,-0.00660492555423212,0.0,0.0,0.0,0.0154724349964808,0.151236761623048,4.0,1.0,0.00821516602257105,0.0,265.2,1.0,15278548.3053704,-10657548.1548289,90000.0000000002,0.0,0.0
223,306.4,0.0100953212496661,0.0100953212496661,-0.026864,0.0,0.0,0.0,-4000000.0,-4000000.0,-22120862.1825165,0.0,0.0,0.0,0.00253021554562912,0.00253021554562912,-0.0201208621825165,0.0,0.0,0.0,0.00756510570403607,0.00756510570403607,-0.00674313781748349,0.0,0.0,0.0,0.0157962055282324,0.155895689416726,4.0,1.0,0.00838707359058865,0.0,266.4,1.0,15267952.952123,-10645497.7940108,90000.0000000002,0.0,0.0
224,307.6,0.0102451222415133,0.0102451222415133,-0.026976,0.0,0.0,0.0,-4000000.0,-4000000.0,-22093165.6360183,0.0,0.0,0.0,0.00252329140900457,0.00252329140900457,-0.0200931656360183,0.0,0.0,0.0,0.00772183083250781,0.00772183083250781,-0.0068828343639817,0.0,0.0,0.0,0.0161234530826793,0.160649704763362,4.0,1.0,0.00856082730103392,0.0,267.6,1.0,15256757.6314034,-10632765.0751488,90000.0000000001,0.0,0.0
225,308.8,0.010396196203884,0.010396196203884,-0.027088,0.0,0.0,0.0,-4000000.0,-4000000.0,-22064009.0883884,0.0,0.0,0.0,0.0025160022720971,0.0025160022720971,-0.0200640090883884,0.0,0.0,0.0,0.00788019393178601,0.00788019393178601,-0.00702399091161157,0.0,0.0,0.0,0.0164541207775076,0.165498160142901,4.0,1.0,0.00873639695196046,0.0,268.8,1.0,15244972.158373,-10619361.1612715,90000.0000000001,0.0,0.0
226,310.0,0.010548519038582,0.010548519038582,-0.0272,0.0,0.0,0.0,-4000000.0,-4000000.0,-22033420.1784396,0.0,0.0,0.0,0.00250835504460989,0.00250835504460989,-0.0200334201784396,0.0,0.0,0.0,0.00804016399397123,0.00804016399397123,-0.00716657982156041,0.0,0.0,0.0,0.0167881438671379,0.1704401585853,4.0,1.0,0.00891374816638204,0.0,270.0,1.0,15232607.7050156,-10605298.7585564,90000.0000000001,0.0,0.0
227,311.2,0.0107020636492159,0.0107020636492159,-0.027312,0.0,0.0,0.0,-4000000.0,-4000000.0,-22001429.983688,0.0,0.0,0.0,0.002500357495922,0.002500357495922,-0.020001429983688,0.0,0.0,0.0,0.00820170615329294,0.00820170615329294,-0.00731057001631196,0.0,0.0,0.0,0.0171254495506208,0.175474542000556,4.0,1.0,0.00909284229027392,0.0,271.2,1.0,15219676.8332859,-10590592.1540293,90000.0000000001,0.0,0.0
228,312.4,0.0108567998932614,0.0108567998932614,-0.027424,0.0,0.0,0.0,-4000000.0,-4000000.0,-21968073.0753343,0.0,0.0,0.0,0.00249201826883359,0.00249201826883359,-0.0199680730753343,0.0,0.0,0.0,0.00836478162442692,0.00836478162442692,-0.00745592692466564,0.0,0.0,0.0,0.0174659568428416,0.18059988110362,4.0,1.0,0.0092736363241882,0.0,272.4,1.0,15206193.5173333,-10575257.2408407,90000.0000000001,0.0,0.0
229,313.6,0.0110126945605786,0.0110126945605786,-0.027536,0.0,0.0,0.0,-4000000.0,-4000000.0,-21933387.5429032,0.0,0.0,0.0,0.00248334688572581,0.00248334688572581,-0.0199333875429032,0.0,0.0,0.0,0.00852934767485183,0.00852934767485183,-0.00760261245709675,0.0,0.0,0.0,0.0178095765168,0.185814467240967,4.0,1.0,0.00945608289260692,0.0,273.6,1.0,15192173.1534616,-10559311.5295927,90000.0000000001,0.0,0.0
230,314.8,0.0111697113810044,0.0111697113810044,-0.027648,0.0,0.0,0.0,-4000000.0,-4000000.0,-21897414.9855345,0.0,0.0,0.0,0.00247435374638363,0.00247435374638363,-0.0198974149855345,0.0,0.0,0.0,0.00869535763461986,0.00869535763461986,-0.00775058501446544,0.0,0.0,0.0,0.0181562111240111,0.191116306417105,4.0,1.0,0.00964013025477428,0.0,274.8,1.0,15177632.5566088,-10542774.1443359,90000.0000000001,0.0,0.0
231,316.0,0.0113278110632641,0.0113278110632641,-0.02776,0.0,0.0,0.0,-4000000.0,-4000000.0,-21860200.4673556,0.0,0.0,0.0,0.00246505011683889,0.00246505011683889,-0.0198602004673556,0.0,0.0,0.0,0.00886276094642432,0.00886276094642432,-0.0078997995326444,0.0,0.0,0.0,0.018505755099049,0.196503115800568,4.0,1.0,0.00982572236020424,0.0,276.0,1.0,15162589.942308,-10525665.8020525,90000.0,0.0,0.0
232,317.2,0.0114869513669463,0.0114869513669463,-0.027872,0.0,0.0,0.0,-4000000.0,-4000000.0,-21821792.4349308,0.0,0.0,0.0,0.00245544810873271,0.00245544810873271,-0.0198217924349308,0.0,0.0,0.0,0.00903150325821264,0.00903150325821264,-0.00805020756506916,0.0,0.0,0.0,0.0188580949529251,0.201972322959416,4.0,1.0,0.0100127989513561,0.0,277.2,1.0,15147064.8933194,-10508008.7747064,90000.0,0.0,0.0
233,318.4,0.0116470872086886,0.0116470872086886,-0.027984,0.0,0.0,0.0,-4000000.0,-4000000.0,-21782242.5954747,0.0,0.0,0.0,0.00244556064886867,0.00244556064886867,-0.0197822425954747,0.0,0.0,0.0,0.00920152655981901,0.00920152655981901,-0.00820175740452529,0.0,0.0,0.0,0.0192131095583826,0.207521068035713,4.0,1.0,0.0102012957151127,0.0,278.4,1.0,15131078.310402,-10489826.8332551,90000.0,0.0,0.0
234,319.6,0.0118081708030256,0.0118081708030256,-0.028096,0.0,0.0,0.0,-4000000.0,-4000000.0,-21741605.7553102,0.0,0.0,0.0,0.00243540143882755,0.00243540143882755,-0.0197416057553102,0.0,0.0,0.0,0.00937276936419718,0.00937276936419718,-0.00835439424468977,0.0,0.0,0.0,0.0195706705283166,0.213146209017315,4.0,1.0,0.0103911444837046,0.0,279.6,1.0,15114652.347017,-10471145.173385,90000.0,0.0,0.0
235,320.8,0.0119701518375765,0.0119701518375765,-0.028208,0.0,0.0,0.0,-4000000.0,-4000000.0,-21699939.6189417,0.0,0.0,0.0,0.00242498490473541,0.00242498490473541,-0.0196999396189417,0.0,0.0,0.0,0.00954516693284019,0.00954516693284019,-0.00850806038105832,0.0,0.0,0.0,0.0199306426864584,0.218844330204422,5.0,1.0,0.0105822734846221,0.0,280.8,1.0,15097810.3281093,-10451990.3231411,90000.0000000308,0.0,0.0
236,322.0,0.0121329776814358,0.0121329776814358,-0.02832,0.0,0.0,0.0,-4000000.0,-4000000.0,-21657304.550046,0.0,0.0,0.0,0.0024143261375115,0.0024143261375115,-0.019657304550046,0.0,0.0,0.0,0.00971865154392337,0.00971865154392337,-0.00866269544995396,0.0,0.0,0.0,0.0202928846272674,0.224611753900221,4.0,1.0,0.0107746076378928,0.0,282.0,1.0,15080576.6534992,-10432390.0330489,90000.0,0.0,0.0
237,323.2,0.0122965936247713,0.0122965936247712,-0.028432,0.0,0.0,0.0,-4000000.0,-4000000.0,-21613763.2966724,0.0,0.0,0.0,0.0024034408241681,0.0024034408241681,-0.0196137632966724,0.0,0.0,0.0,0.00989315280060224,0.00989315280060224,-0.00881823670332758,0.0,0.0,0.0,0.0206572493596681,0.230444555278102,5.0,1.0,0.0109680688978769,0.0,283.2,1.0,15062976.6867998,-10412373.1497836,90000.0000000236,0.0,0.0
238,324.4,0.0124609431468372,0.0124609431468372,-0.028544,0.0,0.0,0.0,-4000000.0,-4000000.0,-21569380.683851,0.0,0.0,0.0,0.00239234517096276,0.00239234517096276,-0.019569380683851,0.0,0.0,0.0,0.0100685979758735,0.0100685979758735,-0.00897461931614893,0.0,0.0,0.0,0.0210235850271319,0.23633858030505,4.0,1.0,0.0111625766355981,0.0,284.4,1.0,15045036.6311712,-10391969.4748541,90000.0,0.0,0.0
239,325.6,0.0126259682087829,0.0126259682087829,-0.028656,0.0,0.0,0.0,-4000000.0,-4000000.0,-21524223.2777641,0.0,0.0,0.0,0.00238105581944103,0.00238105581944103,-0.0195242232777641,0.0,0.0,0.0,0.010244912389341,0.010244912389341,-0.00913177672223586,0.0,0.0,0.0,0.0213917356943771,0.242289466516013,5.0,1.0,0.0113580480564461,0.0,285.6,1.0,15026783.3935683,-10371209.6102161,90000.0000000179,0.0,0.0
240,326.8,0.0127916095669954,0.0127916095669954,-0.028768,0.0,0.0,0.0,-4000000.0,-4000000.0,-21478359.0263651,0.0,0.0,0.0,0.00236958975659128,0.00236958975659128,-0.0194783590263651,0.0,0.0,0.0,0.0104220198104032,0.0104220198104032,-0.00928964097363484,0.0,0.0,0.0,0.0217615421892397,0.248292666367699,4.0,1.0,0.0115543986471716,0.0,286.8,1.0,15008244.4394788,-10350124.7930559,90000.0,0.0,0.0
241,328.0,0.0129578071020852,0.0129578071020852,-0.02888,0.0,0.0,0.0,-4000000.0,-4000000.0,-21431856.8820573,0.0,0.0,0.0,0.00235796422051433,0.00235796422051433,-0.0194318568820573,0.0,0.0,0.0,0.0105998428815699,0.0105998428815699,-0.00944814311794267,0.0,0.0,0.0,0.0221328429865718,0.254343472824622,5.0,1.0,0.0117515426451971,0.0,288.0,1.0,14989447.640401,-10328746.7223281,90000.0000000133,0.0,0.0
242,329.2,0.0131245001582363,0.0131245001582363,-0.028992,0.0,0.0,0.0,-4000000.0,-4000000.0,-21384786.4124842,0.0,0.0,0.0,0.00234619660312105,0.00234619660312105,-0.0193847864124842,0.0,0.0,0.0,0.0107783035551144,0.0107783035551144,-0.00960721358751577,0.0,0.0,0.0,0.0225054751199881,0.260437046779007,4.0,1.0,0.011949393522713,0.0,289.2,1.0,14970421.116523,-10307107.3798267,90000.0,0.0,0.0
243,330.4,0.0132916278873357,0.0132916278873357,-0.029104,0.0,0.0,0.0,-4000000.0,-4000000.0,-21337217.4058401,0.0,0.0,0.0,0.00233430435146002,0.00233430435146002,-0.0193372174058401,0.0,0.0,0.0,0.0109573235358748,0.0109573235358748,-0.00976678259415989,0.0,0.0,0.0,0.0228792751064501,0.26656844585402,4.0,1.0,0.0121478644775897,0.0,290.4,1.0,14951193.0771816,-10285238.8487379,90000.0,0.0,0.0
244,331.6,0.0134591295922378,0.0134591295922378,-0.029216,0.0,0.0,0.0,-4000000.0,-4000000.0,-21289219.4771706,0.0,0.0,0.0,0.00232230486929266,0.00232230486929266,-0.0192892194771706,0.0,0.0,0.0,0.0111368247229442,0.0111368247229442,-0.00992678052282934,0.0,0.0,0.0,0.02325407986853,0.272732654113345,4.0,1.0,0.0123468689230591,0.0,291.6,1.0,14931791.6617248,-10263173.1326477,90000.0,0.0,0.0
245,332.8,0.0136269450635901,0.0136269450635901,-0.029328,0.0,0.0,0.0,-4000000.00000058,-4000000.00000058,-21240861.6820615,0.0,0.0,0.0,0.00231021542051494,0.00231021542051494,-0.0192408616820612,0.0,0.0,0.0,0.0113167296430726,0.0113167296430726,-0.0100871383179388,0.0,0.0,0.0,0.0236297276393698,0.278924612179961,5.0,1.0,0.0125463209682065,0.0,292.8,1.0,14912244.7833597,-10240941.9779459,90000.000000007,0.0,0.0
246,334.0,0.0137950149049261,0.0137950149049261,-0.02944,0.0,0.0,0.0,-4000000.0,-4000000.0,-21192212.1437742,0.0,0.0,0.0,0.00229805303594355,0.00229805303594355,-0.0191922121437742,0.0,0.0,0.0,0.0114969618689801,0.0114969618689801,-0.0102477878562258,0.0,0.0,0.0,0.0240060588361336,0.285139247269882,4.0,1.0,0.0127461358817343,0.0,294.0,1.0,14892579.9784346,-10218576.7024113,90000.0,0.0,0.0
247,335.2,0.0139632808411363,0.0139632808411363,-0.029552,0.0,0.0,0.0,-4000000.0,-4000000.0,-21143337.6994636,0.0,0.0,0.0,0.0022858344248659,0.0022858344248659,-0.0191433376994636,0.0,0.0,0.0,0.0116774464162679,0.0116774464162679,-0.0104086623005364,0.0,0.0,0.0,0.0243829168887722,0.2913715026589,4.0,1.0,0.0129462305319994,0.0,295.2,1.0,14872824.2634367,-10196108.0325724,90000.0,0.0,0.0
248,336.4,0.0141316860060297,0.0141316860060297,-0.029664,0.0,0.0,0.0,-4000000.00000002,-4000000.00000002,-21094303.5703596,0.0,0.0,0.0,0.00227357589258988,0.00227357589258988,-0.0190943035703596,0.0,0.0,0.0,0.0118581101134372,0.0118581101134372,-0.0105696964296404,0.0,0.0,0.0,0.0247601490126347,0.297616366134804,5.0,1.0,0.0131465237972341,0.0,296.4,1.0,14853004.0016738,-10173565.9520799,90000.0000000042,0.0,0.0
249,337.6,0.01430017520524,0.01430017520524,-0.029776,0.0,0.0,0.0,-4000000.00000004,-4000000.00000004,-21045173.0602355,0.0,0.0,0.0,0.00226129326505886,0.00226129326505886,-0.0190451730602355,0.0,0.0,0.0,0.0120388819401784,0.0120388819401784,-0.0107308269397644,0.0,0.0,0.0,0.0251376069148281,0.303868897012001,3.0,1.0,0.0133469369405923,0.0,297.6,1.0,14833144.7813222,-10150979.5631021,90000.0000042949,0.0,0.0
250,338.8,0.0144686951520244,0.0144686951520244,-0.029888,0.0,0.0,0.0,-4000000.0,-4000000.0,-20996007.284964,0.0,0.0,0.0,0.002249001821241,0.002249001821241,-0.018996007284964,0.0,0.0,0.0,0.0122196933307807,0.0122196933307807,-0.010891992715036,0.0,0.0,0.0,0.0255151474277485,0.310124251443041,3.0,1.0,0.0135473939465254,0.0,298.8,1.0,14813271.3064552,-10128376.9619222,90000.0000001722,0.0,0.0
251,340.0,0.0146371946725164,0.0146371946725164,-0.03,0.0,0.0,0.0,-3999999.99999994,-3999999.99999994,-20946864.9371083,0.0,0.0,0.0,0.00223671623427712,0.00223671623427712,-0.0189468649371083,0.0,0.0,0.0,0.0124004784382367,0.0124004784382367,-0.0110531350628917,0.0,0.0,0.0,0.0258926330605397,0.316377705464581,3.0,1.0,0.0137478218135818,0.0,300.0,1.0,14793407.301182,-10105785.1308649,90000.0000013306,0.0,0.0
