,INST,EPXX,EPYY,EPZZ,EPXY,EPXZ,EPYZ,SIXX,SIYY,SIZZ,SIXY,SIXZ,SIYZ,EPXX_EL,EPYY_EL,EPZZ_EL,EPXY_EL,EPXZ_EL,EPYZ_EL,LAMBDA,NITER,IP,EVP,TIME,C3T,E_STORED,E_DISSIPATED
0,0.0,0.0,0.0,0.0,0.0,0.0,0.0,0.0,0.0,0.0,0.0,0.0,0.0,0.0,0.0,0.0,0.0,0.0,0.0,0.0,0.0,0.0,0.0,0.0,0.0,0.0,0.0
1,40.0,-0.000222222222222222,-0.000222222222222222,-0.000222222222222222,0.0,0.0,0.0,-4000000.0,-4000000.0,-4000000.0,0.0,0.0,0.0,-0.000222222222222222,-0.000222222222222222,-0.000222222222222222,0.0,0.0,0.0,0.0,2.0,0.0,0.0,40.0,29.999999994283,0.0,0.0
2,41.2,-0.000192444444444444,-0.000192444444444444,-0.000341333333333333,0.0,0.0,0.0,-4000000.0,-4000000.0,-5072000.0,0.0,0.0,0.0,-0.000192444444444444,-0.000192444444444444,-0.000341333333333334,0.0,0.0,0.0,0.0,2.0,0.0,0.0,1.2,59.999998897783,0.0,0.0
3,42.4,-0.000162666666666666,-0.000162666666666667,-0.000460444444444444,0.0,0.0,0.0,-4000000.0,-4000000.0,-6144000.0,0.0,0.0,0.0,-0.000162666666666667,-0.000162666666666667,-0.000460444444444444,0.0,0.0,0.0,0.0,2.0,0.0,0.0,2.4,59.9999995070736,0.0,0.0
4,43.6,-0.000132888888888889,-0.000132888888888889,-0.000579555555555555,0.0,0.0,0.0,-4000000.0,-4000000.0,-7216000.0,0.0,0.0,0.0,-0.000132888888888889,-0.000132888888888889,-0.000579555555555556,0.0,0.0,0.0,0.0,2.0,0.0,0.0,3.6,59.9999992470424,0.0,0.0
5,44.8,-0.000103111111111111,-0.000103111111111111,-0.000698666666666666,0.0,0.0,0.0,-4000000.0,-4000000.0,-8288000.0,0.0,0.0,0.0,-0.000103111111111111,-0.000103111111111111,-0.000698666666666666,0.0,0.0,0.0,0.0,2.0,0.0,0.0,4.8,59.9999995975272,0.0,0.0
6,46.0,-7.33333333333332e-05,-7.33333333333332e-05,-0.000817777777777778,0.0,0.0,0.0,-4000000.0,-4000000.0,-9360000.0,0.0,0.0,0.0,-7.33333333333334e-05,-7.33333333333334e-05,-0.000817777777777778,0.0,0.0,0.0,0.0,2.0,0.0,0.0,6.0,59.9999993028967,0.0,0.0
7,47.2,-4.35555555555553e-05,-4.35555555555553e-05,-0.000936888888888889,0.0,0.0,0.0,-4000000.0,-4000000.0,-10432000.0,0.0,0.0,0.0,-4.35555555555555e-05,-4.35555555555555e-05,-0.000936888888888889,0.0,0.0,0.0,0.0,2.0,0.0,0.0,7.2,59.9999991950545,0.0,0.0
8,48.4,-1.37777777777776e-05,-1.37777777777776e-05,-0.001056,0.0,0.0,0.0,-4000000.0,-4000000.0,-11504000.0,0.0,0.0,0.0,-1.37777777777778e-05,-1.37777777777778e-05,-0.001056,0.0,0.0,0.0,0.0,2.0,0.0,0.0,8.4,60.0,0.0,0.0
9,49.6,1.60000000000003e-05,1.60000000000002e-05,-0.00117511111111111,0.0,0.0,0.0,-4000000.0,-4000000.0,-12576000.0,0.0,0.0,0.0,1.6e-05,1.60000000000001e-05,-0.00117511111111111,0.0,0.0,0.0,0.0,2.0,0.0,0.0,9.6,59.9999993028967,0.0,0.0
10,50.8,4.5777777777778e-05,4.57777777777779e-05,-0.00129422222222222,0.0,0.0,0.0,-4000000.0,-4000000.0,-13648000.0,0.0,0.0,0.0,4.57777777777777e-05,4.57777777777777e-05,-0.00129422222222222,0.0,0.0,0.0,0.0,2.0,0.0,0.0,10.8,60.0,0.0,0.0
11,52.0,7.55555555555558e-05,7.55555555555557e-05,-0.00141333333333333,0.0,0.0,0.0,-4000000.0,-4000000.0,-14720000.0,0.0,0.0,0.0,7.55555555555556e-05,7.55555555555556e-05,-0.00141333333333333,0.0,0.0,0.0,0.0,2.0,0.0,0.0,12.0,59.9999995975272,0.0,0.0
12,53.2,0.000105333333333334,0.000105333333333334,-0.00153244444444444,0.0,0.0,0.0,-4000000.0,-4000000.0,-15792000.0,0.0,0.0,0.0,0.000105333333333333,0.000105333333333333,-0.00153244444444444,0.0,0.0,0.0,0.0,2.0,0.0,0.0,13.2,59.9999995070736,0.0,0.0
13,54.4,0.000135111111111111,0.000135111111111111,-0.00165155555555556,0.0,0.0,0.0,-4000000.0,-4000000.0,-16864000.0,0.0,0.0,0.0,0.000135111111111111,0.000135111111111111,-0.00165155555555556,0.0,0.0,0.0,0.0,2.0,0.0,0.0,14.4,59.9999995975272,0.0,0.0
14,55.6,0.000164888888888889,0.000164888888888889,-0.00177066666666667,0.0,0.0,0.0,-4000000.0,-4000000.0,-17936000.0,0.0,0.0,0.0,0.000164888888888889,0.000164888888888889,-0.00177066666666667,0.0,0.0,0.0,0.0,2.0,0.0,0.0,15.6,59.9999997154088,0.0,0.0
15,56.8,0.000194666666666667,0.000194666666666667,-0.00188977777777778,0.0,0.0,0.0,-4000000.0,-4000000.0,-19008000.0,0.0,0.0,0.0,0.000194666666666667,0.000194666666666667,-0.00188977777777778,0.0,0.0,0.0,0.0,2.0,0.0,0.0,16.8,60.0,0.0,0.0
16,58.0,0.000224444444444445,0.000224444444444445,-0.00200888888888889,0.0,0.0,0.0,-4000000.0,-4000000.0,-20080000.0,0.0,0.0,0.0,0.000224444444444444,0.000224444444444444,-0.00200888888888889,0.0,0.0,0.0,0.0,2.0,0.0,0.0,18.0,60.0,0.0,0.0
17,59.2,0.000254222222222223,0.000254222222222223,-0.002128,0.0,0.0,0.0,-4000000.0,-4000000.0,-21152000.0,0.0,0.0,0.0,0.000254222222222222,0.000254222222222222,-0.002128,0.0,0.0,0.0,0.0,2.0,0.0,0.0,19.2,59.9999997154088,0.0,0.0
18,60.4,0.000284,0.000284,-0.00224711111111111,0.0,0.0,0.0,-4000000.0,-4000000.0,-22224000.0,0.0,0.0,0.0,0.000284,0.000284,-0.00224711111111111,0.0,0.0,0.0,0.0,2.0,0.0,0.0,20.4,59.9999997154088,0.0,0.0
19,61.6,0.000313777777777778,0.000313777777777778,-0.00236622222222222,0.0,0.0,0.0,-4000000.0,-4000000.0,-23296000.0,0.0,0.0,0.0,0.000313777777777778,0.000313777777777778,-0.00236622222222222,0.0,0.0,0.0,0.0,2.0,0.0,0.0,21.6,59.9999995975272,0.0,0.0
20,62.8,0.000343555555555556,0.000343555555555556,-0.00248533333333333,0.0,0.0,0.0,-4000000.0,-4000000.0,-24368000.0,0.0,0.0,0.0,0.000343555555555556,0.000343555555555556,-0.00248533333333333,0.0,0.0,0.0,0.0,2.0,0.0,0.0,22.8,59.9999997154088,0.0,0.0
21,64.0,0.000373333333333334,0.000373333333333334,-0.00260444444444444,0.0,0.0,0.0,-4000000.0,-4000000.0,-25440000.0,0.0,0.0,0.0,0.000373333333333333,0.000373333333333333,-0.00260444444444444,0.0,0.0,0.0,0.0,2.0,0.0,0.0,24.0,59.9999997154088,0.0,0.0
22,65.2,0.000403111111111112,0.000403111111111112,-0.00272355555555556,0.0,0.0,0.0,-4000000.0,-4000000.0,-26512000.0,0.0,0.0,0.0,0.000403111111111111,0.000403111111111111,-0.00272355555555556,0.0,0.0,0.0,0.0,2.0,0.0,0.0,25.2,59.9999997154088,0.0,0.0
23,66.4,0.00043288888888889,0.000432888888888889,-0.00284266666666667,0.0,0.0,0.0,-4000000.0,-4000000.0,-27584000.0,0.0,0.0,0.0,0.000432888888888889,0.000432888888888889,-0.00284266666666667,0.0,0.0,0.0,0.0,2.0,0.0,0.0,26.4,59.9999997154088,0.0,0.0
24,67.6,0.000462666666666667,0.000462666666666667,-0.00296177777777778,0.0,0.0,0.0,-4000000.0,-4000000.0,-28656000.0,0.0,0.0,0.0,0.000462666666666667,0.000462666666666667,-0.00296177777777778,0.0,0.0,0.0,0.0,2.0,0.0,0.0,27.6,59.9999997154088,0.0,0.0
25,68.8,0.000492444444444445,0.000492444444444445,-0.00308088888888889,0.0,0.0,0.0,-4000000.0,-4000000.0,-29728000.0,0.0,0.0,0.0,0.000492444444444444,0.000492444444444444,-0.00308088888888889,0.0,0.0,0.0,0.0,2.0,0.0,0.0,28.8,59.9999995975272,0.0,0.0
26,70.0,0.000522222222222223,0.000522222222222223,-0.0032,0.0,0.0,0.0,-4000000.0,-4000000.0,-30800000.0,0.0,0.0,0.0,0.000522222222222222,0.000522222222222222,-0.0032,0.0,0.0,0.0,0.0,2.0,0.0,0.0,30.0,59.9999995975272,0.0,0.0
27,71.2,0.000552,0.000552,-0.00331911111111111,0.0,0.0,0.0,-4000000.0,-4000000.0,-31872000.0,0.0,0.0,0.0,0.000552,0.000552,-0.00331911111111111,0.0,0.0,0.0,0.0,2.0,0.0,0.0,31.2,59.9999995975272,0.0,0.0
28,72.4,0.000581777777777778,0.000581777777777778,-0.00343822222222222,0.0,0.0,0.0,-4000000.0,-4000000.0,-32944000.0,0.0,0.0,0.0,0.000581777777777778,0.000581777777777778,-0.00343822222222222,0.0,0.0,0.0,0.0,2.0,0.0,0.0,32.4,59.9999995070736,0.0,0.0
29,73.6,0.000611555555555556,0.000611555555555556,-0.00355733333333333,0.0,0.0,0.0,-4000000.0,-4000000.0,-34016000.0,0.0,0.0,0.0,0.000611555555555556,0.000611555555555556,-0.00355733333333333,0.0,0.0,0.0,0.0,2.0,0.0,0.0,33.6,60.0,0.0,0.0
30,74.8,0.000641333333333334,0.000641333333333334,-0.00367644444444444,0.0,0.0,0.0,-4000000.0,-4000000.0,-35088000.0,0.0,0.0,0.0,0.000641333333333333,0.000641333333333333,-0.00367644444444444,0.0,0.0,0.0,0.0,2.0,0.0,0.0,34.8,59.9999995070736,0.0,0.0
31,76.0,0.000671111111111111,0.000671111111111111,-0.00379555555555556,0.0,0.0,0.0,-4000000.0,-4000000.0,-36160000.0,0.0,0.0,0.0,0.000671111111111111,0.000671111111111111,-0.00379555555555556,0.0,0.0,0.0,0.0,2.0,0.0,0.0,36.0,60.0,0.0,0.0
32,77.2,0.000700888888888889,0.000700888888888889,-0.00391466666666667,0.0,0.0,0.0,-4000000.0,-4000000.0,-37232000.0,0.0,0.0,0.0,0.000700888888888889,0.000700888888888889,-0.00391466666666667,0.0,0.0,0.0,0.0,2.0,0.0,0.0,37.2,60.0,0.0,0.0
33,78.4,0.000730666666666667,0.000730666666666667,-0.00403377777777778,0.0,0.0,0.0,-4000000.0,-4000000.0,-38304000.0,0.0,0.0,0.0,0.000730666666666667,0.000730666666666667,-0.00403377777777778,0.0,0.0,0.0,0.0,2.0,0.0,0.0,38.4,59.9999997154088,0.0,0.0
34,79.6,0.000760444444444445,0.000760444444444445,-0.00415288888888889,0.0,0.0,0.0,-4000000.0,-4000000.0,-39376000.0,0.0,0.0,0.0,0.000760444444444444,0.000760444444444444,-0.00415288888888889,0.0,0.0,0.0,0.0,2.0,0.0,0.0,39.6,60.0,0.0,0.0
35,80.8,0.000790222222222222,0.000790222222222222,-0.004272,0.0,0.0,0.0,-4000000.0,-4000000.0,-40448000.0,0.0,0.0,0.0,0.000790222222222222,0.000790222222222222,-0.004272,0.0,0.0,0.0,0.0,2.0,0.0,0.0,40.8,59.9999994308176,0.0,0.0
36,82.0,0.00082,0.00082,-0.00439111111111111,0.0,0.0,0.0,-4000000.0,-4000000.0,-41520000.0,0.0,0.0,0.0,0.00082,0.00082,-0.00439111111111111,0.0,0.0,0.0,0.0,2.0,0.0,0.0,42.0,59.9999997154088,0.0,0.0
37,83.2,0.000849777777777778,0.000849777777777778,-0.00451022222222222,0.0,0.0,0.0,-4000000.0,-4000000.0,-42592000.0,0.0,0.0,0.0,0.000849777777777778,0.000849777777777778,-0.00451022222222222,0.0,0.0,0.0,0.0,2.0,0.0,0.0,43.2,59.9999997154088,0.0,0.0
38,84.4,0.000879555555555556,0.000879555555555556,-0.00462933333333333,0.0,0.0,0.0,-4000000.0,-4000000.0,-43664000.0,0.0,0.0,0.0,0.000879555555555556,0.000879555555555556,-0.00462933333333333,0.0,0.0,0.0,0.0,2.0,0.0,0.0,44.4,59.9999997154088,0.0,0.0
39,85.6,0.000909333333333333,0.000909333333333333,-0.00474844444444444,0.0,0.0,0.0,-4000000.0,-4000000.0,-44736000.0,0.0,0.0,0.0,0.000909333333333333,0.000909333333333333,-0.00474844444444444,0.0,0.0,0.0,0.0,2.0,0.0,0.0,45.6,59.9999997154088,0.0,0.0
40,86.8,0.000972617591174241,0.000972617591174241,-0.00486755555555555,0.0,0.0,0.0,-4000000.0,-4000000.0,-45574496.1966624,0.0,0.0,0.0,0.000932624894351732,0.000932624894351732,-0.00484161068851804,0.0,0.0,0.0,0.000101779870645693,2.0,1.0,5.40405266075027e-05,46.8,59.9999997154088,0.0,0.0
41,88.0,0.00115622132859063,0.00115622132859063,-0.00498666666666667,0.0,0.0,0.0,-4000000.0,-4000000.0,-45574496.1966624,0.0,0.0,0.0,0.000932624894351732,0.000932624894351732,-0.00484161068851804,0.0,0.0,0.0,0.000569044299629849,2.0,1.0,0.000302136890329167,48.0,59.9999997154088,0.0,0.0
42,89.2,0.00133982506600702,0.00133982506600702,-0.00510577777777778,0.0,0.0,0.0,-4000000.0,-4000000.0,-45574496.1966624,0.0,0.0,0.0,0.000932624894351732,0.000932624894351732,-0.00484161068851804,0.0,0.0,0.0,0.001036308728614,2.0,1.0,0.000550233254050829,49.2,60.0,0.0,0.0
43,90.4,0.0015234288034234,0.0015234288034234,-0.00522488888888889,0.0,0.0,0.0,-4000000.0,-4000000.0,-45574496.1966624,0.0,0.0,0.0,0.000932624894351733,0.000932624894351733,-0.00484161068851804,0.0,0.0,0.0,0.00150357315759815,2.0,1.0,0.000798329617772489,50.4,59.9999997154088,0.0,0.0
44,91.6,0.00170703254083979,0.00170703254083979,-0.005344,0.0,0.0,0.0,-4000000.0,-4000000.0,-45574496.1966624,0.0,0.0,0.0,0.000932624894351732,0.000932624894351732,-0.00484161068851804,0.0,0.0,0.0,0.0019708375865823,2.0,1.0,0.00104642598149415,51.6,59.9999995975272,0.0,0.0
45,92.8,0.00189063627825618,0.00189063627825618,-0.00546311111111111,0.0,0.0,0.0,-4000000.00000001,-4000000.00000001,-45574496.1966624,0.0,0.0,0.0,0.000932624894351731,0.000932624894351731,-0.00484161068851804,0.0,0.0,0.0,0.00243810201556646,2.0,1.0,0.00129452234521582,52.8,60.0,0.0,0.0
46,94.0,0.00207424001567257,0.00207424001567257,-0.00558222222222222,0.0,0.0,0.0,-4000000.0,-4000000.0,-45574496.1966624,0.0,0.0,0.0,0.000932624894351732,0.000932624894351732,-0.00484161068851804,0.0,0.0,0.0,0.00290536644455061,2.0,1.0,0.00154261870893748,54.0,59.9999995070736,0.0,0.0
47,95.2,0.00225784375308896,0.00225784375308896,-0.00570133333333333,0.0,0.0,0.0,-4000000.00000002,-4000000.00000002,-45574496.1966624,0.0,0.0,0.0,0.000932624894351731,0.000932624894351731,-0.00484161068851804,0.0,0.0,0.0,0.00337263087353477,2.0,1.0,0.00179071507265914,55.2,59.9999995975272,0.0,0.0
48,96.4,0.00244144749050536,0.00244144749050536,-0.00582044444444444,0.0,0.0,0.0,-4000000.0,-4000000.0,-45574496.1966623,0.0,0.0,0.0,0.000932624894351731,0.000932624894351731,-0.00484161068851804,0.0,0.0,0.0,0.00383989530251894,2.0,1.0,0.00203881143638081,56.4,60.0,0.0,0.0
49,97.6,0.00262505122792174,0.00262505122792174,-0.00593955555555555,0.0,0.0,0.0,-4000000.0,-4000000.0,-45574496.1966624,0.0,0.0,0.0,0.000932624894351732,0.000932624894351732,-0.00484161068851804,0.0,0.0,0.0,0.00430715973150307,2.0,1.0,0.00228690780010247,57.6,59.9999997154088,0.0,0.0
50,98.8,0.00280865496533812,0.00280865496533812,-0.00605866666666667,0.0,0.0,0.0,-4000000.0,-4000000.0,-45574496.1966624,0.0,0.0,0.0,0.000932624894351732,0.000932624894351732,-0.00484161068851804,0.0,0.0,0.0,0.00477442416048723,2.0,1.0,0.00253500416382413,58.8,60.0,0.0,0.0
51,100.0,0.00299225870275451,0.00299225870275451,-0.00617777777777778,0.0,0.0,0.0,-4000000.0,-4000000.0,-45574496.1966624,0.0,0.0,0.0,0.000932624894351733,0.000932624894351733,-0.00484161068851804,0.0,0.0,0.0,0.00524168858947137,2.0,1.0,0.00278310052754579,60.0,59.9999995070736,0.0,0.0
52,101.2,0.0031758624401709,0.0031758624401709,-0.00629688888888889,0.0,0.0,0.0,-4000000.00000002,-4000000.00000002,-45574496.1966624,0.0,0.0,0.0,0.000932624894351731,0.000932624894351731,-0.00484161068851804,0.0,0.0,0.0,0.00570895301845552,2.0,1.0,0.00303119689126745,61.2,60.0,0.0,0.0
53,102.4,0.00335946617758729,0.00335946617758729,-0.006416,0.0,0.0,0.0,-4000000.0,-4000000.0,-45574496.1966624,0.0,0.0,0.0,0.000932624894351733,0.000932624894351733,-0.00484161068851804,0.0,0.0,0.0,0.00617621744743968,2.0,1.0,0.00327929325498911,62.4,60.0,0.0,0.0
54,103.6,0.00354306991500367,0.00354306991500367,-0.00653511111111111,0.0,0.0,0.0,-4000000.0,-4000000.0,-45574496.1966624,0.0,0.0,0.0,0.000932624894351733,0.000932624894351733,-0.00484161068851804,0.0,0.0,0.0,0.00664348187642382,2.0,1.0,0.00352738961871077,63.6,59.9999997154088,0.0,0.0
55,104.8,0.00372667365242006,0.00372667365242006,-0.00665422222222222,0.0,0.0,0.0,-4000000.00000001,-4000000.00000001,-45574496.1966624,0.0,0.0,0.0,0.000932624894351733,0.000932624894351733,-0.00484161068851804,0.0,0.0,0.0,0.00711074630540797,2.0,1.0,0.00377548598243243,64.8,59.9999997154088,0.0,0.0
56,106.0,0.00391027738983645,0.00391027738983645,-0.00677333333333333,0.0,0.0,0.0,-4000000.0,-4000000.0,-45574496.1966624,0.0,0.0,0.0,0.000932624894351732,0.000932624894351733,-0.00484161068851804,0.0,0.0,0.0,0.00757801073439213,2.0,1.0,0.0040235823461541,66.0,59.9999997154088,0.0,0.0
57,107.2,0.00409388112725284,0.00409388112725284,-0.00689244444444444,0.0,0.0,0.0,-4000000.0,-4000000.0,-45574496.1966624,0.0,0.0,0.0,0.000932624894351732,0.000932624894351732,-0.00484161068851804,0.0,0.0,0.0,0.00804527516337629,2.0,1.0,0.00427167870987576,67.2,59.9999995975272,0.0,0.0
58,108.4,0.00427748486466923,0.00427748486466923,-0.00701155555555555,0.0,0.0,0.0,-4000000.00000001,-4000000.00000001,-45574496.1966624,0.0,0.0,0.0,0.000932624894351732,0.000932624894351731,-0.00484161068851804,0.0,0.0,0.0,0.00851253959236044,2.0,1.0,0.00451977507359742,68.4,60.0,0.0,0.0
59,109.6,0.00446108860208562,0.00446108860208561,-0.00713066666666667,0.0,0.0,0.0,-4000000.0,-4000000.0,-45574496.1966624,0.0,0.0,0.0,0.000932624894351733,0.000932624894351733,-0.00484161068851804,0.0,0.0,0.0,0.00897980402134459,2.0,1.0,0.00476787143731908,69.6,60.0,0.0,0.0
60,110.8,0.004644692339502,0.004644692339502,-0.00724977777777778,0.0,0.0,0.0,-4000000.0,-4000000.0,-45574496.1966624,0.0,0.0,0.0,0.000932624894351732,0.000932624894351732,-0.00484161068851804,0.0,0.0,0.0,0.00944706845032874,2.0,1.0,0.00501596780104074,70.8,60.0,0.0,0.0
61,112.0,0.00482829607691839,0.00482829607691839,-0.00736888888888889,0.0,0.0,0.0,-4000000.0,-4000000.0,-45574496.1966624,0.0,0.0,0.0,0.000932624894351733,0.000932624894351733,-0.00484161068851804,0.0,0.0,0.0,0.00991433287931288,2.0,1.0,0.0052640641647624,72.0,59.9999997154088,0.0,0.0
62,113.2,0.00501189981433478,0.00501189981433478,-0.007488,0.0,0.0,0.0,-4000000.00000001,-4000000.00000001,-45574496.1966624,0.0,0.0,0.0,0.000932624894351733,0.000932624894351733,-0.00484161068851804,0.0,0.0,0.0,0.010381597308297,2.0,1.0,0.00551216052848407,73.2,59.9999997154088,0.0,0.0
63,114.4,0.00519550355175117,0.00519550355175117,-0.00760711111111111,0.0,0.0,0.0,-4000000.0,-4000000.0,-45574496.1966624,0.0,0.0,0.0,0.000932624894351732,0.000932624894351732,-0.00484161068851804,0.0,0.0,0.0,0.0108488617372812,2.0,1.0,0.00576025689220573,74.4,59.9999997154088,0.0,0.0
64,115.6,0.00537910728916755,0.00537910728916755,-0.00772622222222222,0.0,0.0,0.0,-4000000.0,-4000000.0,-45574496.1966624,0.0,0.0,0.0,0.000932624894351732,0.000932624894351732,-0.00484161068851804,0.0,0.0,0.0,0.0113161261662653,2.0,1.0,0.00600835325592739,75.6,59.9999995975272,0.0,0.0
65,116.8,0.00556271102658394,0.00556271102658394,-0.00784533333333333,0.0,0.0,0.0,-4000000.00000001,-4000000.00000001,-45574496.1966624,0.0,0.0,0.0,0.000932624894351732,0.000932624894351732,-0.00484161068851804,0.0,0.0,0.0,0.0117833905952495,2.0,1.0,0.00625644961964906,76.8,60.0,0.0,0.0
66,118.0,0.00574631476400033,0.00574631476400033,-0.00796444444444444,0.0,0.0,0.0,-4000000.0,-4000000.0,-45574496.1966624,0.0,0.0,0.0,0.000932624894351733,0.000932624894351733,-0.00484161068851804,0.0,0.0,0.0,0.0122506550242337,2.0,1.0,0.00650454598337072,78.0,60.0,0.0,0.0
67,119.2,0.00592991850141672,0.00592991850141672,-0.00808355555555556,0.0,0.0,0.0,-4000000.0,-4000000.0,-45574496.1966624,0.0,0.0,0.0,0.000932624894351733,0.000932624894351733,-0.00484161068851804,0.0,0.0,0.0,0.0127179194532178,2.0,1.0,0.00675264234709238,79.2,59.9999997154088,0.0,0.0
68,120.4,0.00611352223883311,0.0061135222388331,-0.00820266666666667,0.0,0.0,0.0,-4000000.00000001,-4000000.00000001,-45574496.1966624,0.0,0.0,0.0,0.000932624894351732,0.000932624894351732,-0.00484161068851804,0.0,0.0,0.0,0.013185183882202,2.0,1.0,0.00700073871081404,80.4,59.9999995070736,0.0,0.0
69,121.6,0.00629712597624951,0.0062971259762495,-0.00832177777777778,0.0,0.0,0.0,-4000000.00000002,-4000000.00000002,-45574496.1966624,0.0,0.0,0.0,0.000932624894351731,0.000932624894351731,-0.00484161068851804,0.0,0.0,0.0,0.0136524483111861,2.0,1.0,0.00724883507453571,81.6,59.9999997154088,0.0,0.0
70,122.8,0.00648072971366589,0.00648072971366589,-0.00844088888888889,0.0,0.0,0.0,-4000000.0,-4000000.0,-45574496.1966624,0.0,0.0,0.0,0.000932624894351732,0.000932624894351732,-0.00484161068851804,0.0,0.0,0.0,0.0141197127401703,2.0,1.0,0.00749693143825737,82.8,60.0,0.0,0.0
71,124.0,0.00666433345108227,0.00666433345108227,-0.00856,0.0,0.0,0.0,-4000000.0,-4000000.0,-45574496.1966624,0.0,0.0,0.0,0.000932624894351733,0.000932624894351733,-0.00484161068851804,0.0,0.0,0.0,0.0145869771691544,2.0,1.0,0.00774502780197903,84.0,60.0,0.0,0.0
72,125.2,0.00684793718849866,0.00684793718849866,-0.00867911111111111,0.0,0.0,0.0,-4000000.0,-4000000.0,-45574496.1966624,0.0,0.0,0.0,0.000932624894351733,0.000932624894351733,-0.00484161068851804,0.0,0.0,0.0,0.0150542415981386,2.0,1.0,0.00799312416570069,85.2,60.0,0.0,0.0
73,126.4,0.00703154092591505,0.00703154092591504,-0.00879822222222222,0.0,0.0,0.0,-4000000.0,-4000000.0,-45574496.1966624,0.0,0.0,0.0,0.000932624894351733,0.000932624894351733,-0.00484161068851804,0.0,0.0,0.0,0.0155215060271227,2.0,1.0,0.00824122052942235,86.4,60.0,0.0,0.0
74,127.6,0.00721514466333143,0.00721514466333143,-0.00891733333333333,0.0,0.0,0.0,-4000000.0,-4000000.0,-45574496.1966624,0.0,0.0,0.0,0.000932624894351732,0.000932624894351732,-0.00484161068851804,0.0,0.0,0.0,0.0159887704561069,2.0,1.0,0.00848931689314401,87.6,60.0,0.0,0.0
75,128.8,0.00739874840074782,0.00739874840074782,-0.00903644444444445,0.0,0.0,0.0,-4000000.0,-4000000.0,-45574496.1966624,0.0,0.0,0.0,0.000932624894351733,0.000932624894351733,-0.00484161068851804,0.0,0.0,0.0,0.016456034885091,2.0,1.0,0.00873741325686568,88.8,59.9999997154088,0.0,0.0
76,130.0,0.00758235213816421,0.00758235213816421,-0.00915555555555556,0.0,0.0,0.0,-4000000.00000001,-4000000.00000001,-45574496.1966624,0.0,0.0,0.0,0.000932624894351733,0.000932624894351733,-0.00484161068851804,0.0,0.0,0.0,0.0169232993140752,2.0,1.0,0.00898550962058734,90.0,59.9999997154088,0.0,0.0
77,131.2,0.00776595587558059,0.00776595587558059,-0.00927466666666667,0.0,0.0,0.0,-4000000.0,-4000000.0,-45574496.1966624,0.0,0.0,0.0,0.000932624894351732,0.000932624894351732,-0.00484161068851804,0.0,0.0,0.0,0.0173905637430593,2.0,1.0,0.009233605984309,91.2,59.9999997154088,0.0,0.0
78,132.4,0.00794955961299698,0.00794955961299698,-0.00939377777777778,0.0,0.0,0.0,-4000000.0,-3999999.99999999,-45574496.1966624,0.0,0.0,0.0,0.000932624894351732,0.000932624894351733,-0.00484161068851804,0.0,0.0,0.0,0.0178578281720435,2.0,1.0,0.00948170234803066,92.4,59.9999995975272,0.0,0.0
79,133.6,0.00813316335041337,0.00813316335041337,-0.00951288888888889,0.0,0.0,0.0,-4000000.00000001,-4000000.00000001,-45574496.1966624,0.0,0.0,0.0,0.000932624894351732,0.000932624894351731,-0.00484161068851804,0.0,0.0,0.0,0.0183250926010276,2.0,1.0,0.00972979871175233,93.6,60.0,0.0,0.0
80,134.8,0.00831676708782976,0.00831676708782976,-0.009632,0.0,0.0,0.0,-4000000.0,-4000000.0,-45574496.1966624,0.0,0.0,0.0,0.000932624894351733,0.000932624894351733,-0.00484161068851804,0.0,0.0,0.0,0.0187923570300118,2.0,1.0,0.00997789507547399,94.8,59.9999995070736,0.0,0.0
81,136.0,0.00850037082524615,0.00850037082524615,-0.00975111111111111,0.0,0.0,0.0,-4000000.00000002,-4000000.00000002,-45574496.1966624,0.0,0.0,0.0,0.000932624894351731,0.000932624894351731,-0.00484161068851804,0.0,0.0,0.0,0.0192596214589959,2.0,1.0,0.0102259914391956,96.0,59.9999997154088,0.0,0.0
82,137.2,0.00868397456266254,0.00868397456266254,-0.00987022222222222,0.0,0.0,0.0,-4000000.0,-4000000.0,-45574496.1966624,0.0,0.0,0.0,0.000932624894351732,0.000932624894351732,-0.00484161068851804,0.0,0.0,0.0,0.0197268858879801,2.0,1.0,0.0104740878029173,97.2,59.9999995975272,0.0,0.0
83,138.4,0.00886757830007893,0.00886757830007893,-0.00998933333333333,0.0,0.0,0.0,-4000000.00000001,-4000000.00000001,-45574496.1966624,0.0,0.0,0.0,0.000932624894351732,0.000932624894351732,-0.00484161068851804,0.0,0.0,0.0,0.0201941503169642,2.0,1.0,0.010722184166639,98.4,59.9999997154088,0.0,0.0
84,139.6,0.00905118203749532,0.00905118203749532,-0.0101084444444444,0.0,0.0,0.0,-4000000.0,-4000000.0,-45574496.1966624,0.0,0.0,0.0,0.000932624894351733,0.000932624894351733,-0.00484161068851804,0.0,0.0,0.0,0.0206614147459484,2.0,1.0,0.0109702805303606,99.6,60.0,0.0,0.0
85,140.8,0.00923478577491171,0.00923478577491171,-0.0102275555555556,0.0,0.0,0.0,-4000000.0,-4000000.0,-45574496.1966624,0.0,0.0,0.0,0.000932624894351732,0.000932624894351732,-0.00484161068851804,0.0,0.0,0.0,0.0211286791749326,2.0,1.0,0.0112183768940823,100.8,60.0,0.0,0.0
86,142.0,0.00941838951232809,0.00941838951232809,-0.0103466666666667,0.0,0.0,0.0,-4000000.0,-4000000.0,-45574496.1966624,0.0,0.0,0.0,0.000932624894351733,0.000932624894351733,-0.00484161068851804,0.0,0.0,0.0,0.0215959436039167,2.0,1.0,0.011466473257804,102.0,59.9999997154088,0.0,0.0
87,143.2,0.00960199324974448,0.00960199324974448,-0.0104657777777778,0.0,0.0,0.0,-4000000.00000001,-4000000.00000001,-45574496.1966624,0.0,0.0,0.0,0.000932624894351733,0.000932624894351733,-0.00484161068851804,0.0,0.0,0.0,0.0220632080329008,2.0,1.0,0.0117145696215256,103.2,59.9999997154088,0.0,0.0
88,144.4,0.00978559698716087,0.00978559698716086,-0.0105848888888889,0.0,0.0,0.0,-4000000.0,-4000000.0,-45574496.1966624,0.0,0.0,0.0,0.000932624894351732,0.000932624894351732,-0.00484161068851804,0.0,0.0,0.0,0.022530472461885,2.0,1.0,0.0119626659852473,104.4,59.9999997154088,0.0,0.0
89,145.6,0.00996920072457726,0.00996920072457725,-0.010704,0.0,0.0,0.0,-4000000.0,-4000000.0,-45574496.1966624,0.0,0.0,0.0,0.000932624894351732,0.000932624894351732,-0.00484161068851804,0.0,0.0,0.0,0.0229977368908692,2.0,1.0,0.012210762348969,105.6,59.9999995975272,0.0,0.0
90,146.8,0.0101528044619936,0.0101528044619936,-0.0108231111111111,0.0,0.0,0.0,-4000000.00000001,-4000000.00000001,-45574496.1966624,0.0,0.0,0.0,0.000932624894351732,0.000932624894351732,-0.00484161068851804,0.0,0.0,0.0,0.0234650013198533,2.0,1.0,0.0124588587126906,106.8,60.0,0.0,0.0
91,148.0,0.01033640819941,0.01033640819941,-0.0109422222222222,0.0,0.0,0.0,-4000000.0,-4000000.0,-45574496.1966624,0.0,0.0,0.0,0.000932624894351733,0.000932624894351733,-0.00484161068851804,0.0,0.0,0.0,0.0239322657488375,2.0,1.0,0.0127069550764123,108.0,60.0,0.0,0.0
92,149.2,0.0105200119368264,0.0105200119368264,-0.0110613333333333,0.0,0.0,0.0,-4000000.0,-4000000.0,-45574496.1966624,0.0,0.0,0.0,0.000932624894351733,0.000932624894351733,-0.00484161068851804,0.0,0.0,0.0,0.0243995301778216,2.0,1.0,0.0129550514401339,109.2,59.9999995070736,0.0,0.0
93,150.4,0.0107036156742428,0.0107036156742428,-0.0111804444444444,0.0,0.0,0.0,-4000000.00000002,-4000000.00000002,-45574496.1966624,0.0,0.0,0.0,0.000932624894351731,0.000932624894351731,-0.00484161068851804,0.0,0.0,0.0,0.0248667946068058,2.0,1.0,0.0132031478038556,110.4,59.9999997154088,0.0,0.0
94,151.6,0.0108872194116592,0.0108872194116592,-0.0112995555555556,0.0,0.0,0.0,-4000000.0,-4000000.0,-45574496.1966624,0.0,0.0,0.0,0.000932624894351732,0.000932624894351732,-0.00484161068851804,0.0,0.0,0.0,0.0253340590357899,2.0,1.0,0.0134512441675773,111.6,59.9999997154088,0.0,0.0
95,152.8,0.0110708231490756,0.0110708231490756,-0.0114186666666667,0.0,0.0,0.0,-4000000.0,-4000000.0,-45574496.1966624,0.0,0.0,0.0,0.000932624894351732,0.000932624894351732,-0.00484161068851804,0.0,0.0,0.0,0.0258013234647741,2.0,1.0,0.0136993405312989,112.8,59.9999997154088,0.0,0.0
96,154.0,0.011254426886492,0.011254426886492,-0.0115377777777778,0.0,0.0,0.0,-4000000.0,-4000000.0,-45574496.1966624,0.0,0.0,0.0,0.000932624894351732,0.000932624894351732,-0.00484161068851804,0.0,0.0,0.0,0.0262685878937582,2.0,1.0,0.0139474368950206,114.0,59.9999995975272,0.0,0.0
97,155.2,0.0114380306239084,0.0114380306239084,-0.0116568888888889,0.0,0.0,0.0,-4000000.00000001,-4000000.00000001,-45574496.1966624,0.0,0.0,0.0,0.000932624894351732,0.000932624894351732,-0.00484161068851804,0.0,0.0,0.0,0.0267358523227424,2.0,1.0,0.0141955332587423,115.2,59.9999995975272,0.0,0.0
98,156.4,0.0116216343613248,0.0116216343613248,-0.011776,0.0,0.0,0.0,-4000000.0,-4000000.0,-45574496.1966623,0.0,0.0,0.0,0.000932624894351731,0.000932624894351731,-0.00484161068851804,0.0,0.0,0.0,0.0272031167517265,2.0,1.0,0.0144436296224639,116.4,60.0,0.0,0.0
99,157.6,0.0118052380987411,0.0118052380987411,-0.0118951111111111,0.0,0.0,0.0,-4000000.0,-4000000.0,-45574496.1966624,0.0,0.0,0.0,0.000932624894351732,0.000932624894351732,-0.00484161068851804,0.0,0.0,0.0,0.0276703811807107,2.0,1.0,0.0146917259861856,117.6,59.9999997154088,0.0,0.0
100,158.8,0.0119888418361575,0.0119888418361575,-0.0120142222222222,0.0,0.0,0.0,-4000000.0,-4000000.0,-45574496.1966624,0.0,0.0,0.0,0.000932624894351732,0.000932624894351732,-0.00484161068851804,0.0,0.0,0.0,0.0281376456096949,2.0,1.0,0.0149398223499072,118.8,59.9999995975272,0.0,0.0
101,160.0,0.0121724455735739,0.0121724455735739,-0.0121333333333333,0.0,0.0,0.0,-4000000.00000001,-4000000.00000001,-45574496.1966624,0.0,0.0,0.0,0.000932624894351732,0.000932624894351732,-0.00484161068851804,0.0,0.0,0.0,0.028604910038679,2.0,1.0,0.0151879187136289,120.0,60.0,0.0,0.0
102,161.2,0.0123560493109903,0.0123560493109903,-0.0122524444444444,0.0,0.0,0.0,-4000000.0,-4000000.0,-45574496.1966624,0.0,0.0,0.0,0.000932624894351733,0.000932624894351733,-0.00484161068851804,0.0,0.0,0.0,0.0290721744676631,2.0,1.0,0.0154360150773506,121.2,60.0,0.0,0.0
103,162.4,0.0125396530484067,0.0125396530484067,-0.0123715555555556,0.0,0.0,0.0,-4000000.0,-4000000.0,-45574496.1966624,0.0,0.0,0.0,0.000932624894351733,0.000932624894351733,-0.00484161068851804,0.0,0.0,0.0,0.0295394388966473,2.0,1.0,0.0156841114410722,122.4,60.0,0.0,0.0
104,163.6,0.0127232567858231,0.0127232567858231,-0.0124906666666667,0.0,0.0,0.0,-4000000.0,-4000000.0,-45574496.1966624,0.0,0.0,0.0,0.000932624894351733,0.000932624894351733,-0.00484161068851804,0.0,0.0,0.0,0.0300067033256314,2.0,1.0,0.0159322078047939,123.6,60.0,0.0,0.0
105,164.8,0.0129068605232395,0.0129068605232395,-0.0126097777777778,0.0,0.0,0.0,-4000000.0,-4000000.0,-45574496.1966624,0.0,0.0,0.0,0.000932624894351732,0.000932624894351732,-0.00484161068851804,0.0,0.0,0.0,0.0304739677546156,2.0,1.0,0.0161803041685156,124.8,60.0,0.0,0.0
106,166.0,0.0130904642606558,0.0130904642606558,-0.0127288888888889,0.0,0.0,0.0,-4000000.0,-4000000.0,-45574496.1966624,0.0,0.0,0.0,0.000932624894351733,0.000932624894351733,-0.00484161068851804,0.0,0.0,0.0,0.0309412321835997,2.0,1.0,0.0164284005322372,126.0,59.9999997154088,0.0,0.0
107,167.2,0.0132740679980722,0.0132740679980722,-0.012848,0.0,0.0,0.0,-4000000.00000001,-4000000.00000001,-45574496.1966624,0.0,0.0,0.0,0.000932624894351733,0.000932624894351733,-0.00484161068851804,0.0,0.0,0.0,0.0314084966125839,2.0,1.0,0.0166764968959589,127.2,59.9999997154088,0.0,0.0
108,168.4,0.0134576717354886,0.0134576717354886,-0.0129671111111111,0.0,0.0,0.0,-4000000.0,-4000000.0,-45574496.1966624,0.0,0.0,0.0,0.000932624894351732,0.000932624894351732,-0.00484161068851804,0.0,0.0,0.0,0.0318757610415681,2.0,1.0,0.0169245932596805,128.4,60.0,0.0,0.0
109,169.6,0.013641275472905,0.013641275472905,-0.0130862222222222,0.0,0.0,0.0,-4000000.0,-4000000.0,-45574496.1966624,0.0,0.0,0.0,0.000932624894351733,0.000932624894351733,-0.00484161068851804,0.0,0.0,0.0,0.0323430254705522,2.0,1.0,0.0171726896234022,129.6,59.9999997154088,0.0,0.0
110,170.8,0.0138248792103214,0.0138248792103214,-0.0132053333333333,0.0,0.0,0.0,-4000000.00000001,-4000000.00000001,-45574496.1966624,0.0,0.0,0.0,0.000932624894351733,0.000932624894351733,-0.00484161068851804,0.0,0.0,0.0,0.0328102898995364,2.0,1.0,0.0174207859871239,130.8,59.9999997154088,0.0,0.0
111,172.0,0.0140084829477378,0.0140084829477378,-0.0133244444444444,0.0,0.0,0.0,-4000000.0,-4000000.0,-45574496.1966624,0.0,0.0,0.0,0.000932624894351732,0.000932624894351732,-0.00484161068851804,0.0,0.0,0.0,0.0332775543285205,2.0,1.0,0.0176688823508455,132.0,60.0,0.0,0.0
112,173.2,0.0141920866851542,0.0141920866851542,-0.0134435555555556,0.0,0.0,0.0,-4000000.0,-4000000.0,-45574496.1966624,0.0,0.0,0.0,0.000932624894351733,0.000932624894351733,-0.00484161068851804,0.0,0.0,0.0,0.0337448187575047,2.0,1.0,0.0179169787145672,133.2,59.9999997154088,0.0,0.0
113,174.4,0.0143756904225706,0.0143756904225706,-0.0135626666666667,0.0,0.0,0.0,-4000000.0,-4000000.0,-45574496.1966624,0.0,0.0,0.0,0.000932624894351733,0.000932624894351733,-0.00484161068851804,0.0,0.0,0.0,0.0342120831864888,2.0,1.0,0.0181650750782889,134.4,59.9999997154088,0.0,0.0
114,175.6,0.014559294159987,0.014559294159987,-0.0136817777777778,0.0,0.0,0.0,-4000000.00000001,-4000000.00000001,-45574496.1966624,0.0,0.0,0.0,0.000932624894351732,0.000932624894351732,-0.00484161068851804,0.0,0.0,0.0,0.034679347615473,2.0,1.0,0.0184131714420105,135.6,60.0,0.0,0.0
115,176.8,0.0147428978974033,0.0147428978974033,-0.0138008888888889,0.0,0.0,0.0,-4000000.0,-4000000.0,-45574496.1966624,0.0,0.0,0.0,0.000932624894351732,0.000932624894351732,-0.00484161068851804,0.0,0.0,0.0,0.0351466120444571,2.0,1.0,0.0186612678057322,136.8,59.9999997154088,0.0,0.0
116,178.0,0.0149265016348197,0.0149265016348197,-0.01392,0.0,0.0,0.0,-4000000.0,-4000000.0,-45574496.1966624,0.0,0.0,0.0,0.000932624894351732,0.000932624894351732,-0.00484161068851804,0.0,0.0,0.0,0.0356138764734413,2.0,1.0,0.0189093641694538,138.0,59.9999997154088,0.0,0.0
117,179.2,0.0151101053722361,0.0151101053722361,-0.0140391111111111,0.0,0.0,0.0,-4000000.0,-4000000.0,-45574496.1966624,0.0,0.0,0.0,0.000932624894351732,0.000932624894351732,-0.00484161068851804,0.0,0.0,0.0,0.0360811409024254,2.0,1.0,0.0191574605331755,139.2,60.0,0.0,0.0
118,180.4,0.0152937091096525,0.0152937091096525,-0.0141582222222222,0.0,0.0,0.0,-4000000.00000001,-4000000.0,-45574496.1966624,0.0,0.0,0.0,0.000932624894351732,0.000932624894351733,-0.00484161068851804,0.0,0.0,0.0,0.0365484053314096,2.0,1.0,0.0194055568968972,140.4,59.9999997154088,0.0,0.0
119,181.6,0.0154773128470689,0.0154773128470689,-0.0142773333333333,0.0,0.0,0.0,-4000000.00000001,-4000000.00000001,-45574496.1966624,0.0,0.0,0.0,0.000932624894351732,0.000932624894351732,-0.00484161068851804,0.0,0.0,0.0,0.0370156697603937,2.0,1.0,0.0196536532606188,141.6,60.0,0.0,0.0
120,182.8,0.0156609165844853,0.0156609165844853,-0.0143964444444444,0.0,0.0,0.0,-4000000.0,-4000000.0,-45574496.1966624,0.0,0.0,0.0,0.000932624894351732,0.000932624894351732,-0.00484161068851804,0.0,0.0,0.0,0.0374829341893779,2.0,1.0,0.0199017496243405,142.8,59.9999997154088,0.0,0.0
121,184.0,0.0158445203219017,0.0158445203219017,-0.0145155555555556,0.0,0.0,0.0,-3999999.99999999,-3999999.99999999,-45574496.1966624,0.0,0.0,0.0,0.000932624894351732,0.000932624894351732,-0.00484161068851804,0.0,0.0,0.0,0.0379501986183621,2.0,1.0,0.0201498459880622,144.0,60.0,0.0,0.0
122,185.2,0.0160281240593181,0.0160281240593181,-0.0146346666666667,0.0,0.0,0.0,-4000000.0,-4000000.0,-45574496.1966624,0.0,0.0,0.0,0.000932624894351733,0.000932624894351733,-0.00484161068851804,0.0,0.0,0.0,0.0384174630473462,2.0,1.0,0.0203979423517838,145.2,59.9999997154088,0.0,0.0
123,186.4,0.0162117277967344,0.0162117277967344,-0.0147537777777778,0.0,0.0,0.0,-4000000.0,-4000000.0,-45574496.1966624,0.0,0.0,0.0,0.000932624894351732,0.000932624894351732,-0.00484161068851804,0.0,0.0,0.0,0.0388847274763304,2.0,1.0,0.0206460387155055,146.4,59.9999997154088,0.0,0.0
124,187.6,0.0163953315341508,0.0163953315341508,-0.0148728888888889,0.0,0.0,0.0,-4000000.0,-4000000.0,-45574496.1966624,0.0,0.0,0.0,0.000932624894351732,0.000932624894351732,-0.00484161068851804,0.0,0.0,0.0,0.0393519919053145,2.0,1.0,0.0208941350792271,147.6,59.9999995975272,0.0,0.0
125,188.8,0.0165789352715672,0.0165789352715672,-0.014992,0.0,0.0,0.0,-4000000.00000001,-4000000.00000001,-45574496.1966624,0.0,0.0,0.0,0.000932624894351731,0.000932624894351731,-0.00484161068851804,0.0,0.0,0.0,0.0398192563342987,2.0,1.0,0.0211422314429488,148.8,59.9999995975272,0.0,0.0
126,190.0,0.0167625390089836,0.0167625390089836,-0.0151111111111111,0.0,0.0,0.0,-4000000.0,-4000000.0,-45574496.1966623,0.0,0.0,0.0,0.000932624894351731,0.000932624894351731,-0.00484161068851804,0.0,0.0,0.0,0.0402865207632828,2.0,1.0,0.0213903278066705,150.0,60.0,0.0,0.0
127,191.2,0.0169461427464,0.0169461427464,-0.0152302222222222,0.0,0.0,0.0,-4000000.00000001,-4000000.00000001,-45574496.1966624,0.0,0.0,0.0,0.000932624894351733,0.000932624894351733,-0.00484161068851804,0.0,0.0,0.0,0.0407537851922669,2.0,1.0,0.0216384241703921,151.2,60.0,0.0,0.0
128,192.4,0.0171297464838164,0.0171297464838164,-0.0153493333333333,0.0,0.0,0.0,-4000000.00000001,-4000000.00000001,-45574496.1966624,0.0,0.0,0.0,0.000932624894351732,0.000932624894351732,-0.00484161068851804,0.0,0.0,0.0,0.0412210496212511,2.0,1.0,0.0218865205341138,152.4,59.9999995070736,0.0,0.0
129,193.6,0.0173133502212328,0.0173133502212328,-0.0154684444444444,0.0,0.0,0.0,-4000000.00000002,-4000000.00000002,-45574496.1966624,0.0,0.0,0.0,0.000932624894351731,0.000932624894351731,-0.00484161068851804,0.0,0.0,0.0,0.0416883140502353,2.0,1.0,0.0221346168978355,153.6,60.0,0.0,0.0
130,194.8,0.0174969539586492,0.0174969539586492,-0.0155875555555556,0.0,0.0,0.0,-4000000.0,-4000000.0,-45574496.1966624,0.0,0.0,0.0,0.000932624894351733,0.000932624894351733,-0.00484161068851804,0.0,0.0,0.0,0.0421555784792194,2.0,1.0,0.0223827132615571,154.8,59.9999997154088,0.0,0.0
131,196.0,0.0176805576960656,0.0176805576960656,-0.0157066666666667,0.0,0.0,0.0,-4000000.0,-4000000.0,-45574496.1966624,0.0,0.0,0.0,0.000932624894351732,0.000932624894351732,-0.00484161068851804,0.0,0.0,0.0,0.0426228429082036,2.0,1.0,0.0226308096252788,156.0,59.9999997154088,0.0,0.0
132,197.2,0.0178641614334819,0.0178641614334819,-0.0158257777777778,0.0,0.0,0.0,-4000000.0,-4000000.0,-45574496.1966624,0.0,0.0,0.0,0.000932624894351732,0.000932624894351732,-0.00484161068851804,0.0,0.0,0.0,0.0430901073371877,2.0,1.0,0.0228789059890004,157.2,59.9999997154088,0.0,0.0
133,198.4,0.0180477651708983,0.0180477651708983,-0.0159448888888889,0.0,0.0,0.0,-4000000.00000001,-4000000.00000001,-45574496.1966624,0.0,0.0,0.0,0.000932624894351732,0.000932624894351732,-0.00484161068851804,0.0,0.0,0.0,0.0435573717661719,2.0,1.0,0.0231270023527221,158.4,59.9999994308176,0.0,0.0
134,199.6,0.0182313689083147,0.0182313689083147,-0.016064,0.0,0.0,0.0,-4000000.00000001,-4000000.00000001,-45574496.1966623,0.0,0.0,0.0,0.000932624894351731,0.000932624894351731,-0.00484161068851804,0.0,0.0,0.0,0.044024636195156,2.0,1.0,0.0233750987164438,159.6,60.0,0.0,0.0
135,200.8,0.0184149726457311,0.0184149726457311,-0.0161831111111111,0.0,0.0,0.0,-4000000.0,-4000000.0,-45574496.1966624,0.0,0.0,0.0,0.000932624894351732,0.000932624894351732,-0.00484161068851804,0.0,0.0,0.0,0.0444919006241402,2.0,1.0,0.0236231950801654,160.8,60.0,0.0,0.0
136,202.0,0.0185985763831475,0.0185985763831475,-0.0163022222222222,0.0,0.0,0.0,-4000000.0,-4000000.0,-45574496.1966624,0.0,0.0,0.0,0.000932624894351733,0.000932624894351733,-0.00484161068851804,0.0,0.0,0.0,0.0449591650531243,2.0,1.0,0.0238712914438871,162.0,59.9999997154088,0.0,0.0
137,203.2,0.0187821801205639,0.0187821801205639,-0.0164213333333333,0.0,0.0,0.0,-4000000.00000001,-4000000.00000001,-45574496.1966624,0.0,0.0,0.0,0.000932624894351733,0.000932624894351733,-0.00484161068851804,0.0,0.0,0.0,0.0454264294821085,2.0,1.0,0.0241193878076087,163.2,59.9999997154088,0.0,0.0
138,204.4,0.0189657838579803,0.0189657838579803,-0.0165404444444444,0.0,0.0,0.0,-4000000.0,-4000000.0,-45574496.1966624,0.0,0.0,0.0,0.000932624894351732,0.000932624894351732,-0.00484161068851804,0.0,0.0,0.0,0.0458936939110926,2.0,1.0,0.0243674841713304,164.4,60.0,0.0,0.0
139,205.6,0.0191493875953967,0.0191493875953967,-0.0166595555555556,0.0,0.0,0.0,-4000000.0,-4000000.0,-45574496.1966624,0.0,0.0,0.0,0.000932624894351733,0.000932624894351733,-0.00484161068851804,0.0,0.0,0.0,0.0463609583400768,2.0,1.0,0.0246155805350521,165.6,59.9999997154088,0.0,0.0
140,206.8,0.019332991332813,0.019332991332813,-0.0167786666666667,0.0,0.0,0.0,-4000000.00000001,-4000000.00000001,-45574496.1966624,0.0,0.0,0.0,0.000932624894351732,0.000932624894351732,-0.00484161068851804,0.0,0.0,0.0,0.0468282227690609,2.0,1.0,0.0248636768987737,166.8,59.9999997154088,0.0,0.0
141,208.0,0.0195165950702294,0.0195165950702294,-0.0168977777777778,0.0,0.0,0.0,-4000000.0,-4000000.0,-45574496.1966624,0.0,0.0,0.0,0.000932624894351732,0.000932624894351732,-0.00484161068851804,0.0,0.0,0.0,0.0472954871980451,2.0,1.0,0.0251117732624954,168.0,59.9999997154088,0.0,0.0
142,209.2,0.0197001988076458,0.0197001988076458,-0.0170168888888889,0.0,0.0,0.0,-4000000.0,-4000000.0,-45574496.1966624,0.0,0.0,0.0,0.000932624894351732,0.000932624894351732,-0.00484161068851804,0.0,0.0,0.0,0.0477627516270292,2.0,1.0,0.0253598696262171,169.2,59.9999995975272,0.0,0.0
143,210.4,0.0198838025450622,0.0198838025450622,-0.017136,0.0,0.0,0.0,-4000000.00000001,-4000000.00000001,-45574496.1966624,0.0,0.0,0.0,0.000932624894351732,0.000932624894351732,-0.00484161068851804,0.0,0.0,0.0,0.0482300160560134,2.0,1.0,0.0256079659899387,170.4,60.0,0.0,0.0
144,211.6,0.0200674062824786,0.0200674062824786,-0.0172551111111111,0.0,0.0,0.0,-4000000.0,-4000000.0,-45574496.1966624,0.0,0.0,0.0,0.000932624894351733,0.000932624894351733,-0.00484161068851804,0.0,0.0,0.0,0.0486972804849975,2.0,1.0,0.0258560623536604,171.6,60.0,0.0,0.0
145,212.8,0.020251010019895,0.020251010019895,-0.0173742222222222,0.0,0.0,0.0,-4000000.00000001,-4000000.00000001,-45574496.1966624,0.0,0.0,0.0,0.000932624894351732,0.000932624894351732,-0.00484161068851804,0.0,0.0,0.0,0.0491645449139817,2.0,1.0,0.026104158717382,172.8,59.9999997154088,0.0,0.0
146,214.0,0.0204346137573114,0.0204346137573114,-0.0174933333333333,0.0,0.0,0.0,-4000000.0,-4000000.0,-45574496.1966624,0.0,0.0,0.0,0.000932624894351732,0.000932624894351732,-0.00484161068851804,0.0,0.0,0.0,0.0496318093429659,2.0,1.0,0.0263522550811037,174.0,59.9999997154088,0.0,0.0
147,215.2,0.0206182174947278,0.0206182174947278,-0.0176124444444444,0.0,0.0,0.0,-4000000.0,-4000000.0,-45574496.1966624,0.0,0.0,0.0,0.000932624894351732,0.000932624894351732,-0.00484161068851804,0.0,0.0,0.0,0.05009907377195,2.0,1.0,0.0266003514448254,175.2,59.9999997154088,0.0,0.0
148,216.4,0.0208018212321442,0.0208018212321442,-0.0177315555555556,0.0,0.0,0.0,-4000000.00000001,-4000000.00000001,-45574496.1966624,0.0,0.0,0.0,0.000932624894351732,0.000932624894351732,-0.00484161068851804,0.0,0.0,0.0,0.0505663382009342,2.0,1.0,0.026848447808547,176.4,59.9999994308176,0.0,0.0
149,217.6,0.0209854249695605,0.0209854249695605,-0.0178506666666667,0.0,0.0,0.0,-4000000.00000003,-4000000.0,-45574496.1966624,0.0,0.0,0.0,0.000932624894351729,0.000932624894351732,-0.00484161068851804,0.0,0.0,0.0,0.0510336026299183,2.0,1.0,0.0270965441722687,177.6,60.0,0.0,0.0
150,218.8,0.0211690287069769,0.0211690287069769,-0.0179697777777778,0.0,0.0,0.0,-3999999.99999998,-4000000.00000001,-45574496.1966624,0.0,0.0,0.0,0.000932624894351735,0.000932624894351731,-0.00484161068851804,0.0,0.0,0.0,0.0515008670589025,2.0,1.0,0.0273446405359904,178.8,59.9999995975272,0.0,0.0
151,220.0,0.0213526324443933,0.0213526324443933,-0.0180888888888889,0.0,0.0,0.0,-4000000.00000002,-4000000.00000002,-45574496.1966624,0.0,0.0,0.0,0.000932624894351731,0.000932624894351732,-0.00484161068851804,0.0,0.0,0.0,0.0519681314878866,2.0,1.0,0.027592736899712,180.0,59.9999997154088,0.0,0.0
152,221.2,0.0215362361818097,0.0215362361818097,-0.018208,0.0,0.0,0.0,-4000000.0,-4000000.0,-45574496.1966624,0.0,0.0,0.0,0.000932624894351732,0.000932624894351732,-0.00484161068851804,0.0,0.0,0.0,0.0524353959168708,2.0,1.0,0.0278408332634337,181.2,59.9999997154088,0.0,0.0
153,222.4,0.0217198399192261,0.0217198399192261,-0.0183271111111111,0.0,0.0,0.0,-4000000.0,-4000000.0,-45574496.1966624,0.0,0.0,0.0,0.000932624894351732,0.000932624894351732,-0.00484161068851804,0.0,0.0,0.0,0.0529026603458549,2.0,1.0,0.0280889296271553,182.4,59.9999995975272,0.0,0.0
154,223.6,0.0219034436566425,0.0219034436566425,-0.0184462222222222,0.0,0.0,0.0,-4000000.00000001,-4000000.00000001,-45574496.1966624,0.0,0.0,0.0,0.000932624894351732,0.000932624894351732,-0.00484161068851804,0.0,0.0,0.0,0.0533699247748391,2.0,1.0,0.028337025990877,183.6,59.9999995975272,0.0,0.0
155,224.8,0.0220870473940589,0.0220870473940589,-0.0185653333333333,0.0,0.0,0.0,-4000000.0,-4000000.0,-45574496.1966623,0.0,0.0,0.0,0.000932624894351731,0.000932624894351731,-0.00484161068851804,0.0,0.0,0.0,0.0538371892038232,2.0,1.0,0.0285851223545987,184.8,60.0,0.0,0.0
156,226.0,0.0222706511314753,0.0222706511314753,-0.0186844444444444,0.0,0.0,0.0,-4000000.0,-4000000.0,-45574496.1966624,0.0,0.0,0.0,0.000932624894351733,0.000932624894351733,-0.00484161068851804,0.0,0.0,0.0,0.0543044536328074,2.0,1.0,0.0288332187183203,186.0,60.0,0.0,0.0
157,227.2,0.0224542548688916,0.0224542548688916,-0.0188035555555556,0.0,0.0,0.0,-4000000.0,-4000000.0,-45574496.1966624,0.0,0.0,0.0,0.000932624894351732,0.000932624894351732,-0.00484161068851804,0.0,0.0,0.0,0.0547717180617915,2.0,1.0,0.029081315082042,187.2,60.0,0.0,0.0
158,228.4,0.022637858606308,0.022637858606308,-0.0189226666666667,0.0,0.0,0.0,-4000000.0,-4000000.0,-45574496.1966624,0.0,0.0,0.0,0.000932624894351733,0.000932624894351733,-0.00484161068851804,0.0,0.0,0.0,0.0552389824907757,2.0,1.0,0.0293294114457637,188.4,60.0,0.0,0.0
159,229.6,0.0228214623437244,0.0228214623437244,-0.0190417777777778,0.0,0.0,0.0,-4000000.0,-4000000.0,-45574496.1966624,0.0,0.0,0.0,0.000932624894351732,0.000932624894351732,-0.00484161068851804,0.0,0.0,0.0,0.0557062469197598,2.0,1.0,0.0295775078094853,189.6,60.0,0.0,0.0
160,230.8,0.0230050660811408,0.0230050660811408,-0.0191608888888889,0.0,0.0,0.0,-4000000.0,-4000000.0,-45574496.1966624,0.0,0.0,0.0,0.000932624894351733,0.000932624894351733,-0.00484161068851804,0.0,0.0,0.0,0.056173511348744,2.0,1.0,0.029825604173207,190.8,59.9999997154088,0.0,0.0
161,232.0,0.0231886698185572,0.0231886698185572,-0.01928,0.0,0.0,0.0,-4000000.00000001,-4000000.00000001,-45574496.1966624,0.0,0.0,0.0,0.000932624894351733,0.000932624894351733,-0.00484161068851804,0.0,0.0,0.0,0.0566407757777281,2.0,1.0,0.0300737005369286,192.0,59.9999997154088,0.0,0.0
162,233.2,0.0233722735559736,0.0233722735559736,-0.0193991111111111,0.0,0.0,0.0,-4000000.0,-4000000.0,-45574496.1966624,0.0,0.0,0.0,0.000932624894351732,0.000932624894351732,-0.00484161068851804,0.0,0.0,0.0,0.0571080402067123,2.0,1.0,0.0303217969006503,193.2,60.0,0.0,0.0
163,234.4,0.02355587729339,0.02355587729339,-0.0195182222222222,0.0,0.0,0.0,-4000000.0,-4000000.0,-45574496.1966624,0.0,0.0,0.0,0.000932624894351733,0.000932624894351733,-0.00484161068851804,0.0,0.0,0.0,0.0575753046356964,2.0,1.0,0.030569893264372,194.4,59.9999997154088,0.0,0.0
164,235.6,0.0237394810308064,0.0237394810308064,-0.0196373333333333,0.0,0.0,0.0,-4000000.00000001,-4000000.00000001,-45574496.1966624,0.0,0.0,0.0,0.000932624894351733,0.000932624894351733,-0.00484161068851804,0.0,0.0,0.0,0.0580425690646806,2.0,1.0,0.0308179896280936,195.6,59.9999997154088,0.0,0.0
165,236.8,0.0239230847682228,0.0239230847682227,-0.0197564444444444,0.0,0.0,0.0,-4000000.0,-4000000.0,-45574496.1966624,0.0,0.0,0.0,0.000932624894351732,0.000932624894351732,-0.00484161068851804,0.0,0.0,0.0,0.0585098334936647,2.0,1.0,0.0310660859918153,196.8,59.9999997154088,0.0,0.0
166,238.0,0.0241066885056391,0.0241066885056391,-0.0198755555555556,0.0,0.0,0.0,-4000000.0,-4000000.0,-45574496.1966624,0.0,0.0,0.0,0.000932624894351732,0.000932624894351732,-0.00484161068851804,0.0,0.0,0.0,0.0589770979226489,2.0,1.0,0.031314182355537,198.0,59.9999997154088,0.0,0.0
167,239.2,0.0242902922430555,0.0242902922430555,-0.0199946666666667,0.0,0.0,0.0,-4000000.0,-4000000.0,-45574496.1966624,0.0,0.0,0.0,0.000932624894351732,0.000932624894351732,-0.00484161068851804,0.0,0.0,0.0,0.059444362351633,2.0,1.0,0.0315622787192586,199.2,60.0,0.0,0.0
168,240.4,0.0244738959804719,0.0244738959804719,-0.0201137777777778,0.0,0.0,0.0,-4000000.00000001,-4000000.00000001,-45574496.1966624,0.0,0.0,0.0,0.000932624894351733,0.000932624894351733,-0.00484161068851804,0.0,0.0,0.0,0.0599116267806172,2.0,1.0,0.0318103750829803,200.4,59.9999997154088,0.0,0.0
169,241.6,0.0246574997178883,0.0246574997178883,-0.0202328888888889,0.0,0.0,0.0,-4000000.0,-4000000.0,-45574496.1966624,0.0,0.0,0.0,0.000932624894351732,0.000932624894351732,-0.00484161068851804,0.0,0.0,0.0,0.0603788912096014,2.0,1.0,0.0320584714467019,201.6,59.9999997154088,0.0,0.0
170,242.8,0.0248411034553047,0.0248411034553047,-0.020352,0.0,0.0,0.0,-3999999.99999999,-3999999.99999999,-45574496.1966624,0.0,0.0,0.0,0.000932624894351732,0.000932624894351732,-0.00484161068851804,0.0,0.0,0.0,0.0608461556385855,2.0,1.0,0.0323065678104236,202.8,59.9999997154088,0.0,0.0
171,244.0,0.0250247071927211,0.0250247071927211,-0.0204711111111111,0.0,0.0,0.0,-4000000.0,-4000000.0,-45574496.1966624,0.0,0.0,0.0,0.000932624894351732,0.000932624894351732,-0.00484161068851804,0.0,0.0,0.0,0.0613134200675697,2.0,1.0,0.0325546641741453,204.0,59.9999995975272,0.0,0.0
172,245.2,0.0252083109301375,0.0252083109301375,-0.0205902222222222,0.0,0.0,0.0,-4000000.00000001,-4000000.00000001,-45574496.1966624,0.0,0.0,0.0,0.000932624894351732,0.000932624894351732,-0.00484161068851804,0.0,0.0,0.0,0.0617806844965538,2.0,1.0,0.0328027605378669,205.2,59.9999997154088,0.0,0.0
173,246.4,0.0253919146675539,0.0253919146675538,-0.0207093333333333,0.0,0.0,0.0,-4000000.0,-4000000.0,-45574496.1966624,0.0,0.0,0.0,0.000932624894351733,0.000932624894351733,-0.00484161068851804,0.0,0.0,0.0,0.062247948925538,2.0,1.0,0.0330508569015886,206.4,60.0,0.0,0.0
174,247.6,0.0255755184049702,0.0255755184049702,-0.0208284444444444,0.0,0.0,0.0,-4000000.00000001,-4000000.00000001,-45574496.1966624,0.0,0.0,0.0,0.000932624894351732,0.000932624894351732,-0.00484161068851804,0.0,0.0,0.0,0.0627152133545221,2.0,1.0,0.0332989532653103,207.6,59.9999997154088,0.0,0.0
175,248.8,0.0257591221423866,0.0257591221423866,-0.0209475555555556,0.0,0.0,0.0,-4000000.0,-4000000.0,-45574496.1966624,0.0,0.0,0.0,0.000932624894351732,0.000932624894351732,-0.00484161068851804,0.0,0.0,0.0,0.0631824777835063,2.0,1.0,0.0335470496290319,208.8,59.9999997154088,0.0,0.0
176,250.0,0.025942725879803,0.025942725879803,-0.0210666666666667,0.0,0.0,0.0,-4000000.0,-4000000.0,-45574496.1966624,0.0,0.0,0.0,0.000932624894351733,0.000932624894351733,-0.00484161068851804,0.0,0.0,0.0,0.0636497422124904,2.0,1.0,0.0337951459927536,210.0,59.9999997154088,0.0,0.0
177,251.2,0.0261263296172194,0.0261263296172194,-0.0211857777777778,0.0,0.0,0.0,-4000000.00000001,-4000000.00000001,-45574496.1966624,0.0,0.0,0.0,0.000932624894351732,0.000932624894351732,-0.00484161068851804,0.0,0.0,0.0,0.0641170066414746,2.0,1.0,0.0340432423564752,211.2,60.0,0.0,0.0
178,252.4,0.0263099333546358,0.0263099333546358,-0.0213048888888889,0.0,0.0,0.0,-3999999.99999999,-3999999.99999999,-45574496.1966624,0.0,0.0,0.0,0.000932624894351732,0.000932624894351732,-0.00484161068851804,0.0,0.0,0.0,0.0645842710704588,2.0,1.0,0.0342913387201969,212.4,59.9999995975272,0.0,0.0
179,253.6,0.0264935370920522,0.0264935370920522,-0.021424,0.0,0.0,0.0,-4000000.00000001,-4000000.00000001,-45574496.1966624,0.0,0.0,0.0,0.000932624894351731,0.000932624894351731,-0.00484161068851804,0.0,0.0,0.0,0.0650515354994429,2.0,1.0,0.0345394350839186,213.6,60.0,0.0,0.0
180,254.8,0.0266771408294686,0.0266771408294686,-0.0215431111111111,0.0,0.0,0.0,-4000000.0,-4000000.0,-45574496.1966624,0.0,0.0,0.0,0.000932624894351732,0.000932624894351732,-0.00484161068851804,0.0,0.0,0.0,0.065518799928427,2.0,1.0,0.0347875314476402,214.8,60.0,0.0,0.0
181,256.0,0.0268607445668849,0.0268607445668849,-0.0216622222222222,0.0,0.0,0.0,-4000000.0,-4000000.0,-45574496.1966624,0.0,0.0,0.0,0.000932624894351733,0.000932624894351733,-0.00484161068851804,0.0,0.0,0.0,0.0659860643574112,2.0,1.0,0.0350356278113619,216.0,59.9999997154088,0.0,0.0
182,257.2,0.0270443483043013,0.0270443483043013,-0.0217813333333333,0.0,0.0,0.0,-4000000.00000001,-4000000.00000001,-45574496.1966624,0.0,0.0,0.0,0.000932624894351733,0.000932624894351733,-0.00484161068851804,0.0,0.0,0.0,0.0664533287863953,2.0,1.0,0.0352837241750835,217.2,59.9999997154088,0.0,0.0
183,258.4,0.0272279520417177,0.0272279520417177,-0.0219004444444444,0.0,0.0,0.0,-4000000.0,-4000000.0,-45574496.1966624,0.0,0.0,0.0,0.000932624894351732,0.000932624894351732,-0.00484161068851804,0.0,0.0,0.0,0.0669205932153795,2.0,1.0,0.0355318205388052,218.4,59.9999997154088,0.0,0.0
184,259.6,0.0274115557791341,0.0274115557791341,-0.0220195555555556,0.0,0.0,0.0,-4000000.0,-4000000.0,-45574496.1966624,0.0,0.0,0.0,0.000932624894351732,0.000932624894351732,-0.00484161068851804,0.0,0.0,0.0,0.0673878576443637,2.0,1.0,0.0357799169025269,219.6,59.9999997154088,0.0,0.0
185,260.8,0.0275951595165505,0.0275951595165505,-0.0221386666666667,0.0,0.0,0.0,-4000000.0,-4000000.0,-45574496.1966624,0.0,0.0,0.0,0.000932624894351732,0.000932624894351732,-0.00484161068851804,0.0,0.0,0.0,0.0678551220733478,2.0,1.0,0.0360280132662485,220.8,59.9999995975272,0.0,0.0
186,262.0,0.0277787632539669,0.0277787632539669,-0.0222577777777778,0.0,0.0,0.0,-4000000.0,-4000000.0,-45574496.1966623,0.0,0.0,0.0,0.000932624894351732,0.000932624894351732,-0.00484161068851804,0.0,0.0,0.0,0.068322386502332,2.0,1.0,0.0362761096299702,222.0,59.9999997154088,0.0,0.0
187,263.2,0.0279623669913833,0.0279623669913833,-0.0223768888888889,0.0,0.0,0.0,-4000000.0,-4000000.0,-45574496.1966624,0.0,0.0,0.0,0.000932624894351732,0.000932624894351732,-0.00484161068851804,0.0,0.0,0.0,0.0687896509313161,2.0,1.0,0.0365242059936919,223.2,59.9999995975272,0.0,0.0
188,264.4,0.0281459707287997,0.0281459707287997,-0.022496,0.0,0.0,0.0,-4000000.00000001,-4000000.00000001,-45574496.1966624,0.0,0.0,0.0,0.000932624894351731,0.000932624894351731,-0.00484161068851804,0.0,0.0,0.0,0.0692569153603003,2.0,1.0,0.0367723023574135,224.4,60.0,0.0,0.0
189,265.6,0.0283295744662161,0.0283295744662161,-0.0226151111111111,0.0,0.0,0.0,-4000000.0,-4000000.0,-45574496.1966624,0.0,0.0,0.0,0.000932624894351732,0.000932624894351732,-0.00484161068851804,0.0,0.0,0.0,0.0697241797892844,2.0,1.0,0.0370203987211352,225.6,59.9999997154088,0.0,0.0
190,266.8,0.0285131782036324,0.0285131782036324,-0.0227342222222222,0.0,0.0,0.0,-4000000.0,-4000000.0,-45574496.1966624,0.0,0.0,0.0,0.000932624894351732,0.000932624894351732,-0.00484161068851804,0.0,0.0,0.0,0.0701914442182686,2.0,1.0,0.0372684950848568,226.8,59.9999995975272,0.0,0.0
191,268.0,0.0286967819410488,0.0286967819410488,-0.0228533333333333,0.0,0.0,0.0,-4000000.0,-4000000.0,-45574496.1966623,0.0,0.0,0.0,0.000932624894351732,0.000932624894351732,-0.00484161068851804,0.0,0.0,0.0,0.0706587086472527,2.0,1.0,0.0375165914485785,228.0,59.9999997154088,0.0,0.0
192,269.2,0.0288803856784652,0.0288803856784652,-0.0229724444444444,0.0,0.0,0.0,-4000000.0,-4000000.0,-45574496.1966624,0.0,0.0,0.0,0.000932624894351732,0.000932624894351732,-0.00484161068851804,0.0,0.0,0.0,0.0711259730762369,2.0,1.0,0.0377646878123002,229.2,59.9999997154088,0.0,0.0
193,270.4,0.0290639894158816,0.0290639894158816,-0.0230915555555556,0.0,0.0,0.0,-3999999.99999999,-3999999.99999999,-45574496.1966624,0.0,0.0,0.0,0.000932624894351732,0.000932624894351732,-0.00484161068851804,0.0,0.0,0.0,0.071593237505221,2.0,1.0,0.0380127841760218,230.4,60.0,0.0,0.0
194,271.6,0.029247593153298,0.029247593153298,-0.0232106666666667,0.0,0.0,0.0,-4000000.0,-4000000.0,-45574496.1966624,0.0,0.0,0.0,0.000932624894351733,0.000932624894351733,-0.00484161068851804,0.0,0.0,0.0,0.0720605019342052,2.0,1.0,0.0382608805397435,231.6,60.0,0.0,0.0
195,272.8,0.0294311968907144,0.0294311968907144,-0.0233297777777778,0.0,0.0,0.0,-4000000.00000001,-4000000.00000001,-45574496.1966624,0.0,0.0,0.0,0.000932624894351732,0.000932624894351732,-0.00484161068851804,0.0,0.0,0.0,0.0725277663631893,2.0,1.0,0.0385089769034652,232.8,59.9999997154088,0.0,0.0
196,274.0,0.0296148006281308,0.0296148006281308,-0.0234488888888889,0.0,0.0,0.0,-4000000.0,-4000000.0,-45574496.1966624,0.0,0.0,0.0,0.000932624894351732,0.000932624894351732,-0.00484161068851804,0.0,0.0,0.0,0.0729950307921735,2.0,1.0,0.0387570732671868,234.0,59.9999997154088,0.0,0.0
197,275.2,0.0297984043655471,0.0297984043655471,-0.023568,0.0,0.0,0.0,-4000000.0,-4000000.0,-45574496.1966624,0.0,0.0,0.0,0.000932624894351733,0.000932624894351733,-0.00484161068851804,0.0,0.0,0.0,0.0734622952211576,2.0,1.0,0.0390051696309085,235.2,59.9999997154088,0.0,0.0
198,276.4,0.0299820081029635,0.0299820081029635,-0.0236871111111111,0.0,0.0,0.0,-4000000.00000001,-4000000.00000001,-45574496.1966624,0.0,0.0,0.0,0.000932624894351732,0.000932624894351732,-0.00484161068851804,0.0,0.0,0.0,0.0739295596501418,2.0,1.0,0.0392532659946301,236.4,59.9999995070736,0.0,0.0
199,277.6,0.0301656118403799,0.0301656118403799,-0.0238062222222222,0.0,0.0,0.0,-4000000.00000001,-4000000.00000001,-45574496.1966624,0.0,0.0,0.0,0.000932624894351731,0.000932624894351731,-0.00484161068851804,0.0,0.0,0.0,0.074396824079126,2.0,1.0,0.0395013623583518,237.6,59.9999997154088,0.0,0.0
200,278.8,0.0303492155777963,0.0303492155777963,-0.0239253333333333,0.0,0.0,0.0,-4000000.0,-4000000.0,-45574496.1966624,0.0,0.0,0.0,0.000932624894351732,0.000932624894351732,-0.00484161068851804,0.0,0.0,0.0,0.0748640885081101,2.0,1.0,0.0397494587220735,238.8,59.9999997154088,0.0,0.0
201,280.0,0.0305328193152127,0.0305328193152127,-0.0240444444444444,0.0,0.0,0.0,-4000000.0,-4000000.0,-45574496.1966624,0.0,0.0,0.0,0.000932624894351732,0.000932624894351732,-0.00484161068851804,0.0,0.0,0.0,0.0753313529370943,2.0,1.0,0.0399975550857952,240.0,59.9999997154088,0.0,0.0
202,281.2,0.0307164230526291,0.0307164230526291,-0.0241635555555556,0.0,0.0,0.0,-4000000.0,-4000000.0,-45574496.1966624,0.0,0.0,0.0,0.000932624894351732,0.000932624894351732,-0.00484161068851804,0.0,0.0,0.0,0.0757986173660784,2.0,1.0,0.0402456514495168,241.2,60.0,0.0,0.0
203,282.4,0.0309000267900455,0.0309000267900455,-0.0242826666666667,0.0,0.0,0.0,-4000000.0,-4000000.0,-45574496.1966624,0.0,0.0,0.0,0.000932624894351733,0.000932624894351733,-0.00484161068851804,0.0,0.0,0.0,0.0762658817950626,2.0,1.0,0.0404937478132385,242.4,60.0,0.0,0.0
204,283.6,0.0310836305274619,0.0310836305274619,-0.0244017777777778,0.0,0.0,0.0,-4000000.0,-4000000.0,-45574496.1966624,0.0,0.0,0.0,0.000932624894351732,0.000932624894351732,-0.00484161068851804,0.0,0.0,0.0,0.0767331462240467,2.0,1.0,0.0407418441769601,243.6,60.0,0.0,0.0
205,284.8,0.0312672342648782,0.0312672342648782,-0.0245208888888889,0.0,0.0,0.0,-3999999.99999999,-4000000.00000002,-45574496.1966624,0.0,0.0,0.0,0.000932624894351735,0.000932624894351731,-0.00484161068851804,0.0,0.0,0.0,0.0772004106530308,2.0,1.0,0.0409899405406818,244.8,60.0,0.0,0.0
206,286.0,0.0314508380022946,0.0314508380022946,-0.02464,0.0,0.0,0.0,-4000000.0,-4000000.0,-45574496.1966624,0.0,0.0,0.0,0.000932624894351732,0.000932624894351733,-0.00484161068851804,0.0,0.0,0.0,0.077667675082015,2.0,1.0,0.0412380369044035,246.0,60.0,0.0,0.0
207,287.2,0.031634441739711,0.031634441739711,-0.0247591111111111,0.0,0.0,0.0,-4000000.0,-4000000.0,-45574496.1966624,0.0,0.0,0.0,0.000932624894351732,0.000932624894351732,-0.00484161068851804,0.0,0.0,0.0,0.0781349395109992,2.0,1.0,0.0414861332681251,247.2,59.9999997154088,0.0,0.0
208,288.4,0.0318180454771274,0.0318180454771274,-0.0248782222222222,0.0,0.0,0.0,-4000000.0,-4000000.0,-45574496.1966624,0.0,0.0,0.0,0.000932624894351732,0.000932624894351732,-0.00484161068851804,0.0,0.0,0.0,0.0786022039399833,2.0,1.0,0.0417342296318468,248.4,60.0,0.0,0.0
209,289.6,0.0320016492145438,0.0320016492145438,-0.0249973333333333,0.0,0.0,0.0,-4000000.0,-4000000.0,-45574496.1966624,0.0,0.0,0.0,0.000932624894351733,0.000932624894351733,-0.00484161068851804,0.0,0.0,0.0,0.0790694683689675,2.0,1.0,0.0419823259955685,249.6,59.9999997154088,0.0,0.0
210,290.8,0.0321852529519602,0.0321852529519602,-0.0251164444444444,0.0,0.0,0.0,-4000000.00000001,-4000000.00000001,-45574496.1966624,0.0,0.0,0.0,0.000932624894351732,0.000932624894351732,-0.00484161068851804,0.0,0.0,0.0,0.0795367327979516,2.0,1.0,0.0422304223592901,250.8,60.0,0.0,0.0
211,292.0,0.0323688566893766,0.0323688566893766,-0.0252355555555556,0.0,0.0,0.0,-3999999.99999999,-3999999.99999999,-45574496.1966624,0.0,0.0,0.0,0.000932624894351733,0.000932624894351733,-0.00484161068851804,0.0,0.0,0.0,0.0800039972269358,2.0,1.0,0.0424785187230118,252.0,60.0,0.0,0.0
212,293.2,0.032552460426793,0.032552460426793,-0.0253546666666667,0.0,0.0,0.0,-4000000.00000001,-4000000.00000001,-45574496.1966624,0.0,0.0,0.0,0.000932624894351733,0.000932624894351733,-0.00484161068851805,0.0,0.0,0.0,0.0804712616559199,2.0,1.0,0.0427266150867334,253.2,59.9999995070736,0.0,0.0
213,294.4,0.0327360641642094,0.0327360641642094,-0.0254737777777778,0.0,0.0,0.0,-4000000.00000003,-4000000.00000003,-45574496.1966624,0.0,0.0,0.0,0.000932624894351731,0.000932624894351731,-0.00484161068851804,0.0,0.0,0.0,0.0809385260849041,2.0,1.0,0.0429747114504551,254.4,59.9999995975272,0.0,0.0
214,295.6,0.0329196679016258,0.0329196679016258,-0.0255928888888889,0.0,0.0,0.0,-4000000.0,-4000000.0,-45574496.1966623,0.0,0.0,0.0,0.000932624894351731,0.000932624894351731,-0.00484161068851804,0.0,0.0,0.0,0.0814057905138883,2.0,1.0,0.0432228078141768,255.6,59.9999997154088,0.0,0.0
215,296.8,0.0331032716390422,0.0331032716390422,-0.025712,0.0,0.0,0.0,-4000000.0,-4000000.0,-45574496.1966624,0.0,0.0,0.0,0.000932624894351732,0.000932624894351732,-0.00484161068851804,0.0,0.0,0.0,0.0818730549428724,2.0,1.0,0.0434709041778984,256.8,59.9999995975272,0.0,0.0
216,298.0,0.0332868753764586,0.0332868753764586,-0.0258311111111111,0.0,0.0,0.0,-4000000.00000001,-4000000.00000001,-45574496.1966624,0.0,0.0,0.0,0.000932624894351732,0.000932624894351732,-0.00484161068851804,0.0,0.0,0.0,0.0823403193718566,2.0,1.0,0.0437190005416201,258.0,59.9999995975272,0.0,0.0
217,299.2,0.0334704791138749,0.0334704791138749,-0.0259502222222222,0.0,0.0,0.0,-4000000.0,-4000000.0,-45574496.1966623,0.0,0.0,0.0,0.000932624894351731,0.000932624894351731,-0.00484161068851804,0.0,0.0,0.0,0.0828075838008407,2.0,1.0,0.0439670969053418,259.2,59.9999995975272,0.0,0.0
218,300.4,0.0336540828512913,0.0336540828512913,-0.0260693333333333,0.0,0.0,0.0,-4000000.0,-4000000.0,-45574496.1966623,0.0,0.0,0.0,0.000932624894351732,0.000932624894351732,-0.00484161068851804,0.0,0.0,0.0,0.0832748482298249,2.0,1.0,0.0442151932690634,260.4,60.0,0.0,0.0
219,301.6,0.0338376865887077,0.0338376865887077,-0.0261884444444444,0.0,0.0,0.0,-4000000.0,-4000000.0,-45574496.1966624,0.0,0.0,0.0,0.000932624894351733,0.000932624894351733,-0.00484161068851804,0.0,0.0,0.0,0.083742112658809,2.0,1.0,0.0444632896327851,261.6,60.0,0.0,0.0
220,302.8,0.0340212903261241,0.0340212903261241,-0.0263075555555556,0.0,0.0,0.0,-4000000.00000001,-4000000.00000001,-45574496.1966624,0.0,0.0,0.0,0.000932624894351733,0.000932624894351733,-0.00484161068851804,0.0,0.0,0.0,0.0842093770877932,2.0,1.0,0.0447113859965067,262.8,59.9999995975272,0.0,0.0
221,304.0,0.0342048940635405,0.0342048940635405,-0.0264266666666667,0.0,0.0,0.0,-4000000.00000002,-4000000.00000002,-45574496.1966624,0.0,0.0,0.0,0.000932624894351731,0.000932624894351731,-0.00484161068851804,0.0,0.0,0.0,0.0846766415167773,2.0,1.0,0.0449594823602284,264.0,60.0,0.0,0.0
222,305.2,0.0343884978009569,0.0343884978009569,-0.0265457777777778,0.0,0.0,0.0,-4000000.00000001,-4000000.00000001,-45574496.1966624,0.0,0.0,0.0,0.000932624894351732,0.000932624894351732,-0.00484161068851804,0.0,0.0,0.0,0.0851439059457615,2.0,1.0,0.0452075787239501,265.2,59.9999997154088,0.0,0.0
223,306.4,0.0345721015383733,0.0345721015383733,-0.0266648888888889,0.0,0.0,0.0,-4000000.0,-4000000.0,-45574496.1966624,0.0,0.0,0.0,0.000932624894351732,0.000932624894351732,-0.00484161068851804,0.0,0.0,0.0,0.0856111703747456,2.0,1.0,0.0454556750876717,266.4,59.9999995975272,0.0,0.0
224,307.6,0.0347557052757897,0.0347557052757897,-0.026784,0.0,0.0,0.0,-4000000.00000002,-4000000.00000002,-45574496.1966624,0.0,0.0,0.0,0.000932624894351731,0.000932624894351731,-0.00484161068851804,0.0,0.0,0.0,0.0860784348037298,2.0,1.0,0.0457037714513934,267.6,60.0,0.0,0.0
225,308.8,0.0349393090132061,0.0349393090132061,-0.0269031111111111,0.0,0.0,0.0,-4000000.00000001,-4000000.00000001,-45574496.1966624,0.0,0.0,0.0,0.000932624894351733,0.000932624894351733,-0.00484161068851804,0.0,0.0,0.0,0.0865456992327139,2.0,1.0,0.0459518678151151,268.8,60.0,0.0,0.0
226,310.0,0.0351229127506225,0.0351229127506225,-0.0270222222222222,0.0,0.0,0.0,-4000000.00000001,-4000000.00000001,-45574496.1966624,0.0,0.0,0.0,0.000932624894351732,0.000932624894351732,-0.00484161068851804,0.0,0.0,0.0,0.0870129636616981,2.0,1.0,0.0461999641788367,270.0,59.9999995070736,0.0,0.0
227,311.2,0.0353065164880388,0.0353065164880388,-0.0271413333333333,0.0,0.0,0.0,-4000000.00000002,-4000000.00000002,-45574496.1966624,0.0,0.0,0.0,0.000932624894351731,0.000932624894351731,-0.00484161068851804,0.0,0.0,0.0,0.0874802280906822,2.0,1.0,0.0464480605425584,271.2,59.9999995975272,0.0,0.0
228,312.4,0.0354901202254552,0.0354901202254552,-0.0272604444444444,0.0,0.0,0.0,-3999999.99999999,-3999999.99999999,-45574496.1966623,0.0,0.0,0.0,0.000932624894351732,0.000932624894351732,-0.00484161068851804,0.0,0.0,0.0,0.0879474925196664,2.0,1.0,0.0466961569062801,272.4,59.9999997154088,0.0,0.0
229,313.6,0.0356737239628716,0.0356737239628716,-0.0273795555555556,0.0,0.0,0.0,-4000000.0,-4000000.0,-45574496.1966624,0.0,0.0,0.0,0.000932624894351732,0.000932624894351732,-0.00484161068851804,0.0,0.0,0.0,0.0884147569486505,2.0,1.0,0.0469442532700017,273.6,59.9999995975272,0.0,0.0
230,314.8,0.035857327700288,0.035857327700288,-0.0274986666666667,0.0,0.0,0.0,-4000000.0,-4000000.0,-45574496.1966623,0.0,0.0,0.0,0.000932624894351731,0.000932624894351731,-0.00484161068851804,0.0,0.0,0.0,0.0888820213776347,2.0,1.0,0.0471923496337234,274.8,60.0,0.0,0.0
231,316.0,0.0360409314377044,0.0360409314377044,-0.0276177777777778,0.0,0.0,0.0,-4000000.0,-4000000.0,-45574496.1966624,0.0,0.0,0.0,0.000932624894351732,0.000932624894351732,-0.00484161068851804,0.0,0.0,0.0,0.0893492858066188,2.0,1.0,0.047440445997445,276.0,59.9999995975272,0.0,0.0
232,317.2,0.0362245351751208,0.0362245351751208,-0.0277368888888889,0.0,0.0,0.0,-4000000.00000001,-4000000.00000001,-45574496.1966624,0.0,0.0,0.0,0.000932624894351731,0.000932624894351731,-0.00484161068851804,0.0,0.0,0.0,0.089816550235603,2.0,1.0,0.0476885423611667,277.2,60.0,0.0,0.0
233,318.4,0.0364081389125372,0.0364081389125372,-0.027856,0.0,0.0,0.0,-3999999.99999999,-3999999.99999999,-45574496.1966624,0.0,0.0,0.0,0.000932624894351732,0.000932624894351732,-0.00484161068851804,0.0,0.0,0.0,0.0902838146645872,2.0,1.0,0.0479366387248884,278.4,59.9999997154088,0.0,0.0
234,319.6,0.0365917426499536,0.0365917426499536,-0.0279751111111111,0.0,0.0,0.0,-4000000.00000001,-4000000.00000001,-45574496.1966624,0.0,0.0,0.0,0.000932624894351732,0.000932624894351732,-0.00484161068851804,0.0,0.0,0.0,0.0907510790935713,2.0,1.0,0.04818473508861,279.6,59.9999997154088,0.0,0.0
235,320.8,0.03677534638737,0.03677534638737,-0.0280942222222222,0.0,0.0,0.0,-4000000.0,-4000000.0,-45574496.1966624,0.0,0.0,0.0,0.000932624894351732,0.000932624894351732,-0.00484161068851804,0.0,0.0,0.0,0.0912183435225555,2.0,1.0,0.0484328314523317,280.8,59.9999997154088,0.0,0.0
236,322.0,0.0369589501247863,0.0369589501247863,-0.0282133333333333,0.0,0.0,0.0,-3999999.99999999,-3999999.99999999,-45574496.1966624,0.0,0.0,0.0,0.000932624894351732,0.000932624894351732,-0.00484161068851804,0.0,0.0,0.0,0.0916856079515396,2.0,1.0,0.0486809278160534,282.0,60.0,0.0,0.0
237,323.2,0.0371425538622027,0.0371425538622027,-0.0283324444444444,0.0,0.0,0.0,-4000000.00000001,-4000000.00000001,-45574496.1966624,0.0,0.0,0.0,0.000932624894351733,0.000932624894351733,-0.00484161068851804,0.0,0.0,0.0,0.0921528723805237,2.0,1.0,0.048929024179775,283.2,59.9999997154088,0.0,0.0
238,324.4,0.0373261575996191,0.0373261575996191,-0.0284515555555556,0.0,0.0,0.0,-4000000.0,-4000000.0,-45574496.1966624,0.0,0.0,0.0,0.000932624894351732,0.000932624894351732,-0.00484161068851804,0.0,0.0,0.0,0.0926201368095079,2.0,1.0,0.0491771205434967,284.4,60.0,0.0,0.0
239,325.6,0.0375097613370355,0.0375097613370355,-0.0285706666666667,0.0,0.0,0.0,-4000000.00000001,-4000000.00000001,-45574496.1966624,0.0,0.0,0.0,0.000932624894351733,0.000932624894351733,-0.00484161068851805,0.0,0.0,0.0,0.093087401238492,2.0,1.0,0.0494252169072183,285.6,60.0,0.0,0.0
240,326.8,0.0376933650744519,0.0376933650744519,-0.0286897777777778,0.0,0.0,0.0,-4000000.0,-4000000.0,-45574496.1966624,0.0,0.0,0.0,0.000932624894351733,0.000932624894351733,-0.00484161068851804,0.0,0.0,0.0,0.0935546656674762,2.0,1.0,0.04967331327094,286.8,59.9999995070736,0.0,0.0
241,328.0,0.0378769688118683,0.0378769688118683,-0.0288088888888889,0.0,0.0,0.0,-4000000.00000002,-4000000.00000002,-45574496.1966624,0.0,0.0,0.0,0.000932624894351731,0.000932624894351731,-0.00484161068851804,0.0,0.0,0.0,0.0940219300964604,2.0,1.0,0.0499214096346617,288.0,59.9999995975272,0.0,0.0
242,329.2,0.0380605725492847,0.0380605725492847,-0.028928,0.0,0.0,0.0,-4000000.0,-4000000.0,-45574496.1966623,0.0,0.0,0.0,0.000932624894351731,0.000932624894351731,-0.00484161068851804,0.0,0.0,0.0,0.0944891945254445,2.0,1.0,0.0501695059983833,289.2,60.0,0.0,0.0
243,330.4,0.0382441762867011,0.0382441762867011,-0.0290471111111111,0.0,0.0,0.0,-4000000.00000001,-4000000.00000001,-45574496.1966624,0.0,0.0,0.0,0.000932624894351733,0.000932624894351733,-0.00484161068851804,0.0,0.0,0.0,0.0949564589544287,2.0,1.0,0.050417602362105,290.4,60.0,0.0,0.0
244,331.6,0.0384277800241174,0.0384277800241174,-0.0291662222222222,0.0,0.0,0.0,-4000000.0,-4000000.0,-45574496.1966624,0.0,0.0,0.0,0.000932624894351732,0.000932624894351732,-0.00484161068851804,0.0,0.0,0.0,0.0954237233834128,2.0,1.0,0.0506656987258266,291.6,60.0,0.0,0.0
245,332.8,0.0386113837615338,0.0386113837615338,-0.0292853333333333,0.0,0.0,0.0,-4000000.0,-4000000.0,-45574496.1966624,0.0,0.0,0.0,0.000932624894351733,0.000932624894351733,-0.00484161068851804,0.0,0.0,0.0,0.095890987812397,2.0,1.0,0.0509137950895483,292.8,60.0,0.0,0.0
246,334.0,0.0387949874989502,0.0387949874989502,-0.0294044444444444,0.0,0.0,0.0,-4000000.0,-4000000.0,-45574496.1966624,0.0,0.0,0.0,0.000932624894351733,0.000932624894351733,-0.00484161068851804,0.0,0.0,0.0,0.0963582522413812,2.0,1.0,0.05116189145327,294.0,60.0,0.0,0.0
247,335.2,0.0389785912363666,0.0389785912363666,-0.0295235555555556,0.0,0.0,0.0,-4000000.00000001,-4000000.00000001,-45574496.1966624,0.0,0.0,0.0,0.000932624894351733,0.000932624894351733,-0.00484161068851805,0.0,0.0,0.0,0.0968255166703653,2.0,1.0,0.0514099878169916,295.2,59.9999995070736,0.0,0.0
248,336.4,0.039162194973783,0.039162194973783,-0.0296426666666667,0.0,0.0,0.0,-4000000.00000003,-4000000.00000003,-45574496.1966624,0.0,0.0,0.0,0.000932624894351731,0.000932624894351731,-0.00484161068851804,0.0,0.0,0.0,0.0972927810993494,2.0,1.0,0.0516580841807133,296.4,60.0,0.0,0.0
249,337.6,0.0393457987111994,0.0393457987111994,-0.0297617777777778,0.0,0.0,0.0,-4000000.0,-4000000.0,-45574496.1966624,0.0,0.0,0.0,0.000932624894351733,0.000932624894351733,-0.00484161068851804,0.0,0.0,0.0,0.0977600455283336,2.0,1.0,0.051906180544435,297.6,59.9999997154088,0.0,0.0
250,338.8,0.0395294024486158,0.0395294024486158,-0.0298808888888889,0.0,0.0,0.0,-4000000.00000001,-4000000.00000001,-45574496.1966624,0.0,0.0,0.0,0.000932624894351732,0.000932624894351732,-0.00484161068851804,0.0,0.0,0.0,0.0982273099573178,2.0,1.0,0.0521542769081566,298.8,60.0,0.0,0.0
251,340.0,0.0397130061860322,0.0397130061860322,-0.03,0.0,0.0,0.0,-4000000.0,-4000000.0,-45574496.1966624,0.0,0.0,0.0,0.000932624894351733,0.000932624894351733,-0.00484161068851804,0.0,0.0,0.0,0.0986945743863019,2.0,1.0,0.0524023732718783,300.0,60.0,0.0,0.0
