,INST,EPXX,EPYY,EPZZ,EPXY,EPXZ,EPYZ,SIXX,SIYY,SIZZ,SIXY,SIXZ,SIYZ,EPXX_EL,EPYY_EL,EPZZ_EL,EPXY_EL,EPXZ_EL,EPYZ_EL,LAMBDA,NITER,IP,EVP,TIME,E_STORED,E_DISSIPATED
0,0.0,0.0,0.0,0.0,0.0,0.0,0.0,0.0,0.0,0.0,0.0,0.0,0.0,0.0,0.0,0.0,0.0,0.0,0.0,0.0,0.0,0.0,0.0,0.0,0.0,0.0
1,40.0,-0.000222222222222222,-0.000222222222222222,-0.000222222222222222,0.0,0.0,0.0,-4000000.0,-4000000.0,-4000000.0,0.0,0.0,0.0,-0.000222222222222222,-0.000222222222222222,-0.000222222222222222,0.0,0.0,0.0,0.0,2.0,0.0,0.0,40.0,0.0,0.0
2,41.2,-0.000192444444444444,-0.000192444444444444,-0.000341333333333333,0.0,0.0,0.0,-4000000.0,-4000000.0,-5072000.0,0.0,0.0,0.0,-0.000192444444444444,-0.000192444444444444,-0.000341333333333334,0.0,0.0,0.0,0.0,2.0,0.0,0.0,1.2,0.0,0.0
3,42.4,-0.000162666666666666,-0.000162666666666667,-0.000460444444444444,0.0,0.0,0.0,-4000000.0,-4000000.0,-6144000.0,0.0,0.0,0.0,-0.000162666666666667,-0.000162666666666667,-0.000460444444444444,0.0,0.0,0.0,0.0,2.0,0.0,0.0,2.4,0.0,0.0
4,43.6,-0.000132888888888889,-0.000132888888888889,-0.000579555555555555,0.0,0.0,0.0,-4000000.0,-4000000.0,-7216000.0,0.0,0.0,0.0,-0.000132888888888889,-0.000132888888888889,-0.000579555555555556,0.0,0.0,0.0,0.0,2.0,0.0,0.0,3.6,0.0,0.0
5,44.8,-0.000103111111111111,-0.000103111111111111,-0.000698666666666666,0.0,0.0,0.0,-4000000.0,-4000000.0,-8288000.0,0.0,0.0,0.0,-0.000103111111111111,-0.000103111111111111,-0.000698666666666666,0.0,0.0,0.0,0.0,2.0,0.0,0.0,4.8,0.0,0.0
6,46.0,-7.33333333333332e-05,-7.33333333333332e-05,-0.000817777777777778,0.0,0.0,0.0,-4000000.0,-4000000.0,-9360000.0,0.0,0.0,0.0,-7.33333333333334e-05,-7.33333333333334e-05,-0.000817777777777778,0.0,0.0,0.0,0.0,2.0,0.0,0.0,6.0,0.0,0.0
7,47.2,-4.35555555555553e-05,-4.35555555555553e-05,-0.000936888888888889,0.0,0.0,0.0,-4000000.0,-4000000.0,-10432000.0,0.0,0.0,0.0,-4.35555555555555e-05,-4.35555555555555e-05,-0.000936888888888889,0.0,0.0,0.0,0.0,2.0,0.0,0.0,7.2,0.0,0.0
8,48.4,-1.37777777777776e-05,-1.37777777777776e-05,-0.001056,0.0,0.0,0.0,-4000000.0,-4000000.0,-11504000.0,0.0,0.0,0.0,-1.37777777777778e-05,-1.37777777777778e-05,-0.001056,0.0,0.0,0.0,0.0,2.0,0.0,0.0,8.4,0.0,0.0
9,49.6,1.60000000000003e-05,1.60000000000002e-05,-0.00117511111111111,0.0,0.0,0.0,-4000000.0,-4000000.0,-12576000.0,0.0,0.0,0.0,1.6e-05,1.60000000000001e-05,-0.00117511111111111,0.0,0.0,0.0,0.0,2.0,0.0,0.0,9.6,0.0,0.0
10,50.8,4.5777777777778e-05,4.57777777777779e-05,-0.00129422222222222,0.0,0.0,0.0,-4000000.0,-4000000.0,-13648000.0,0.0,0.0,0.0,4.57777777777777e-05,4.57777777777777e-05,-0.00129422222222222,0.0,0.0,0.0,0.0,2.0,0.0,0.0,10.8,0.0,0.0
11,52.0,7.55555555555558e-05,7.55555555555557e-05,-0.00141333333333333,0.0,0.0,0.0,-4000000.0,-4000000.0,-14720000.0,0.0,0.0,0.0,7.55555555555556e-05,7.55555555555556e-05,-0.00141333333333333,0.0,0.0,0.0,0.0,2.0,0.0,0.0,12.0,0.0,0.0
12,53.2,0.000105333333333334,0.000105333333333334,-0.00153244444444444,0.0,0.0,0.0,-4000000.0,-4000000.0,-15792000.0,0.0,0.0,0.0,0.000105333333333333,0.000105333333333333,-0.00153244444444444,0.0,0.0,0.0,0.0,2.0,0.0,0.0,13.2,0.0,0.0
13,54.4,0.000135111111111111,0.000135111111111111,-0.00165155555555556,0.0,0.0,0.0,-4000000.0,-4000000.0,-16864000.0,0.0,0.0,0.0,0.000135111111111111,0.000135111111111111,-0.00165155555555556,0.0,0.0,0.0,0.0,2.0,0.0,0.0,14.4,0.0,0.0
14,55.6,0.000223384022803896,0.000223384022803896,-0.00177066666666667,0.0,0.0,0.0,-4000000.0,-4000000.0,-17332200.4405704,0.0,0.0,0.0,0.000148116678904734,0.000148116678904734,-0.00170357782673005,0.0,0.0,0.0,0.000157161821589379,3.0,1.0,8.3445847861704e-05,15.6,0.0,0.0
15,56.8,0.00035701544303237,0.00035701544303237,-0.00188977777777778,0.0,0.0,0.0,-4000000.0,-4000000.0,-17332200.4405704,0.0,0.0,0.0,0.000148116678904734,0.000148116678904734,-0.00170357782673005,0.0,0.0,0.0,0.000436190631916729,2.0,1.0,0.000231597577207541,16.8,0.0,0.0
16,58.0,0.000490646863260844,0.000490646863260844,-0.00200888888888889,0.0,0.0,0.0,-3999999.99999971,-3999999.99999971,-17332200.4405698,0.0,0.0,0.0,0.00014811667890474,0.00014811667890474,-0.00170357782672999,0.0,0.0,0.0,0.000715219442244212,2.0,1.0,0.000379749306553447,18.0,0.0,0.0
17,59.2,0.00062427828348925,0.000624278283489251,-0.002128,0.0,0.0,0.0,-3999999.99999971,-3999999.99999971,-17332200.4405698,0.0,0.0,0.0,0.00014811667890474,0.00014811667890474,-0.00170357782672999,0.0,0.0,0.0,0.000994248252571564,2.0,1.0,0.000527901035899285,19.2,0.0,0.0
18,60.4,0.000757909703717657,0.000757909703717657,-0.00224711111111111,0.0,0.0,0.0,-4000000.0,-4000000.0,-17332200.4405704,0.0,0.0,0.0,0.000148116678904734,0.000148116678904734,-0.00170357782673005,0.0,0.0,0.0,0.00127327706289879,2.0,1.0,0.000676052765245053,20.4,0.0,0.0
19,61.6,0.00089154112394613,0.00089154112394613,-0.00236622222222222,0.0,0.0,0.0,-3999999.99999972,-3999999.99999971,-17332200.4405698,0.0,0.0,0.0,0.00014811667890474,0.00014811667890474,-0.00170357782672999,0.0,0.0,0.0,0.00155230587322627,2.0,1.0,0.000824204494590958,21.6,0.0,0.0
20,62.8,0.00102517254417454,0.00102517254417454,-0.00248533333333333,0.0,0.0,0.0,-4000000.0,-4000000.0,-17332200.4405704,0.0,0.0,0.0,0.000148116678904734,0.000148116678904734,-0.00170357782673005,0.0,0.0,0.0,0.00183133468355349,2.0,1.0,0.000972356223936727,22.8,0.0,0.0
21,64.0,0.00115880396440301,0.00115880396440301,-0.00260444444444444,0.0,0.0,0.0,-3999999.99999972,-3999999.99999971,-17332200.4405698,0.0,0.0,0.0,0.00014811667890474,0.00014811667890474,-0.00170357782672999,0.0,0.0,0.0,0.00211036349388097,2.0,1.0,0.00112050795328263,24.0,0.0,0.0
22,65.2,0.00129243538463142,0.00129243538463142,-0.00272355555555556,0.0,0.0,0.0,-4000000.0,-4000000.0,-17332200.4405704,0.0,0.0,0.0,0.000148116678904734,0.000148116678904734,-0.00170357782673005,0.0,0.0,0.0,0.00238939230420819,2.0,1.0,0.0012686596826284,25.2,0.0,0.0
23,66.4,0.00142606680485989,0.00142606680485989,-0.00284266666666667,0.0,0.0,0.0,-3999999.99999972,-3999999.99999971,-17332200.4405698,0.0,0.0,0.0,0.00014811667890474,0.00014811667890474,-0.00170357782672999,0.0,0.0,0.0,0.00266842111453568,2.0,1.0,0.00141681141197431,26.4,0.0,0.0
24,67.6,0.0015596982250883,0.0015596982250883,-0.00296177777777778,0.0,0.0,0.0,-4000000.0,-4000000.0,-17332200.4405704,0.0,0.0,0.0,0.000148116678904734,0.000148116678904734,-0.00170357782673005,0.0,0.0,0.0,0.0029474499248629,2.0,1.0,0.00156496314132008,27.6,0.0,0.0
25,68.8,0.00169332964531677,0.00169332964531677,-0.00308088888888889,0.0,0.0,0.0,-3999999.99999971,-3999999.99999971,-17332200.4405698,0.0,0.0,0.0,0.00014811667890474,0.00014811667890474,-0.00170357782672999,0.0,0.0,0.0,0.00322647873519038,2.0,1.0,0.00171311487066598,28.8,0.0,0.0
26,70.0,0.00182696106554518,0.00182696106554518,-0.0032,0.0,0.0,0.0,-4000000.0,-4000000.0,-17332200.4405704,0.0,0.0,0.0,0.000148116678904734,0.000148116678904734,-0.00170357782673005,0.0,0.0,0.0,0.0035055075455176,2.0,1.0,0.00186126660001175,30.0,0.0,0.0
27,71.2,0.00196059248577365,0.00196059248577365,-0.00331911111111111,0.0,0.0,0.0,-3999999.99999971,-3999999.99999972,-17332200.4405698,0.0,0.0,0.0,0.00014811667890474,0.00014811667890474,-0.00170357782672999,0.0,0.0,0.0,0.00378453635584508,2.0,1.0,0.00200941832935766,31.2,0.0,0.0
28,72.4,0.00209422390600206,0.00209422390600206,-0.00343822222222222,0.0,0.0,0.0,-4000000.0,-4000000.0,-17332200.4405704,0.0,0.0,0.0,0.000148116678904734,0.000148116678904734,-0.00170357782673005,0.0,0.0,0.0,0.00406356516617231,2.0,1.0,0.00215757005870343,32.4,0.0,0.0
29,73.6,0.00222785532623053,0.00222785532623053,-0.00355733333333333,0.0,0.0,0.0,-4000000.0,-4000000.0,-17332200.4405704,0.0,0.0,0.0,0.000148116678904734,0.000148116678904734,-0.00170357782673005,0.0,0.0,0.0,0.00434259397649966,2.0,1.0,0.00230572178804926,33.6,0.0,0.0
30,74.8,0.00236148674645901,0.00236148674645901,-0.00367644444444444,0.0,0.0,0.0,-3999999.99999971,-3999999.99999971,-17332200.4405698,0.0,0.0,0.0,0.00014811667890474,0.00014811667890474,-0.00170357782672999,0.0,0.0,0.0,0.00462162278682714,2.0,1.0,0.00245387351739517,34.8,0.0,0.0
31,76.0,0.00249511816668741,0.00249511816668741,-0.00379555555555556,0.0,0.0,0.0,-4000000.0,-4000000.0,-17332200.4405704,0.0,0.0,0.0,0.000148116678904734,0.000148116678904734,-0.00170357782673005,0.0,0.0,0.0,0.00490065159715436,2.0,1.0,0.00260202524674094,36.0,0.0,0.0
32,77.2,0.00262874958691589,0.00262874958691589,-0.00391466666666667,0.0,0.0,0.0,-3999999.99999972,-3999999.99999971,-17332200.4405698,0.0,0.0,0.0,0.00014811667890474,0.00014811667890474,-0.00170357782672999,0.0,0.0,0.0,0.00517968040748184,2.0,1.0,0.00275017697608684,37.2,0.0,0.0
33,78.4,0.0027623810071443,0.0027623810071443,-0.00403377777777778,0.0,0.0,0.0,-4000000.0,-4000000.0,-17332200.4405704,0.0,0.0,0.0,0.000148116678904734,0.000148116678904734,-0.00170357782673005,0.0,0.0,0.0,0.00545870921780907,2.0,1.0,0.00289832870543261,38.4,0.0,0.0
34,79.6,0.00289601242737277,0.00289601242737277,-0.00415288888888889,0.0,0.0,0.0,-3999999.99999971,-3999999.99999971,-17332200.4405698,0.0,0.0,0.0,0.00014811667890474,0.00014811667890474,-0.00170357782672999,0.0,0.0,0.0,0.00573773802813654,2.0,1.0,0.00304648043477852,39.6,0.0,0.0
35,80.8,0.00302964384760117,0.00302964384760117,-0.004272,0.0,0.0,0.0,-3999999.99999971,-3999999.99999971,-17332200.4405698,0.0,0.0,0.0,0.00014811667890474,0.00014811667890474,-0.00170357782672999,0.0,0.0,0.0,0.00601676683846389,2.0,1.0,0.00319463216412436,40.8,0.0,0.0
36,82.0,0.00316327526782958,0.00316327526782958,-0.00439111111111111,0.0,0.0,0.0,-4000000.0,-4000000.0,-17332200.4405704,0.0,0.0,0.0,0.000148116678904734,0.000148116678904734,-0.00170357782673005,0.0,0.0,0.0,0.00629579564879112,2.0,1.0,0.00334278389347012,42.0,0.0,0.0
37,83.2,0.00329690668805805,0.00329690668805805,-0.00451022222222222,0.0,0.0,0.0,-3999999.99999971,-3999999.99999971,-17332200.4405698,0.0,0.0,0.0,0.00014811667890474,0.00014811667890474,-0.00170357782672999,0.0,0.0,0.0,0.0065748244591186,2.0,1.0,0.00349093562281603,43.2,0.0,0.0
38,84.4,0.00343053810828646,0.00343053810828646,-0.00462933333333333,0.0,0.0,0.0,-4000000.0,-4000000.0,-17332200.4405704,0.0,0.0,0.0,0.000148116678904734,0.000148116678904734,-0.00170357782673005,0.0,0.0,0.0,0.00685385326944582,2.0,1.0,0.0036390873521618,44.4,0.0,0.0
39,85.6,0.00356416952851493,0.00356416952851493,-0.00474844444444444,0.0,0.0,0.0,-4000000.0,-4000000.0,-17332200.4405704,0.0,0.0,0.0,0.000148116678904734,0.000148116678904734,-0.00170357782673005,0.0,0.0,0.0,0.00713288207977317,2.0,1.0,0.00378723908150764,45.6,0.0,0.0
40,86.8,0.00369780094874341,0.00369780094874341,-0.00486755555555555,0.0,0.0,0.0,-3999999.99999971,-3999999.99999971,-17332200.4405698,0.0,0.0,0.0,0.00014811667890474,0.00014811667890474,-0.00170357782672999,0.0,0.0,0.0,0.00741191089010065,2.0,1.0,0.00393539081085354,46.8,0.0,0.0
41,88.0,0.00383143236897182,0.00383143236897181,-0.00498666666666667,0.0,0.0,0.0,-4000000.0,-4000000.0,-17332200.4405704,0.0,0.0,0.0,0.000148116678904734,0.000148116678904734,-0.00170357782673005,0.0,0.0,0.0,0.00769093970042788,2.0,1.0,0.00408354254019931,48.0,0.0,0.0
42,89.2,0.00396506378920029,0.00396506378920029,-0.00510577777777778,0.0,0.0,0.0,-4000000.0,-4000000.0,-17332200.4405704,0.0,0.0,0.0,0.000148116678904734,0.000148116678904734,-0.00170357782673005,0.0,0.0,0.0,0.00796996851075523,2.0,1.0,0.00423169426954515,49.2,0.0,0.0
43,90.4,0.00409869520942877,0.00409869520942876,-0.00522488888888889,0.0,0.0,0.0,-4000000.0,-4000000.0,-17332200.4405704,0.0,0.0,0.0,0.000148116678904734,0.000148116678904734,-0.00170357782673005,0.0,0.0,0.0,0.00824899732108258,2.0,1.0,0.00437984599889099,50.4,0.0,0.0
44,91.6,0.00423232662965724,0.00423232662965724,-0.005344,0.0,0.0,0.0,-3999999.99999972,-3999999.99999971,-17332200.4405698,0.0,0.0,0.0,0.00014811667890474,0.00014811667890474,-0.00170357782672999,0.0,0.0,0.0,0.00852802613141006,2.0,1.0,0.00452799772823689,51.6,0.0,0.0
45,92.8,0.00436595804988565,0.00436595804988564,-0.00546311111111111,0.0,0.0,0.0,-4000000.0,-4000000.0,-17332200.4405704,0.0,0.0,0.0,0.000148116678904734,0.000148116678904734,-0.00170357782673005,0.0,0.0,0.0,0.00880705494173728,2.0,1.0,0.00467614945758266,52.8,0.0,0.0
46,94.0,0.00449958947011412,0.00449958947011412,-0.00558222222222222,0.0,0.0,0.0,-4000000.0,-4000000.0,-17332200.4405704,0.0,0.0,0.0,0.000148116678904734,0.000148116678904734,-0.00170357782673005,0.0,0.0,0.0,0.00908608375206463,2.0,1.0,0.0048243011869285,54.0,0.0,0.0
47,95.2,0.00463322089034259,0.00463322089034259,-0.00570133333333333,0.0,0.0,0.0,-3999999.99999972,-3999999.99999971,-17332200.4405698,0.0,0.0,0.0,0.00014811667890474,0.00014811667890474,-0.00170357782672999,0.0,0.0,0.0,0.00936511256239211,2.0,1.0,0.0049724529162744,55.2,0.0,0.0
48,96.4,0.004766852310571,0.004766852310571,-0.00582044444444444,0.0,0.0,0.0,-4000000.0,-4000000.0,-17332200.4405704,0.0,0.0,0.0,0.000148116678904734,0.000148116678904734,-0.00170357782673005,0.0,0.0,0.0,0.00964414137271934,2.0,1.0,0.00512060464562017,56.4,0.0,0.0
49,97.6,0.00490048373079947,0.00490048373079947,-0.00593955555555555,0.0,0.0,0.0,-3999999.99999971,-3999999.99999972,-17332200.4405698,0.0,0.0,0.0,0.00014811667890474,0.00014811667890474,-0.00170357782672999,0.0,0.0,0.0,0.00992317018304682,2.0,1.0,0.00526875637496608,57.6,0.0,0.0
50,98.8,0.00503411515102788,0.00503411515102788,-0.00605866666666667,0.0,0.0,0.0,-4000000.0,-4000000.0,-17332200.4405704,0.0,0.0,0.0,0.000148116678904734,0.000148116678904734,-0.00170357782673005,0.0,0.0,0.0,0.010202198993374,2.0,1.0,0.00541690810431185,58.8,0.0,0.0
51,100.0,0.00516774657125636,0.00516774657125635,-0.00617777777777778,0.0,0.0,0.0,-3999999.99999971,-3999999.99999971,-17332200.4405698,0.0,0.0,0.0,0.00014811667890474,0.00014811667890474,-0.00170357782672999,0.0,0.0,0.0,0.0104812278037015,2.0,1.0,0.00556505983365775,60.0,0.0,0.0
52,101.2,0.00530137799148476,0.00530137799148476,-0.00629688888888889,0.0,0.0,0.0,-3999999.99999972,-3999999.99999971,-17332200.4405698,0.0,0.0,0.0,0.00014811667890474,0.00014811667890474,-0.00170357782672999,0.0,0.0,0.0,0.0107602566140289,2.0,1.0,0.00571321156300359,61.2,0.0,0.0
53,102.4,0.00543500941171317,0.00543500941171317,-0.006416,0.0,0.0,0.0,-4000000.0,-4000000.0,-17332200.4405704,0.0,0.0,0.0,0.000148116678904734,0.000148116678904734,-0.00170357782673005,0.0,0.0,0.0,0.0110392854243561,2.0,1.0,0.00586136329234936,62.4,0.0,0.0
54,103.6,0.00556864083194164,0.00556864083194164,-0.00653511111111111,0.0,0.0,0.0,-3999999.99999971,-3999999.99999971,-17332200.4405698,0.0,0.0,0.0,0.00014811667890474,0.00014811667890474,-0.00170357782672999,0.0,0.0,0.0,0.0113183142346836,2.0,1.0,0.00600951502169527,63.6,0.0,0.0
55,104.8,0.00570227225217005,0.00570227225217005,-0.00665422222222222,0.0,0.0,0.0,-3999999.99999971,-3999999.99999972,-17332200.4405698,0.0,0.0,0.0,0.00014811667890474,0.00014811667890474,-0.00170357782672999,0.0,0.0,0.0,0.0115973430450109,2.0,1.0,0.0061576667510411,64.8,0.0,0.0
56,106.0,0.00583590367239845,0.00583590367239845,-0.00677333333333333,0.0,0.0,0.0,-4000000.0,-4000000.0,-17332200.4405704,0.0,0.0,0.0,0.000148116678904734,0.000148116678904734,-0.00170357782673005,0.0,0.0,0.0,0.0118763718553382,2.0,1.0,0.00630581848038687,66.0,0.0,0.0
57,107.2,0.00596953509262693,0.00596953509262693,-0.00689244444444444,0.0,0.0,0.0,-4000000.0,-4000000.0,-17332200.4405704,0.0,0.0,0.0,0.000148116678904734,0.000148116678904734,-0.00170357782673005,0.0,0.0,0.0,0.0121554006656655,2.0,1.0,0.00645397020973271,67.2,0.0,0.0
58,108.4,0.0061031665128554,0.0061031665128554,-0.00701155555555555,0.0,0.0,0.0,-3999999.99999972,-3999999.99999971,-17332200.4405698,0.0,0.0,0.0,0.00014811667890474,0.00014811667890474,-0.00170357782672999,0.0,0.0,0.0,0.012434429475993,2.0,1.0,0.00660212193907862,68.4,0.0,0.0
59,109.6,0.00623679793308381,0.00623679793308381,-0.00713066666666667,0.0,0.0,0.0,-3999999.99999971,-3999999.99999972,-17332200.4405698,0.0,0.0,0.0,0.00014811667890474,0.00014811667890474,-0.00170357782672999,0.0,0.0,0.0,0.0127134582863203,2.0,1.0,0.00675027366842445,69.6,0.0,0.0
60,110.8,0.00637042935331221,0.00637042935331221,-0.00724977777777778,0.0,0.0,0.0,-4000000.0,-4000000.0,-17332200.4405704,0.0,0.0,0.0,0.000148116678904734,0.000148116678904734,-0.00170357782673005,0.0,0.0,0.0,0.0129924870966476,2.0,1.0,0.00689842539777022,70.8,0.0,0.0
61,112.0,0.00650406077354069,0.00650406077354069,-0.00736888888888889,0.0,0.0,0.0,-4000000.0,-4000000.0,-17332200.4405704,0.0,0.0,0.0,0.000148116678904734,0.000148116678904734,-0.00170357782673005,0.0,0.0,0.0,0.0132715159069749,2.0,1.0,0.00704657712711606,72.0,0.0,0.0
62,113.2,0.00663769219376916,0.00663769219376916,-0.007488,0.0,0.0,0.0,-3999999.99999972,-3999999.99999971,-17332200.4405698,0.0,0.0,0.0,0.00014811667890474,0.00014811667890474,-0.00170357782672999,0.0,0.0,0.0,0.0135505447173024,2.0,1.0,0.00719472885646196,73.2,0.0,0.0
63,114.4,0.00677132361399757,0.00677132361399757,-0.00760711111111111,0.0,0.0,0.0,-3999999.99999972,-3999999.99999972,-17332200.4405698,0.0,0.0,0.0,0.00014811667890474,0.00014811667890474,-0.00170357782672999,0.0,0.0,0.0,0.0138295735276297,2.0,1.0,0.0073428805858078,74.4,0.0,0.0
64,115.6,0.00690495503422598,0.00690495503422597,-0.00772622222222222,0.0,0.0,0.0,-4000000.0,-4000000.0,-17332200.4405704,0.0,0.0,0.0,0.000148116678904734,0.000148116678904734,-0.00170357782673005,0.0,0.0,0.0,0.014108602337957,2.0,1.0,0.00749103231515357,75.6,0.0,0.0
65,116.8,0.00703858645445445,0.00703858645445445,-0.00784533333333333,0.0,0.0,0.0,-3999999.99999972,-3999999.99999971,-17332200.4405698,0.0,0.0,0.0,0.00014811667890474,0.00014811667890474,-0.00170357782672999,0.0,0.0,0.0,0.0143876311482844,2.0,1.0,0.00763918404449948,76.8,0.0,0.0
66,118.0,0.00717221787468286,0.00717221787468285,-0.00796444444444444,0.0,0.0,0.0,-4000000.0,-4000000.0,-17332200.4405704,0.0,0.0,0.0,0.000148116678904734,0.000148116678904734,-0.00170357782673005,0.0,0.0,0.0,0.0146666599586117,2.0,1.0,0.00778733577384525,78.0,0.0,0.0
67,119.2,0.00730584929491133,0.00730584929491133,-0.00808355555555556,0.0,0.0,0.0,-3999999.99999971,-3999999.99999972,-17332200.4405698,0.0,0.0,0.0,0.00014811667890474,0.00014811667890474,-0.00170357782672999,0.0,0.0,0.0,0.0149456887689392,2.0,1.0,0.00793548750319115,79.2,0.0,0.0
68,120.4,0.00743948071513974,0.00743948071513974,-0.00820266666666667,0.0,0.0,0.0,-4000000.0,-4000000.0,-17332200.4405704,0.0,0.0,0.0,0.000148116678904734,0.000148116678904734,-0.00170357782673005,0.0,0.0,0.0,0.0152247175792664,2.0,1.0,0.00808363923253692,80.4,0.0,0.0
69,121.6,0.00757311213536821,0.00757311213536821,-0.00832177777777778,0.0,0.0,0.0,-3999999.99999971,-3999999.99999972,-17332200.4405698,0.0,0.0,0.0,0.00014811667890474,0.00014811667890474,-0.00170357782672999,0.0,0.0,0.0,0.0155037463895939,2.0,1.0,0.00823179096188283,81.6,0.0,0.0
70,122.8,0.00770674355559662,0.00770674355559662,-0.00844088888888889,0.0,0.0,0.0,-3999999.99999972,-3999999.99999971,-17332200.4405698,0.0,0.0,0.0,0.00014811667890474,0.00014811667890474,-0.00170357782672999,0.0,0.0,0.0,0.0157827751999212,2.0,1.0,0.00837994269122867,82.8,0.0,0.0
71,124.0,0.00784037497582502,0.00784037497582502,-0.00856,0.0,0.0,0.0,-4000000.0,-4000000.0,-17332200.4405704,0.0,0.0,0.0,0.000148116678904734,0.000148116678904734,-0.00170357782673005,0.0,0.0,0.0,0.0160618040102484,2.0,1.0,0.00852809442057443,84.0,0.0,0.0
72,125.2,0.0079740063960535,0.0079740063960535,-0.00867911111111111,0.0,0.0,0.0,-3999999.99999972,-3999999.99999971,-17332200.4405698,0.0,0.0,0.0,0.000148116678904739,0.000148116678904741,-0.00170357782672999,0.0,0.0,0.0,0.0163408328205759,2.0,1.0,0.00867624614992034,85.2,0.0,0.0
73,126.4,0.00810763781628191,0.0081076378162819,-0.00879822222222222,0.0,0.0,0.0,-4000000.0,-4000000.0,-17332200.4405704,0.0,0.0,0.0,0.000148116678904734,0.000148116678904734,-0.00170357782673005,0.0,0.0,0.0,0.0166198616309031,2.0,1.0,0.00882439787926611,86.4,0.0,0.0
74,127.6,0.00824126923651038,0.00824126923651037,-0.00891733333333333,0.0,0.0,0.0,-3999999.99999971,-3999999.99999972,-17332200.4405698,0.0,0.0,0.0,0.00014811667890474,0.00014811667890474,-0.00170357782672999,0.0,0.0,0.0,0.0168988904412306,2.0,1.0,0.00897254960861201,87.6,0.0,0.0
75,128.8,0.00837490065673879,0.00837490065673878,-0.00903644444444445,0.0,0.0,0.0,-4000000.0,-4000000.00000001,-17332200.4405704,0.0,0.0,0.0,0.000148116678904734,0.000148116678904734,-0.00170357782673005,0.0,0.0,0.0,0.0171779192515578,2.0,1.0,0.00912070133795778,88.8,0.0,0.0
76,130.0,0.00850853207696726,0.00850853207696726,-0.00915555555555556,0.0,0.0,0.0,-3999999.99999971,-3999999.99999972,-17332200.4405698,0.0,0.0,0.0,0.00014811667890474,0.00014811667890474,-0.00170357782672999,0.0,0.0,0.0,0.0174569480618853,2.0,1.0,0.00926885306730369,90.0,0.0,0.0
77,131.2,0.00864216349719566,0.00864216349719566,-0.00927466666666667,0.0,0.0,0.0,-4000000.0,-4000000.0,-17332200.4405704,0.0,0.0,0.0,0.000148116678904734,0.000148116678904734,-0.00170357782673005,0.0,0.0,0.0,0.0177359768722125,2.0,1.0,0.00941700479664946,91.2,0.0,0.0
78,132.4,0.00877579491742414,0.00877579491742414,-0.00939377777777778,0.0,0.0,0.0,-3999999.99999971,-3999999.99999971,-17332200.4405698,0.0,0.0,0.0,0.00014811667890474,0.00014811667890474,-0.00170357782672999,0.0,0.0,0.0,0.01801500568254,2.0,1.0,0.00956515652599536,92.4,0.0,0.0
79,133.6,0.00890942633765254,0.00890942633765254,-0.00951288888888889,0.0,0.0,0.0,-3999999.99999971,-3999999.99999971,-17332200.4405698,0.0,0.0,0.0,0.00014811667890474,0.00014811667890474,-0.00170357782672999,0.0,0.0,0.0,0.0182940344928674,2.0,1.0,0.0097133082553412,93.6,0.0,0.0
80,134.8,0.00904305775788095,0.00904305775788095,-0.009632,0.0,0.0,0.0,-4000000.0,-4000000.0,-17332200.4405704,0.0,0.0,0.0,0.000148116678904734,0.000148116678904734,-0.00170357782673005,0.0,0.0,0.0,0.0185730633031946,2.0,1.0,0.00986145998468697,94.8,0.0,0.0
81,136.0,0.00917668917810942,0.00917668917810942,-0.00975111111111111,0.0,0.0,0.0,-4000000.00000001,-3999999.99999999,-17332200.4405704,0.0,0.0,0.0,0.000148116678904733,0.000148116678904735,-0.00170357782673005,0.0,0.0,0.0,0.0188520921135219,2.0,1.0,0.0100096117140328,96.0,0.0,0.0
82,137.2,0.0093103205983379,0.0093103205983379,-0.00987022222222222,0.0,0.0,0.0,-3999999.99999971,-3999999.99999972,-17332200.4405698,0.0,0.0,0.0,0.00014811667890474,0.00014811667890474,-0.00170357782672999,0.0,0.0,0.0,0.0191311209238494,2.0,1.0,0.0101577634433787,97.2,0.0,0.0
83,138.4,0.0094439520185663,0.0094439520185663,-0.00998933333333333,0.0,0.0,0.0,-4000000.0,-4000000.0,-17332200.4405704,0.0,0.0,0.0,0.000148116678904734,0.000148116678904734,-0.00170357782673005,0.0,0.0,0.0,0.0194101497341766,2.0,1.0,0.0103059151727245,98.4,0.0,0.0
84,139.6,0.00957758343879478,0.00957758343879478,-0.0101084444444444,0.0,0.0,0.0,-3999999.99999971,-3999999.99999972,-17332200.4405698,0.0,0.0,0.0,0.00014811667890474,0.00014811667890474,-0.00170357782672999,0.0,0.0,0.0,0.0196891785445041,2.0,1.0,0.0104540669020704,99.6,0.0,0.0
85,140.8,0.00971121485902319,0.00971121485902319,-0.0102275555555556,0.0,0.0,0.0,-3999999.99999972,-3999999.99999972,-17332200.4405698,0.0,0.0,0.0,0.00014811667890474,0.00014811667890474,-0.00170357782672999,0.0,0.0,0.0,0.0199682073548315,2.0,1.0,0.0106022186314162,100.8,0.0,0.0
86,142.0,0.00984484627925159,0.00984484627925159,-0.0103466666666667,0.0,0.0,0.0,-4000000.00000001,-3999999.99999999,-17332200.4405704,0.0,0.0,0.0,0.000148116678904733,0.000148116678904735,-0.00170357782673005,0.0,0.0,0.0,0.0202472361651587,2.0,1.0,0.010750370360762,102.0,0.0,0.0
87,143.2,0.00997847769948007,0.00997847769948006,-0.0104657777777778,0.0,0.0,0.0,-3999999.99999971,-3999999.99999972,-17332200.4405698,0.0,0.0,0.0,0.00014811667890474,0.00014811667890474,-0.00170357782672999,0.0,0.0,0.0,0.0205262649754862,2.0,1.0,0.0108985220901079,103.2,0.0,0.0
88,144.4,0.0101121091197085,0.0101121091197085,-0.0105848888888889,0.0,0.0,0.0,-4000000.0,-4000000.0,-17332200.4405704,0.0,0.0,0.0,0.000148116678904734,0.000148116678904734,-0.00170357782673005,0.0,0.0,0.0,0.0208052937858134,2.0,1.0,0.0110466738194537,104.4,0.0,0.0
89,145.6,0.0102457405399369,0.0102457405399369,-0.010704,0.0,0.0,0.0,-3999999.99999971,-3999999.99999971,-17332200.4405698,0.0,0.0,0.0,0.00014811667890474,0.00014811667890474,-0.00170357782672999,0.0,0.0,0.0,0.0210843225961409,2.0,1.0,0.0111948255487996,105.6,0.0,0.0
90,146.8,0.0103793719601654,0.0103793719601654,-0.0108231111111111,0.0,0.0,0.0,-4000000.0,-4000000.0,-17332200.4405704,0.0,0.0,0.0,0.000148116678904734,0.000148116678904734,-0.00170357782673005,0.0,0.0,0.0,0.0213633514064681,2.0,1.0,0.0113429772781453,106.8,0.0,0.0
91,148.0,0.0105130033803938,0.0105130033803938,-0.0109422222222222,0.0,0.0,0.0,-3999999.99999971,-3999999.99999971,-17332200.4405698,0.0,0.0,0.0,0.00014811667890474,0.00014811667890474,-0.00170357782672999,0.0,0.0,0.0,0.0216423802167956,2.0,1.0,0.0114911290074912,108.0,0.0,0.0
92,149.2,0.0106466348006222,0.0106466348006222,-0.0110613333333333,0.0,0.0,0.0,-3999999.99999971,-3999999.99999972,-17332200.4405698,0.0,0.0,0.0,0.00014811667890474,0.00014811667890474,-0.00170357782672999,0.0,0.0,0.0,0.0219214090271229,2.0,1.0,0.0116392807368371,109.2,0.0,0.0
93,150.4,0.0107802662208506,0.0107802662208506,-0.0111804444444444,0.0,0.0,0.0,-4000000.0,-4000000.0,-17332200.4405704,0.0,0.0,0.0,0.000148116678904734,0.000148116678904734,-0.00170357782673005,0.0,0.0,0.0,0.0222004378374502,2.0,1.0,0.0117874324661829,110.4,0.0,0.0
94,151.6,0.0109138976410791,0.0109138976410791,-0.0112995555555556,0.0,0.0,0.0,-3999999.99999971,-3999999.99999971,-17332200.4405698,0.0,0.0,0.0,0.00014811667890474,0.00014811667890474,-0.00170357782672999,0.0,0.0,0.0,0.0224794666477776,2.0,1.0,0.0119355841955288,111.6,0.0,0.0
95,152.8,0.0110475290613075,0.0110475290613075,-0.0114186666666667,0.0,0.0,0.0,-3999999.99999972,-3999999.99999972,-17332200.4405698,0.0,0.0,0.0,0.00014811667890474,0.00014811667890474,-0.00170357782672999,0.0,0.0,0.0,0.022758495458105,2.0,1.0,0.0120837359248746,112.8,0.0,0.0
96,154.0,0.0111811604815359,0.0111811604815359,-0.0115377777777778,0.0,0.0,0.0,-4000000.0,-4000000.0,-17332200.4405704,0.0,0.0,0.0,0.000148116678904734,0.000148116678904734,-0.00170357782673005,0.0,0.0,0.0,0.0230375242684322,2.0,1.0,0.0122318876542204,114.0,0.0,0.0
97,155.2,0.0113147919017644,0.0113147919017644,-0.0116568888888889,0.0,0.0,0.0,-3999999.99999971,-3999999.99999971,-17332200.4405698,0.0,0.0,0.0,0.00014811667890474,0.00014811667890474,-0.00170357782672999,0.0,0.0,0.0,0.0233165530787597,2.0,1.0,0.0123800393835663,115.2,0.0,0.0
98,156.4,0.0114484233219928,0.0114484233219928,-0.011776,0.0,0.0,0.0,-4000000.0,-4000000.0,-17332200.4405704,0.0,0.0,0.0,0.000148116678904734,0.000148116678904734,-0.00170357782673005,0.0,0.0,0.0,0.0235955818890869,2.0,1.0,0.012528191112912,116.4,0.0,0.0
99,157.6,0.0115820547422213,0.0115820547422213,-0.0118951111111111,0.0,0.0,0.0,-4000000.0,-4000000.0,-17332200.4405704,0.0,0.0,0.0,0.000148116678904734,0.000148116678904734,-0.00170357782673005,0.0,0.0,0.0,0.0238746106994143,2.0,1.0,0.0126763428422579,117.6,0.0,0.0
100,158.8,0.0117156861624498,0.0117156861624498,-0.0120142222222222,0.0,0.0,0.0,-3999999.99999971,-3999999.99999971,-17332200.4405698,0.0,0.0,0.0,0.00014811667890474,0.00014811667890474,-0.00170357782672999,0.0,0.0,0.0,0.0241536395097418,2.0,1.0,0.0128244945716038,118.8,0.0,0.0
101,160.0,0.0118493175826782,0.0118493175826782,-0.0121333333333333,0.0,0.0,0.0,-4000000.0,-4000000.0,-17332200.4405704,0.0,0.0,0.0,0.000148116678904734,0.000148116678904734,-0.00170357782673005,0.0,0.0,0.0,0.024432668320069,2.0,1.0,0.0129726463009496,120.0,0.0,0.0
102,161.2,0.0119829490029066,0.0119829490029066,-0.0122524444444444,0.0,0.0,0.0,-4000000.0,-4000000.0,-17332200.4405704,0.0,0.0,0.0,0.000148116678904734,0.000148116678904734,-0.00170357782673005,0.0,0.0,0.0,0.0247116971303963,2.0,1.0,0.0131207980302954,121.2,0.0,0.0
103,162.4,0.0121165804231351,0.0121165804231351,-0.0123715555555556,0.0,0.0,0.0,-3999999.99999972,-3999999.99999972,-17332200.4405698,0.0,0.0,0.0,0.00014811667890474,0.00014811667890474,-0.00170357782672999,0.0,0.0,0.0,0.0249907259407238,2.0,1.0,0.0132689497596413,122.4,0.0,0.0
104,163.6,0.0122502118433635,0.0122502118433635,-0.0124906666666667,0.0,0.0,0.0,-3999999.99999971,-3999999.99999971,-17332200.4405698,0.0,0.0,0.0,0.00014811667890474,0.00014811667890474,-0.00170357782672999,0.0,0.0,0.0,0.0252697547510512,2.0,1.0,0.0134171014889871,123.6,0.0,0.0
105,164.8,0.0123838432635919,0.0123838432635919,-0.0126097777777778,0.0,0.0,0.0,-4000000.0,-4000000.0,-17332200.4405704,0.0,0.0,0.0,0.000148116678904734,0.000148116678904734,-0.00170357782673005,0.0,0.0,0.0,0.0255487835613784,2.0,1.0,0.0135652532183329,124.8,0.0,0.0
106,166.0,0.0125174746838204,0.0125174746838204,-0.0127288888888889,0.0,0.0,0.0,-3999999.99999972,-3999999.99999972,-17332200.4405698,0.0,0.0,0.0,0.00014811667890474,0.00014811667890474,-0.00170357782672999,0.0,0.0,0.0,0.0258278123717059,2.0,1.0,0.0137134049476788,126.0,0.0,0.0
107,167.2,0.0126511061040488,0.0126511061040488,-0.012848,0.0,0.0,0.0,-4000000.0,-4000000.0,-17332200.4405704,0.0,0.0,0.0,0.000148116678904734,0.000148116678904734,-0.00170357782673005,0.0,0.0,0.0,0.0261068411820331,2.0,1.0,0.0138615566770246,127.2,0.0,0.0
108,168.4,0.0127847375242773,0.0127847375242773,-0.0129671111111111,0.0,0.0,0.0,-4000000.0,-4000000.0,-17332200.4405704,0.0,0.0,0.0,0.000148116678904734,0.000148116678904734,-0.00170357782673005,0.0,0.0,0.0,0.0263858699923604,2.0,1.0,0.0140097084063704,128.4,0.0,0.0
109,169.6,0.0129183689445057,0.0129183689445057,-0.0130862222222222,0.0,0.0,0.0,-3999999.99999972,-3999999.99999972,-17332200.4405698,0.0,0.0,0.0,0.00014811667890474,0.00014811667890474,-0.00170357782672999,0.0,0.0,0.0,0.0266648988026879,2.0,1.0,0.0141578601357163,129.6,0.0,0.0
110,170.8,0.0130520003647342,0.0130520003647342,-0.0132053333333333,0.0,0.0,0.0,-4000000.0,-4000000.0,-17332200.4405704,0.0,0.0,0.0,0.000148116678904734,0.000148116678904734,-0.00170357782673005,0.0,0.0,0.0,0.0269439276130151,2.0,1.0,0.0143060118650621,130.8,0.0,0.0
111,172.0,0.0131856317849626,0.0131856317849626,-0.0133244444444444,0.0,0.0,0.0,-3999999.99999972,-3999999.99999972,-17332200.4405698,0.0,0.0,0.0,0.00014811667890474,0.00014811667890474,-0.00170357782672999,0.0,0.0,0.0,0.0272229564233426,2.0,1.0,0.014454163594408,132.0,0.0,0.0
112,173.2,0.013319263205191,0.013319263205191,-0.0134435555555556,0.0,0.0,0.0,-4000000.0,-4000000.0,-17332200.4405704,0.0,0.0,0.0,0.000148116678904734,0.000148116678904734,-0.00170357782673005,0.0,0.0,0.0,0.0275019852336698,2.0,1.0,0.0146023153237538,133.2,0.0,0.0
113,174.4,0.0134528946254195,0.0134528946254195,-0.0135626666666667,0.0,0.0,0.0,-4000000.0,-4000000.0,-17332200.4405704,0.0,0.0,0.0,0.000148116678904734,0.000148116678904734,-0.00170357782673005,0.0,0.0,0.0,0.0277810140439972,2.0,1.0,0.0147504670530996,134.4,0.0,0.0
114,175.6,0.013586526045648,0.013586526045648,-0.0136817777777778,0.0,0.0,0.0,-3999999.99999972,-3999999.99999972,-17332200.4405698,0.0,0.0,0.0,0.00014811667890474,0.00014811667890474,-0.00170357782672999,0.0,0.0,0.0,0.0280600428543247,2.0,1.0,0.0148986187824455,135.6,0.0,0.0
115,176.8,0.0137201574658764,0.0137201574658764,-0.0138008888888889,0.0,0.0,0.0,-4000000.0,-4000000.0,-17332200.4405704,0.0,0.0,0.0,0.000148116678904734,0.000148116678904734,-0.00170357782673005,0.0,0.0,0.0,0.0283390716646519,2.0,1.0,0.0150467705117913,136.8,0.0,0.0
116,178.0,0.0138537888861049,0.0138537888861049,-0.01392,0.0,0.0,0.0,-4000000.0,-4000000.0,-17332200.4405704,0.0,0.0,0.0,0.000148116678904734,0.000148116678904734,-0.00170357782673005,0.0,0.0,0.0,0.0286181004749793,2.0,1.0,0.0151949222411371,138.0,0.0,0.0
117,179.2,0.0139874203063333,0.0139874203063333,-0.0140391111111111,0.0,0.0,0.0,-4000000.0,-4000000.0,-17332200.4405704,0.0,0.0,0.0,0.000148116678904734,0.000148116678904734,-0.00170357782673005,0.0,0.0,0.0,0.0288971292853066,2.0,1.0,0.015343073970483,139.2,0.0,0.0
118,180.4,0.0141210517265618,0.0141210517265618,-0.0141582222222222,0.0,0.0,0.0,-3999999.99999971,-3999999.99999971,-17332200.4405698,0.0,0.0,0.0,0.00014811667890474,0.00014811667890474,-0.00170357782672999,0.0,0.0,0.0,0.0291761580956341,2.0,1.0,0.0154912256998289,140.4,0.0,0.0
119,181.6,0.0142546831467902,0.0142546831467902,-0.0142773333333333,0.0,0.0,0.0,-3999999.99999971,-3999999.99999971,-17332200.4405698,0.0,0.0,0.0,0.00014811667890474,0.00014811667890474,-0.00170357782672999,0.0,0.0,0.0,0.0294551869059614,2.0,1.0,0.0156393774291747,141.6,0.0,0.0
120,182.8,0.0143883145670186,0.0143883145670186,-0.0143964444444444,0.0,0.0,0.0,-4000000.0,-4000000.0,-17332200.4405704,0.0,0.0,0.0,0.000148116678904734,0.000148116678904734,-0.00170357782673005,0.0,0.0,0.0,0.0297342157162887,2.0,1.0,0.0157875291585205,142.8,0.0,0.0
121,184.0,0.0145219459872471,0.0145219459872471,-0.0145155555555556,0.0,0.0,0.0,-4000000.0,-4000000.0,-17332200.4405704,0.0,0.0,0.0,0.000148116678904734,0.000148116678904734,-0.00170357782673005,0.0,0.0,0.0,0.030013244526616,2.0,1.0,0.0159356808878663,144.0,0.0,0.0
122,185.2,0.0146555774074756,0.0146555774074756,-0.0146346666666667,0.0,0.0,0.0,-3999999.99999972,-3999999.99999972,-17332200.4405698,0.0,0.0,0.0,0.00014811667890474,0.00014811667890474,-0.00170357782672999,0.0,0.0,0.0,0.0302922733369435,2.0,1.0,0.0160838326172122,145.2,0.0,0.0
123,186.4,0.014789208827704,0.014789208827704,-0.0147537777777778,0.0,0.0,0.0,-4000000.0,-4000000.0,-17332200.4405704,0.0,0.0,0.0,0.000148116678904734,0.000148116678904734,-0.00170357782673005,0.0,0.0,0.0,0.0305713021472707,2.0,1.0,0.016231984346558,146.4,0.0,0.0
124,187.6,0.0149228402479325,0.0149228402479325,-0.0148728888888889,0.0,0.0,0.0,-3999999.99999971,-3999999.99999971,-17332200.4405698,0.0,0.0,0.0,0.00014811667890474,0.00014811667890474,-0.00170357782672999,0.0,0.0,0.0,0.0308503309575982,2.0,1.0,0.0163801360759039,147.6,0.0,0.0
125,188.8,0.0150564716681609,0.0150564716681609,-0.014992,0.0,0.0,0.0,-4000000.0,-4000000.0,-17332200.4405704,0.0,0.0,0.0,0.000148116678904734,0.000148116678904734,-0.00170357782673005,0.0,0.0,0.0,0.0311293597679254,2.0,1.0,0.0165282878052497,148.8,0.0,0.0
126,190.0,0.0151901030883893,0.0151901030883893,-0.0151111111111111,0.0,0.0,0.0,-4000000.0,-4000000.0,-17332200.4405704,0.0,0.0,0.0,0.000148116678904734,0.000148116678904734,-0.00170357782673005,0.0,0.0,0.0,0.0314083885782528,2.0,1.0,0.0166764395345955,150.0,0.0,0.0
127,191.2,0.0153237345086178,0.0153237345086178,-0.0152302222222222,0.0,0.0,0.0,-3999999.99999972,-3999999.99999972,-17332200.4405698,0.0,0.0,0.0,0.00014811667890474,0.00014811667890474,-0.00170357782672999,0.0,0.0,0.0,0.0316874173885802,2.0,1.0,0.0168245912639414,151.2,0.0,0.0
128,192.4,0.0154573659288462,0.0154573659288462,-0.0153493333333333,0.0,0.0,0.0,-4000000.0,-4000000.0,-17332200.4405704,0.0,0.0,0.0,0.000148116678904734,0.000148116678904734,-0.00170357782673005,0.0,0.0,0.0,0.0319664461989075,2.0,1.0,0.0169727429932872,152.4,0.0,0.0
129,193.6,0.0155909973490747,0.0155909973490747,-0.0154684444444444,0.0,0.0,0.0,-3999999.99999971,-3999999.99999971,-17332200.4405698,0.0,0.0,0.0,0.00014811667890474,0.00014811667890474,-0.00170357782672999,0.0,0.0,0.0,0.032245475009235,2.0,1.0,0.0171208947226331,153.6,0.0,0.0
130,194.8,0.0157246287693031,0.0157246287693031,-0.0155875555555556,0.0,0.0,0.0,-4000000.0,-4000000.0,-17332200.4405704,0.0,0.0,0.0,0.000148116678904734,0.000148116678904734,-0.00170357782673005,0.0,0.0,0.0,0.0325245038195622,2.0,1.0,0.0172690464519788,154.8,0.0,0.0
131,196.0,0.0158582601895316,0.0158582601895316,-0.0157066666666667,0.0,0.0,0.0,-3999999.99999971,-3999999.99999971,-17332200.4405698,0.0,0.0,0.0,0.00014811667890474,0.00014811667890474,-0.00170357782672999,0.0,0.0,0.0,0.0328035326298897,2.0,1.0,0.0174171981813248,156.0,0.0,0.0
132,197.2,0.01599189160976,0.01599189160976,-0.0158257777777778,0.0,0.0,0.0,-3999999.99999972,-3999999.99999972,-17332200.4405698,0.0,0.0,0.0,0.00014811667890474,0.00014811667890474,-0.00170357782672999,0.0,0.0,0.0,0.033082561440217,2.0,1.0,0.0175653499106706,157.2,0.0,0.0
133,198.4,0.0161255230299884,0.0161255230299884,-0.0159448888888889,0.0,0.0,0.0,-3999999.99999972,-3999999.99999972,-17332200.4405698,0.0,0.0,0.0,0.00014811667890474,0.00014811667890474,-0.00170357782672999,0.0,0.0,0.0,0.0333615902505444,2.0,1.0,0.0177135016400164,158.4,0.0,0.0
134,199.6,0.0162591544502168,0.0162591544502168,-0.016064,0.0,0.0,0.0,-4000000.00000001,-4000000.00000001,-17332200.4405704,0.0,0.0,0.0,0.000148116678904734,0.000148116678904734,-0.00170357782673005,0.0,0.0,0.0,0.0336406190608716,2.0,1.0,0.0178616533693622,159.6,0.0,0.0
135,200.8,0.0163927858704453,0.0163927858704453,-0.0161831111111111,0.0,0.0,0.0,-3999999.99999971,-3999999.99999971,-17332200.4405698,0.0,0.0,0.0,0.00014811667890474,0.00014811667890474,-0.00170357782672999,0.0,0.0,0.0,0.0339196478711991,2.0,1.0,0.0180098050987081,160.8,0.0,0.0
136,202.0,0.0165264172906737,0.0165264172906737,-0.0163022222222222,0.0,0.0,0.0,-3999999.99999972,-3999999.99999972,-17332200.4405698,0.0,0.0,0.0,0.00014811667890474,0.00014811667890474,-0.00170357782672999,0.0,0.0,0.0,0.0341986766815264,2.0,1.0,0.0181579568280539,162.0,0.0,0.0
137,203.2,0.0166600487109021,0.0166600487109021,-0.0164213333333333,0.0,0.0,0.0,-4000000.00000001,-4000000.00000001,-17332200.4405704,0.0,0.0,0.0,0.000148116678904734,0.000148116678904734,-0.00170357782673005,0.0,0.0,0.0,0.0344777054918536,2.0,1.0,0.0183061085573997,163.2,0.0,0.0
138,204.4,0.0167936801311306,0.0167936801311306,-0.0165404444444444,0.0,0.0,0.0,-3999999.99999971,-3999999.99999971,-17332200.4405698,0.0,0.0,0.0,0.00014811667890474,0.00014811667890474,-0.00170357782672999,0.0,0.0,0.0,0.0347567343021811,2.0,1.0,0.0184542602867456,164.4,0.0,0.0
139,205.6,0.016927311551359,0.016927311551359,-0.0166595555555556,0.0,0.0,0.0,-3999999.99999972,-3999999.99999972,-17332200.4405698,0.0,0.0,0.0,0.00014811667890474,0.00014811667890474,-0.00170357782672999,0.0,0.0,0.0,0.0350357631125085,2.0,1.0,0.0186024120160915,165.6,0.0,0.0
140,206.8,0.0170609429715874,0.0170609429715874,-0.0167786666666667,0.0,0.0,0.0,-3999999.99999971,-3999999.99999971,-17332200.4405698,0.0,0.0,0.0,0.00014811667890474,0.00014811667890474,-0.00170357782672999,0.0,0.0,0.0,0.0353147919228358,2.0,1.0,0.0187505637454373,166.8,0.0,0.0
141,208.0,0.0171945743918158,0.0171945743918158,-0.0168977777777778,0.0,0.0,0.0,-3999999.99999971,-3999999.99999971,-17332200.4405698,0.0,0.0,0.0,0.00014811667890474,0.00014811667890474,-0.00170357782672999,0.0,0.0,0.0,0.0355938207331632,2.0,1.0,0.0188987154747831,168.0,0.0,0.0
142,209.2,0.0173282058120442,0.0173282058120442,-0.0170168888888889,0.0,0.0,0.0,-3999999.99999972,-3999999.99999972,-17332200.4405698,0.0,0.0,0.0,0.00014811667890474,0.00014811667890474,-0.00170357782672999,0.0,0.0,0.0,0.0358728495434905,2.0,1.0,0.019046867204129,169.2,0.0,0.0
143,210.4,0.0174618372322726,0.0174618372322726,-0.017136,0.0,0.0,0.0,-4000000.00000001,-4000000.00000001,-17332200.4405704,0.0,0.0,0.0,0.000148116678904734,0.000148116678904734,-0.00170357782673005,0.0,0.0,0.0,0.0361518783538177,2.0,1.0,0.0191950189334747,170.4,0.0,0.0
144,211.6,0.0175954686525011,0.0175954686525011,-0.0172551111111111,0.0,0.0,0.0,-3999999.99999971,-3999999.99999971,-17332200.4405698,0.0,0.0,0.0,0.00014811667890474,0.00014811667890474,-0.00170357782672999,0.0,0.0,0.0,0.0364309071641452,2.0,1.0,0.0193431706628206,171.6,0.0,0.0
145,212.8,0.0177291000727295,0.0177291000727295,-0.0173742222222222,0.0,0.0,0.0,-4000000.0,-4000000.0,-17332200.4405704,0.0,0.0,0.0,0.000148116678904734,0.000148116678904734,-0.00170357782673005,0.0,0.0,0.0,0.0367099359744724,2.0,1.0,0.0194913223921664,172.8,0.0,0.0
146,214.0,0.0178627314929579,0.0178627314929579,-0.0174933333333333,0.0,0.0,0.0,-3999999.99999999,-3999999.99999999,-17332200.4405704,0.0,0.0,0.0,0.000148116678904734,0.000148116678904734,-0.00170357782673005,0.0,0.0,0.0,0.0369889647847998,2.0,1.0,0.0196394741215123,174.0,0.0,0.0
147,215.2,0.0179963629131864,0.0179963629131864,-0.0176124444444444,0.0,0.0,0.0,-3999999.99999971,-3999999.99999971,-17332200.4405698,0.0,0.0,0.0,0.00014811667890474,0.00014811667890474,-0.00170357782672999,0.0,0.0,0.0,0.0372679935951273,2.0,1.0,0.0197876258508582,175.2,0.0,0.0
148,216.4,0.0181299943334148,0.0181299943334148,-0.0177315555555556,0.0,0.0,0.0,-4000000.0,-4000000.0,-17332200.4405704,0.0,0.0,0.0,0.000148116678904734,0.000148116678904734,-0.00170357782673005,0.0,0.0,0.0,0.0375470224054545,2.0,1.0,0.0199357775802039,176.4,0.0,0.0
149,217.6,0.0182636257536433,0.0182636257536433,-0.0178506666666667,0.0,0.0,0.0,-4000000.0,-4000000.0,-17332200.4405704,0.0,0.0,0.0,0.000148116678904734,0.000148116678904734,-0.00170357782673005,0.0,0.0,0.0,0.0378260512157819,2.0,1.0,0.0200839293095498,177.6,0.0,0.0
150,218.8,0.0183972571738718,0.0183972571738718,-0.0179697777777778,0.0,0.0,0.0,-4000000.00000001,-4000000.00000001,-17332200.4405704,0.0,0.0,0.0,0.000148116678904734,0.000148116678904734,-0.00170357782673005,0.0,0.0,0.0,0.0381050800261092,2.0,1.0,0.0202320810388956,178.8,0.0,0.0
151,220.0,0.0185308885941002,0.0185308885941002,-0.0180888888888889,0.0,0.0,0.0,-3999999.99999971,-3999999.99999971,-17332200.4405698,0.0,0.0,0.0,0.00014811667890474,0.00014811667890474,-0.00170357782672999,0.0,0.0,0.0,0.0383841088364367,2.0,1.0,0.0203802327682415,180.0,0.0,0.0
152,221.2,0.0186645200143286,0.0186645200143286,-0.018208,0.0,0.0,0.0,-3999999.99999972,-3999999.99999972,-17332200.4405698,0.0,0.0,0.0,0.00014811667890474,0.00014811667890474,-0.00170357782672999,0.0,0.0,0.0,0.038663137646764,2.0,1.0,0.0205283844975874,181.2,0.0,0.0
153,222.4,0.0187981514345571,0.0187981514345571,-0.0183271111111111,0.0,0.0,0.0,-4000000.00000001,-4000000.00000001,-17332200.4405704,0.0,0.0,0.0,0.000148116678904734,0.000148116678904734,-0.00170357782673005,0.0,0.0,0.0,0.0389421664570913,2.0,1.0,0.0206765362269331,182.4,0.0,0.0
154,223.6,0.0189317828547855,0.0189317828547855,-0.0184462222222222,0.0,0.0,0.0,-3999999.99999971,-3999999.99999971,-17332200.4405698,0.0,0.0,0.0,0.00014811667890474,0.00014811667890474,-0.00170357782672999,0.0,0.0,0.0,0.0392211952674187,2.0,1.0,0.020824687956279,183.6,0.0,0.0
155,224.8,0.0190654142750139,0.0190654142750139,-0.0185653333333333,0.0,0.0,0.0,-4000000.0,-4000000.0,-17332200.4405704,0.0,0.0,0.0,0.000148116678904734,0.000148116678904734,-0.00170357782673005,0.0,0.0,0.0,0.039500224077746,2.0,1.0,0.0209728396856248,184.8,0.0,0.0
156,226.0,0.0191990456952424,0.0191990456952424,-0.0186844444444444,0.0,0.0,0.0,-3999999.99999999,-3999999.99999999,-17332200.4405704,0.0,0.0,0.0,0.000148116678904734,0.000148116678904734,-0.00170357782673005,0.0,0.0,0.0,0.0397792528880733,2.0,1.0,0.0211209914149706,186.0,0.0,0.0
157,227.2,0.0193326771154709,0.0193326771154709,-0.0188035555555556,0.0,0.0,0.0,-4000000.0,-4000000.0,-17332200.4405704,0.0,0.0,0.0,0.000148116678904734,0.000148116678904734,-0.00170357782673005,0.0,0.0,0.0,0.0400582816984007,2.0,1.0,0.0212691431443165,187.2,0.0,0.0
158,228.4,0.0194663085356994,0.0194663085356994,-0.0189226666666667,0.0,0.0,0.0,-4000000.0,-4000000.0,-17332200.4405704,0.0,0.0,0.0,0.000148116678904734,0.000148116678904734,-0.00170357782673005,0.0,0.0,0.0,0.040337310508728,2.0,1.0,0.0214172948736623,188.4,0.0,0.0
159,229.6,0.0195999399559278,0.0195999399559278,-0.0190417777777778,0.0,0.0,0.0,-3999999.99999972,-3999999.99999972,-17332200.4405698,0.0,0.0,0.0,0.00014811667890474,0.00014811667890474,-0.00170357782672999,0.0,0.0,0.0,0.0406163393190555,2.0,1.0,0.0215654466030082,189.6,0.0,0.0
160,230.8,0.0197335713761562,0.0197335713761562,-0.0191608888888889,0.0,0.0,0.0,-4000000.0,-4000000.0,-17332200.4405704,0.0,0.0,0.0,0.000148116678904734,0.000148116678904734,-0.00170357782673005,0.0,0.0,0.0,0.0408953681293827,2.0,1.0,0.021713598332354,190.8,0.0,0.0
161,232.0,0.0198672027963847,0.0198672027963847,-0.01928,0.0,0.0,0.0,-3999999.99999971,-3999999.99999971,-17332200.4405698,0.0,0.0,0.0,0.00014811667890474,0.00014811667890474,-0.00170357782672999,0.0,0.0,0.0,0.0411743969397102,2.0,1.0,0.0218617500616999,192.0,0.0,0.0
162,233.2,0.0200008342166131,0.0200008342166131,-0.0193991111111111,0.0,0.0,0.0,-3999999.99999972,-3999999.99999972,-17332200.4405698,0.0,0.0,0.0,0.00014811667890474,0.00014811667890474,-0.00170357782672999,0.0,0.0,0.0,0.0414534257500375,2.0,1.0,0.0220099017910457,193.2,0.0,0.0
163,234.4,0.0201344656368415,0.0201344656368415,-0.0195182222222222,0.0,0.0,0.0,-4000000.00000001,-4000000.00000001,-17332200.4405704,0.0,0.0,0.0,0.000148116678904734,0.000148116678904734,-0.00170357782673005,0.0,0.0,0.0,0.0417324545603648,2.0,1.0,0.0221580535203915,194.4,0.0,0.0
164,235.6,0.02026809705707,0.02026809705707,-0.0196373333333333,0.0,0.0,0.0,-3999999.99999971,-3999999.99999971,-17332200.4405698,0.0,0.0,0.0,0.00014811667890474,0.00014811667890474,-0.00170357782672999,0.0,0.0,0.0,0.0420114833706923,2.0,1.0,0.0223062052497374,195.6,0.0,0.0
165,236.8,0.0204017284772984,0.0204017284772984,-0.0197564444444444,0.0,0.0,0.0,-3999999.99999972,-3999999.99999972,-17332200.4405698,0.0,0.0,0.0,0.00014811667890474,0.00014811667890474,-0.00170357782672999,0.0,0.0,0.0,0.0422905121810196,2.0,1.0,0.0224543569790832,196.8,0.0,0.0
166,238.0,0.0205353598975268,0.0205353598975268,-0.0198755555555556,0.0,0.0,0.0,-4000000.00000001,-4000000.00000001,-17332200.4405704,0.0,0.0,0.0,0.000148116678904734,0.000148116678904734,-0.00170357782673005,0.0,0.0,0.0,0.0425695409913468,2.0,1.0,0.022602508708429,198.0,0.0,0.0
167,239.2,0.0206689913177553,0.0206689913177553,-0.0199946666666667,0.0,0.0,0.0,-3999999.99999971,-3999999.99999971,-17332200.4405698,0.0,0.0,0.0,0.00014811667890474,0.00014811667890474,-0.00170357782672999,0.0,0.0,0.0,0.0428485698016743,2.0,1.0,0.0227506604377749,199.2,0.0,0.0
168,240.4,0.0208026227379837,0.0208026227379837,-0.0201137777777778,0.0,0.0,0.0,-3999999.99999972,-3999999.99999972,-17332200.4405698,0.0,0.0,0.0,0.00014811667890474,0.00014811667890474,-0.00170357782672999,0.0,0.0,0.0,0.0431275986120017,2.0,1.0,0.0228988121671208,200.4,0.0,0.0
169,241.6,0.0209362541582121,0.0209362541582121,-0.0202328888888889,0.0,0.0,0.0,-3999999.99999971,-3999999.99999971,-17332200.4405698,0.0,0.0,0.0,0.00014811667890474,0.00014811667890474,-0.00170357782672999,0.0,0.0,0.0,0.043406627422329,2.0,1.0,0.0230469638964666,201.6,0.0,0.0
170,242.8,0.0210698855784405,0.0210698855784405,-0.020352,0.0,0.0,0.0,-4000000.0,-4000000.0,-17332200.4405704,0.0,0.0,0.0,0.000148116678904734,0.000148116678904734,-0.00170357782673005,0.0,0.0,0.0,0.0436856562326562,2.0,1.0,0.0231951156258124,202.8,0.0,0.0
171,244.0,0.021203516998669,0.021203516998669,-0.0204711111111111,0.0,0.0,0.0,-4000000.0,-4000000.0,-17332200.4405704,0.0,0.0,0.0,0.000148116678904734,0.000148116678904734,-0.00170357782673005,0.0,0.0,0.0,0.0439646850429836,2.0,1.0,0.0233432673551582,204.0,0.0,0.0
172,245.2,0.0213371484188974,0.0213371484188974,-0.0205902222222222,0.0,0.0,0.0,-3999999.99999972,-3999999.99999972,-17332200.4405698,0.0,0.0,0.0,0.00014811667890474,0.00014811667890474,-0.00170357782672999,0.0,0.0,0.0,0.0442437138533111,2.0,1.0,0.0234914190845041,205.2,0.0,0.0
173,246.4,0.0214707798391259,0.0214707798391259,-0.0207093333333333,0.0,0.0,0.0,-4000000.0,-4000000.0,-17332200.4405704,0.0,0.0,0.0,0.000148116678904734,0.000148116678904734,-0.00170357782673005,0.0,0.0,0.0,0.0445227426636383,2.0,1.0,0.0236395708138499,206.4,0.0,0.0
174,247.6,0.0216044112593543,0.0216044112593543,-0.0208284444444444,0.0,0.0,0.0,-4000000.0,-4000000.0,-17332200.4405704,0.0,0.0,0.0,0.000148116678904734,0.000148116678904734,-0.00170357782673005,0.0,0.0,0.0,0.0448017714739656,2.0,1.0,0.0237877225431957,207.6,0.0,0.0
175,248.8,0.0217380426795828,0.0217380426795828,-0.0209475555555556,0.0,0.0,0.0,-3999999.99999972,-3999999.99999972,-17332200.4405698,0.0,0.0,0.0,0.00014811667890474,0.00014811667890474,-0.00170357782672999,0.0,0.0,0.0,0.0450808002842931,2.0,1.0,0.0239358742725416,208.8,0.0,0.0
176,250.0,0.0218716740998112,0.0218716740998112,-0.0210666666666667,0.0,0.0,0.0,-4000000.00000001,-4000000.00000001,-17332200.4405704,0.0,0.0,0.0,0.000148116678904734,0.000148116678904734,-0.00170357782673005,0.0,0.0,0.0,0.0453598290946203,2.0,1.0,0.0240840260018874,210.0,0.0,0.0
177,251.2,0.0220053055200397,0.0220053055200397,-0.0211857777777778,0.0,0.0,0.0,-3999999.99999971,-3999999.99999971,-17332200.4405698,0.0,0.0,0.0,0.00014811667890474,0.00014811667890474,-0.00170357782672999,0.0,0.0,0.0,0.0456388579049478,2.0,1.0,0.0242321777312333,211.2,0.0,0.0
178,252.4,0.0221389369402681,0.0221389369402681,-0.0213048888888889,0.0,0.0,0.0,-4000000.0,-4000000.0,-17332200.4405704,0.0,0.0,0.0,0.000148116678904734,0.000148116678904734,-0.00170357782673005,0.0,0.0,0.0,0.0459178867152751,2.0,1.0,0.0243803294605791,212.4,0.0,0.0
179,253.6,0.0222725683604966,0.0222725683604966,-0.021424,0.0,0.0,0.0,-3999999.99999971,-3999999.99999971,-17332200.4405698,0.0,0.0,0.0,0.00014811667890474,0.00014811667890474,-0.00170357782672999,0.0,0.0,0.0,0.0461969155256025,2.0,1.0,0.024528481189925,213.6,0.0,0.0
180,254.8,0.022406199780725,0.022406199780725,-0.0215431111111111,0.0,0.0,0.0,-3999999.99999971,-3999999.99999971,-17332200.4405698,0.0,0.0,0.0,0.00014811667890474,0.00014811667890474,-0.00170357782672999,0.0,0.0,0.0,0.0464759443359299,2.0,1.0,0.0246766329192708,214.8,0.0,0.0
181,256.0,0.0225398312009534,0.0225398312009534,-0.0216622222222222,0.0,0.0,0.0,-3999999.99999972,-3999999.99999972,-17332200.4405698,0.0,0.0,0.0,0.00014811667890474,0.00014811667890474,-0.00170357782672999,0.0,0.0,0.0,0.0467549731462572,2.0,1.0,0.0248247846486167,216.0,0.0,0.0
182,257.2,0.0226734626211818,0.0226734626211818,-0.0217813333333333,0.0,0.0,0.0,-4000000.00000001,-4000000.00000001,-17332200.4405704,0.0,0.0,0.0,0.000148116678904734,0.000148116678904734,-0.00170357782673005,0.0,0.0,0.0,0.0470340019565844,2.0,1.0,0.0249729363779624,217.2,0.0,0.0
183,258.4,0.0228070940414103,0.0228070940414103,-0.0219004444444444,0.0,0.0,0.0,-3999999.99999971,-3999999.99999971,-17332200.4405698,0.0,0.0,0.0,0.00014811667890474,0.00014811667890474,-0.00170357782672999,0.0,0.0,0.0,0.0473130307669119,2.0,1.0,0.0251210881073083,218.4,0.0,0.0
184,259.6,0.0229407254616387,0.0229407254616387,-0.0220195555555556,0.0,0.0,0.0,-3999999.99999972,-3999999.99999972,-17332200.4405698,0.0,0.0,0.0,0.00014811667890474,0.00014811667890474,-0.00170357782672999,0.0,0.0,0.0,0.0475920595772393,2.0,1.0,0.0252692398366542,219.6,0.0,0.0
185,260.8,0.0230743568818671,0.0230743568818671,-0.0221386666666667,0.0,0.0,0.0,-3999999.99999971,-3999999.99999971,-17332200.4405698,0.0,0.0,0.0,0.00014811667890474,0.00014811667890474,-0.00170357782672999,0.0,0.0,0.0,0.0478710883875666,2.0,1.0,0.025417391566,220.8,0.0,0.0
186,262.0,0.0232079883020955,0.0232079883020955,-0.0222577777777778,0.0,0.0,0.0,-3999999.99999971,-3999999.99999971,-17332200.4405698,0.0,0.0,0.0,0.00014811667890474,0.00014811667890474,-0.00170357782672999,0.0,0.0,0.0,0.048150117197894,2.0,1.0,0.0255655432953459,222.0,0.0,0.0
187,263.2,0.0233416197223239,0.0233416197223239,-0.0223768888888889,0.0,0.0,0.0,-4000000.0,-4000000.0,-17332200.4405704,0.0,0.0,0.0,0.000148116678904734,0.000148116678904734,-0.00170357782673005,0.0,0.0,0.0,0.0484291460082212,2.0,1.0,0.0257136950246916,223.2,0.0,0.0
188,264.4,0.0234752511425524,0.0234752511425524,-0.022496,0.0,0.0,0.0,-3999999.99999999,-3999999.99999999,-17332200.4405704,0.0,0.0,0.0,0.000148116678904734,0.000148116678904734,-0.00170357782673005,0.0,0.0,0.0,0.0487081748185486,2.0,1.0,0.0258618467540375,224.4,0.0,0.0
189,265.6,0.0236088825627808,0.0236088825627808,-0.0226151111111111,0.0,0.0,0.0,-3999999.99999971,-3999999.99999971,-17332200.4405698,0.0,0.0,0.0,0.00014811667890474,0.00014811667890474,-0.00170357782672999,0.0,0.0,0.0,0.048987203628876,2.0,1.0,0.0260099984833834,225.6,0.0,0.0
190,266.8,0.0237425139830092,0.0237425139830092,-0.0227342222222222,0.0,0.0,0.0,-4000000.0,-4000000.0,-17332200.4405704,0.0,0.0,0.0,0.000148116678904734,0.000148116678904734,-0.00170357782673005,0.0,0.0,0.0,0.0492662324392033,2.0,1.0,0.0261581502127291,226.8,0.0,0.0
191,268.0,0.0238761454032377,0.0238761454032377,-0.0228533333333333,0.0,0.0,0.0,-3999999.99999972,-3999999.99999972,-17332200.4405698,0.0,0.0,0.0,0.00014811667890474,0.00014811667890474,-0.00170357782672999,0.0,0.0,0.0,0.0495452612495307,2.0,1.0,0.026306301942075,228.0,0.0,0.0
192,269.2,0.0240097768234661,0.0240097768234661,-0.0229724444444444,0.0,0.0,0.0,-4000000.00000001,-4000000.00000001,-17332200.4405704,0.0,0.0,0.0,0.000148116678904734,0.000148116678904734,-0.00170357782673005,0.0,0.0,0.0,0.049824290059858,2.0,1.0,0.0264544536714208,229.2,0.0,0.0
193,270.4,0.0241434082436946,0.0241434082436946,-0.0230915555555556,0.0,0.0,0.0,-3999999.99999971,-3999999.99999971,-17332200.4405698,0.0,0.0,0.0,0.00014811667890474,0.00014811667890474,-0.00170357782672999,0.0,0.0,0.0,0.0501033188701854,2.0,1.0,0.0266026054007667,230.4,0.0,0.0
194,271.6,0.024277039663923,0.024277039663923,-0.0232106666666667,0.0,0.0,0.0,-3999999.99999972,-3999999.99999972,-17332200.4405698,0.0,0.0,0.0,0.00014811667890474,0.00014811667890474,-0.00170357782672999,0.0,0.0,0.0,0.0503823476805128,2.0,1.0,0.0267507571301126,231.6,0.0,0.0
195,272.8,0.0244106710841514,0.0244106710841514,-0.0233297777777778,0.0,0.0,0.0,-3999999.99999971,-3999999.99999971,-17332200.4405698,0.0,0.0,0.0,0.00014811667890474,0.00014811667890474,-0.00170357782672999,0.0,0.0,0.0,0.0506613764908401,2.0,1.0,0.0268989088594584,232.8,0.0,0.0
196,274.0,0.0245443025043798,0.0245443025043798,-0.0234488888888889,0.0,0.0,0.0,-3999999.99999971,-3999999.99999971,-17332200.4405698,0.0,0.0,0.0,0.00014811667890474,0.00014811667890474,-0.00170357782672999,0.0,0.0,0.0,0.0509404053011675,2.0,1.0,0.0270470605888042,234.0,0.0,0.0
197,275.2,0.0246779339246082,0.0246779339246082,-0.023568,0.0,0.0,0.0,-4000000.0,-4000000.0,-17332200.4405704,0.0,0.0,0.0,0.000148116678904734,0.000148116678904734,-0.00170357782673005,0.0,0.0,0.0,0.0512194341114947,2.0,1.0,0.02719521231815,235.2,0.0,0.0
198,276.4,0.0248115653448367,0.0248115653448367,-0.0236871111111111,0.0,0.0,0.0,-4000000.00000001,-4000000.00000001,-17332200.4405704,0.0,0.0,0.0,0.000148116678904734,0.000148116678904734,-0.00170357782673005,0.0,0.0,0.0,0.0514984629218221,2.0,1.0,0.0273433640474958,236.4,0.0,0.0
199,277.6,0.0249451967650652,0.0249451967650652,-0.0238062222222222,0.0,0.0,0.0,-3999999.99999971,-3999999.99999971,-17332200.4405698,0.0,0.0,0.0,0.00014811667890474,0.00014811667890474,-0.00170357782672999,0.0,0.0,0.0,0.0517774917321496,2.0,1.0,0.0274915157768417,237.6,0.0,0.0
200,278.8,0.0250788281852936,0.0250788281852936,-0.0239253333333333,0.0,0.0,0.0,-4000000.0,-4000000.0,-17332200.4405704,0.0,0.0,0.0,0.000148116678904734,0.000148116678904734,-0.00170357782673005,0.0,0.0,0.0,0.0520565205424768,2.0,1.0,0.0276396675061875,238.8,0.0,0.0
201,280.0,0.025212459605522,0.025212459605522,-0.0240444444444444,0.0,0.0,0.0,-4000000.0,-4000000.0,-17332200.4405704,0.0,0.0,0.0,0.000148116678904734,0.000148116678904734,-0.00170357782673005,0.0,0.0,0.0,0.0523355493528041,2.0,1.0,0.0277878192355333,240.0,0.0,0.0
202,281.2,0.0253460910257505,0.0253460910257505,-0.0241635555555556,0.0,0.0,0.0,-3999999.99999971,-3999999.99999971,-17332200.4405698,0.0,0.0,0.0,0.00014811667890474,0.00014811667890474,-0.00170357782672999,0.0,0.0,0.0,0.0526145781631316,2.0,1.0,0.0279359709648793,241.2,0.0,0.0
203,282.4,0.0254797224459789,0.0254797224459789,-0.0242826666666667,0.0,0.0,0.0,-3999999.99999972,-3999999.99999972,-17332200.4405698,0.0,0.0,0.0,0.00014811667890474,0.00014811667890474,-0.00170357782672999,0.0,0.0,0.0,0.052893606973459,2.0,1.0,0.0280841226942251,242.4,0.0,0.0
204,283.6,0.0256133538662073,0.0256133538662073,-0.0244017777777778,0.0,0.0,0.0,-4000000.0,-4000000.0,-17332200.4405704,0.0,0.0,0.0,0.000148116678904734,0.000148116678904734,-0.00170357782673005,0.0,0.0,0.0,0.0531726357837862,2.0,1.0,0.0282322744235709,243.6,0.0,0.0
205,284.8,0.0257469852864358,0.0257469852864358,-0.0245208888888889,0.0,0.0,0.0,-4000000.0,-4000000.0,-17332200.4405704,0.0,0.0,0.0,0.000148116678904734,0.000148116678904734,-0.00170357782673005,0.0,0.0,0.0,0.0534516645941135,2.0,1.0,0.0283804261529167,244.8,0.0,0.0
206,286.0,0.0258806167066643,0.0258806167066643,-0.02464,0.0,0.0,0.0,-4000000.0,-4000000.0,-17332200.4405704,0.0,0.0,0.0,0.000148116678904734,0.000148116678904734,-0.00170357782673005,0.0,0.0,0.0,0.0537306934044409,2.0,1.0,0.0285285778822625,246.0,0.0,0.0
207,287.2,0.0260142481268927,0.0260142481268927,-0.0247591111111111,0.0,0.0,0.0,-4000000.0,-4000000.0,-17332200.4405704,0.0,0.0,0.0,0.000148116678904734,0.000148116678904734,-0.00170357782673005,0.0,0.0,0.0,0.0540097222147682,2.0,1.0,0.0286767296116084,247.2,0.0,0.0
208,288.4,0.0261478795471212,0.0261478795471212,-0.0248782222222222,0.0,0.0,0.0,-3999999.99999971,-3999999.99999971,-17332200.4405698,0.0,0.0,0.0,0.00014811667890474,0.00014811667890474,-0.00170357782672999,0.0,0.0,0.0,0.0542887510250957,2.0,1.0,0.0288248813409543,248.4,0.0,0.0
209,289.6,0.0262815109673496,0.0262815109673496,-0.0249973333333333,0.0,0.0,0.0,-3999999.99999971,-3999999.99999971,-17332200.4405698,0.0,0.0,0.0,0.00014811667890474,0.00014811667890474,-0.00170357782672999,0.0,0.0,0.0,0.0545677798354231,2.0,1.0,0.0289730330703001,249.6,0.0,0.0
210,290.8,0.026415142387578,0.026415142387578,-0.0251164444444444,0.0,0.0,0.0,-3999999.99999972,-3999999.99999972,-17332200.4405698,0.0,0.0,0.0,0.00014811667890474,0.00014811667890474,-0.00170357782672999,0.0,0.0,0.0,0.0548468086457504,2.0,1.0,0.0291211847996459,250.8,0.0,0.0
211,292.0,0.0265487738078064,0.0265487738078064,-0.0252355555555556,0.0,0.0,0.0,-4000000.0,-4000000.0,-17332200.4405704,0.0,0.0,0.0,0.000148116678904734,0.000148116678904734,-0.00170357782673005,0.0,0.0,0.0,0.0551258374560777,2.0,1.0,0.0292693365289917,252.0,0.0,0.0
212,293.2,0.0266824052280349,0.0266824052280349,-0.0253546666666667,0.0,0.0,0.0,-3999999.99999971,-3999999.99999971,-17332200.4405698,0.0,0.0,0.0,0.00014811667890474,0.00014811667890474,-0.00170357782672999,0.0,0.0,0.0,0.0554048662664051,2.0,1.0,0.0294174882583376,253.2,0.0,0.0
213,294.4,0.0268160366482633,0.0268160366482633,-0.0254737777777778,0.0,0.0,0.0,-4000000.0,-4000000.0,-17332200.4405704,0.0,0.0,0.0,0.000148116678904734,0.000148116678904734,-0.00170357782673005,0.0,0.0,0.0,0.0556838950767323,2.0,1.0,0.0295656399876834,254.4,0.0,0.0
214,295.6,0.0269496680684918,0.0269496680684918,-0.0255928888888889,0.0,0.0,0.0,-3999999.99999972,-3999999.99999972,-17332200.4405698,0.0,0.0,0.0,0.00014811667890474,0.00014811667890474,-0.00170357782672999,0.0,0.0,0.0,0.0559629238870598,2.0,1.0,0.0297137917170293,255.6,0.0,0.0
215,296.8,0.0270832994887202,0.0270832994887202,-0.025712,0.0,0.0,0.0,-4000000.00000001,-4000000.00000001,-17332200.4405704,0.0,0.0,0.0,0.000148116678904734,0.000148116678904734,-0.00170357782673005,0.0,0.0,0.0,0.0562419526973871,2.0,1.0,0.0298619434463751,256.8,0.0,0.0
216,298.0,0.0272169309089487,0.0272169309089487,-0.0258311111111111,0.0,0.0,0.0,-3999999.99999971,-3999999.99999971,-17332200.4405698,0.0,0.0,0.0,0.00014811667890474,0.00014811667890474,-0.00170357782672999,0.0,0.0,0.0,0.0565209815077145,2.0,1.0,0.030010095175721,258.0,0.0,0.0
217,299.2,0.0273505623291771,0.0273505623291771,-0.0259502222222222,0.0,0.0,0.0,-3999999.99999999,-3999999.99999999,-17332200.4405704,0.0,0.0,0.0,0.000148116678904734,0.000148116678904734,-0.00170357782673005,0.0,0.0,0.0,0.0568000103180418,2.0,1.0,0.0301582469050668,259.2,0.0,0.0
218,300.4,0.0274841937494055,0.0274841937494055,-0.0260693333333333,0.0,0.0,0.0,-4000000.0,-4000000.0,-17332200.4405704,0.0,0.0,0.0,0.000148116678904734,0.000148116678904734,-0.00170357782673005,0.0,0.0,0.0,0.0570790391283691,2.0,1.0,0.0303063986344126,260.4,0.0,0.0
219,301.6,0.027617825169634,0.027617825169634,-0.0261884444444444,0.0,0.0,0.0,-4000000.0,-4000000.0,-17332200.4405704,0.0,0.0,0.0,0.000148116678904734,0.000148116678904734,-0.00170357782673005,0.0,0.0,0.0,0.0573580679386965,2.0,1.0,0.0304545503637584,261.6,0.0,0.0
220,302.8,0.0277514565898625,0.0277514565898625,-0.0263075555555556,0.0,0.0,0.0,-3999999.99999972,-3999999.99999972,-17332200.4405698,0.0,0.0,0.0,0.00014811667890474,0.00014811667890474,-0.00170357782672999,0.0,0.0,0.0,0.0576370967490239,2.0,1.0,0.0306027020931043,262.8,0.0,0.0
221,304.0,0.0278850880100909,0.0278850880100909,-0.0264266666666667,0.0,0.0,0.0,-4000000.00000001,-4000000.00000001,-17332200.4405704,0.0,0.0,0.0,0.000148116678904734,0.000148116678904734,-0.00170357782673005,0.0,0.0,0.0,0.0579161255593512,2.0,1.0,0.0307508538224501,264.0,0.0,0.0
222,305.2,0.0280187194303194,0.0280187194303194,-0.0265457777777778,0.0,0.0,0.0,-3999999.99999971,-3999999.99999971,-17332200.4405698,0.0,0.0,0.0,0.00014811667890474,0.00014811667890474,-0.00170357782672999,0.0,0.0,0.0,0.0581951543696786,2.0,1.0,0.030899005551796,265.2,0.0,0.0
223,306.4,0.0281523508505478,0.0281523508505478,-0.0266648888888889,0.0,0.0,0.0,-3999999.99999972,-3999999.99999972,-17332200.4405698,0.0,0.0,0.0,0.00014811667890474,0.00014811667890474,-0.00170357782672999,0.0,0.0,0.0,0.058474183180006,2.0,1.0,0.0310471572811418,266.4,0.0,0.0
224,307.6,0.0282859822707762,0.0282859822707762,-0.026784,0.0,0.0,0.0,-4000000.00000001,-4000000.00000001,-17332200.4405704,0.0,0.0,0.0,0.000148116678904734,0.000148116678904734,-0.00170357782673005,0.0,0.0,0.0,0.0587532119903332,2.0,1.0,0.0311953090104876,267.6,0.0,0.0
225,308.8,0.0284196136910047,0.0284196136910047,-0.0269031111111111,0.0,0.0,0.0,-3999999.99999971,-3999999.99999971,-17332200.4405698,0.0,0.0,0.0,0.00014811667890474,0.00014811667890474,-0.00170357782672999,0.0,0.0,0.0,0.0590322408006607,2.0,1.0,0.0313434607398335,268.8,0.0,0.0
226,310.0,0.0285532451112331,0.0285532451112331,-0.0270222222222222,0.0,0.0,0.0,-4000000.0,-4000000.0,-17332200.4405704,0.0,0.0,0.0,0.000148116678904734,0.000148116678904734,-0.00170357782673005,0.0,0.0,0.0,0.0593112696109879,2.0,1.0,0.0314916124691793,270.0,0.0,0.0
227,311.2,0.0286868765314616,0.0286868765314616,-0.0271413333333333,0.0,0.0,0.0,-4000000.0,-4000000.0,-17332200.4405704,0.0,0.0,0.0,0.000148116678904734,0.000148116678904734,-0.00170357782673005,0.0,0.0,0.0,0.0595902984213153,2.0,1.0,0.0316397641985251,271.2,0.0,0.0
228,312.4,0.02882050795169,0.02882050795169,-0.0272604444444444,0.0,0.0,0.0,-3999999.99999971,-3999999.99999971,-17332200.4405698,0.0,0.0,0.0,0.00014811667890474,0.00014811667890474,-0.00170357782672999,0.0,0.0,0.0,0.0598693272316427,2.0,1.0,0.031787915927871,272.4,0.0,0.0
229,313.6,0.0289541393719184,0.0289541393719184,-0.0273795555555556,0.0,0.0,0.0,-4000000.0,-4000000.0,-17332200.4405704,0.0,0.0,0.0,0.000148116678904734,0.000148116678904734,-0.00170357782673005,0.0,0.0,0.0,0.06014835604197,2.0,1.0,0.0319360676572168,273.6,0.0,0.0
230,314.8,0.0290877707921469,0.0290877707921469,-0.0274986666666667,0.0,0.0,0.0,-4000000.0,-4000000.0,-17332200.4405704,0.0,0.0,0.0,0.000148116678904734,0.000148116678904734,-0.00170357782673005,0.0,0.0,0.0,0.0604273848522973,2.0,1.0,0.0320842193865626,274.8,0.0,0.0
231,316.0,0.0292214022123754,0.0292214022123754,-0.0276177777777778,0.0,0.0,0.0,-4000000.0,-4000000.0,-17332200.4405704,0.0,0.0,0.0,0.000148116678904734,0.000148116678904734,-0.00170357782673005,0.0,0.0,0.0,0.0607064136626247,2.0,1.0,0.0322323711159085,276.0,0.0,0.0
232,317.2,0.0293550336326039,0.0293550336326039,-0.0277368888888889,0.0,0.0,0.0,-4000000.0,-4000000.0,-17332200.4405704,0.0,0.0,0.0,0.000148116678904734,0.000148116678904734,-0.00170357782673005,0.0,0.0,0.0,0.060985442472952,2.0,1.0,0.0323805228452543,277.2,0.0,0.0
233,318.4,0.0294886650528323,0.0294886650528323,-0.027856,0.0,0.0,0.0,-3999999.99999972,-3999999.99999972,-17332200.4405698,0.0,0.0,0.0,0.00014811667890474,0.00014811667890474,-0.00170357782672999,0.0,0.0,0.0,0.0612644712832795,2.0,1.0,0.0325286745746002,278.4,0.0,0.0
234,319.6,0.0296222964730607,0.0296222964730607,-0.0279751111111111,0.0,0.0,0.0,-4000000.00000001,-4000000.00000001,-17332200.4405704,0.0,0.0,0.0,0.000148116678904734,0.000148116678904734,-0.00170357782673005,0.0,0.0,0.0,0.0615435000936067,2.0,1.0,0.032676826303946,279.6,0.0,0.0
235,320.8,0.0297559278932892,0.0297559278932892,-0.0280942222222222,0.0,0.0,0.0,-3999999.99999971,-3999999.99999971,-17332200.4405698,0.0,0.0,0.0,0.00014811667890474,0.00014811667890474,-0.00170357782672999,0.0,0.0,0.0,0.0618225289039342,2.0,1.0,0.0328249780332919,280.8,0.0,0.0
236,322.0,0.0298895593135176,0.0298895593135176,-0.0282133333333333,0.0,0.0,0.0,-3999999.99999972,-3999999.99999972,-17332200.4405698,0.0,0.0,0.0,0.00014811667890474,0.00014811667890474,-0.00170357782672999,0.0,0.0,0.0,0.0621015577142616,2.0,1.0,0.0329731297626377,282.0,0.0,0.0
237,323.2,0.030023190733746,0.030023190733746,-0.0283324444444444,0.0,0.0,0.0,-3999999.99999971,-3999999.99999971,-17332200.4405698,0.0,0.0,0.0,0.00014811667890474,0.00014811667890474,-0.00170357782672999,0.0,0.0,0.0,0.0623805865245889,2.0,1.0,0.0331212814919836,283.2,0.0,0.0
238,324.4,0.0301568221539744,0.0301568221539744,-0.0284515555555556,0.0,0.0,0.0,-4000000.0,-4000000.0,-17332200.4405704,0.0,0.0,0.0,0.000148116678904734,0.000148116678904734,-0.00170357782673005,0.0,0.0,0.0,0.0626596153349161,2.0,1.0,0.0332694332213293,284.4,0.0,0.0
239,325.6,0.0302904535742029,0.0302904535742029,-0.0285706666666667,0.0,0.0,0.0,-3999999.99999972,-3999999.99999972,-17332200.4405698,0.0,0.0,0.0,0.00014811667890474,0.00014811667890474,-0.00170357782672999,0.0,0.0,0.0,0.0629386441452436,2.0,1.0,0.0334175849506752,285.6,0.0,0.0
240,326.8,0.0304240849944313,0.0304240849944313,-0.0286897777777778,0.0,0.0,0.0,-4000000.0,-4000000.0,-17332200.4405704,0.0,0.0,0.0,0.000148116678904734,0.000148116678904734,-0.00170357782673005,0.0,0.0,0.0,0.0632176729555709,2.0,1.0,0.033565736680021,286.8,0.0,0.0
241,328.0,0.0305577164146598,0.0305577164146598,-0.0288088888888889,0.0,0.0,0.0,-3999999.99999971,-3999999.99999971,-17332200.4405698,0.0,0.0,0.0,0.00014811667890474,0.00014811667890474,-0.00170357782672999,0.0,0.0,0.0,0.0634967017658983,2.0,1.0,0.0337138884093669,288.0,0.0,0.0
242,329.2,0.0306913478348882,0.0306913478348882,-0.028928,0.0,0.0,0.0,-4000000.0,-4000000.0,-17332200.4405704,0.0,0.0,0.0,0.000148116678904734,0.000148116678904734,-0.00170357782673005,0.0,0.0,0.0,0.0637757305762256,2.0,1.0,0.0338620401387127,289.2,0.0,0.0
243,330.4,0.0308249792551167,0.0308249792551167,-0.0290471111111111,0.0,0.0,0.0,-3999999.99999972,-3999999.99999972,-17332200.4405698,0.0,0.0,0.0,0.00014811667890474,0.00014811667890474,-0.00170357782672999,0.0,0.0,0.0,0.064054759386553,2.0,1.0,0.0340101918680586,290.4,0.0,0.0
244,331.6,0.0309586106753451,0.0309586106753451,-0.0291662222222222,0.0,0.0,0.0,-4000000.0,-4000000.0,-17332200.4405704,0.0,0.0,0.0,0.000148116678904734,0.000148116678904734,-0.00170357782673005,0.0,0.0,0.0,0.0643337881968803,2.0,1.0,0.0341583435974043,291.6,0.0,0.0
245,332.8,0.0310922420955735,0.0310922420955735,-0.0292853333333333,0.0,0.0,0.0,-4000000.0,-4000000.0,-17332200.4405704,0.0,0.0,0.0,0.000148116678904734,0.000148116678904734,-0.00170357782673005,0.0,0.0,0.0,0.0646128170072076,2.0,1.0,0.0343064953267502,292.8,0.0,0.0
246,334.0,0.031225873515802,0.031225873515802,-0.0294044444444444,0.0,0.0,0.0,-3999999.99999972,-3999999.99999972,-17332200.4405698,0.0,0.0,0.0,0.00014811667890474,0.00014811667890474,-0.00170357782672999,0.0,0.0,0.0,0.0648918458175351,2.0,1.0,0.0344546470560961,294.0,0.0,0.0
247,335.2,0.0313595049360304,0.0313595049360304,-0.0295235555555556,0.0,0.0,0.0,-4000000.0,-4000000.0,-17332200.4405704,0.0,0.0,0.0,0.000148116678904734,0.000148116678904734,-0.00170357782673005,0.0,0.0,0.0,0.0651708746278623,2.0,1.0,0.0346027987854419,295.2,0.0,0.0
248,336.4,0.0314931363562589,0.0314931363562589,-0.0296426666666667,0.0,0.0,0.0,-3999999.99999972,-3999999.99999972,-17332200.4405698,0.0,0.0,0.0,0.00014811667890474,0.00014811667890474,-0.00170357782672999,0.0,0.0,0.0,0.0654499034381898,2.0,1.0,0.0347509505147878,296.4,0.0,0.0
249,337.6,0.0316267677764873,0.0316267677764873,-0.0297617777777778,0.0,0.0,0.0,-4000000.0,-4000000.0,-17332200.4405704,0.0,0.0,0.0,0.000148116678904734,0.000148116678904734,-0.00170357782673005,0.0,0.0,0.0,0.065728932248517,2.0,1.0,0.0348991022441335,297.6,0.0,0.0
250,338.8,0.0317603991967158,0.0317603991967158,-0.0298808888888889,0.0,0.0,0.0,-3999999.99999999,-3999999.99999999,-17332200.4405704,0.0,0.0,0.0,0.000148116678904734,0.000148116678904734,-0.00170357782673005,0.0,0.0,0.0,0.0660079610588444,2.0,1.0,0.0350472539734794,298.8,0.0,0.0
251,340.0,0.0318940306169442,0.0318940306169442,-0.03,0.0,0.0,0.0,-3999999.99999972,-3999999.99999972,-17332200.4405698,0.0,0.0,0.0,0.00014811667890474,0.00014811667890474,-0.00170357782672999,0.0,0.0,0.0,0.0662869898691719,2.0,1.0,0.0351954057028253,300.0,0.0,0.0
